mtllib IceArchway.mtl
o tripo_node_95e85870-00e8-493e-8590-fbc0d329fdfc
g tripo_node_95e85870-00e8-493e-8590-fbc0d329fdfc
usemtl tripo_material_95e85870_00e8_493e_8590_fbc0d329fdfc
v 0.092781059 0.046142519 -0.427947998
vt 0.960205078 0.565185547
vn 0.694205761 0.520654380 -0.496988356
v 0.109527573 0.010620058 -0.471649170
vt 0.963134766 0.589111328
vn 0.519041836 -0.770698428 0.369620651
v 0.106826767 0.022796571 -0.478912354
vt 0.957275391 0.588623047
vn -0.000000128 0.654030085 -0.756468594
v 0.078247063 0.036621034 -0.410095215
vt 0.968505859 0.559326172
vn 0.118641138 -0.917490721 0.379651338
v 0.049861897 0.037170351 -0.448730469
vt 0.940429688 0.567626953
vn -0.330801100 0.519830048 -0.787621319
v 0.094993591 0.054656923 -0.383544922
vt 0.958251953 0.832519531
vn 0.951311946 -0.306621164 -0.031448439
v 0.117996208 0.019836366 -0.433776855
vt 0.978271484 0.848388672
vn 0.047086783 -0.980973184 0.188346907
v 0.120147698 0.033538759 -0.436523438
vt 0.973144531 0.852050781
vn 0.693407953 0.701287687 -0.165472478
vt 0.960693359 0.850341797
v 0.069629654 0.019958436 -0.450347900
vt 0.621337891 0.741210938
vn -0.329983145 -0.942809105 -0.047140367
vt 0.602539062 0.749023438
vt 0.601562500 0.742187500
vt 0.627197266 0.722656250
vt 0.631835938 0.746337891
v 0.059963219 0.028350770 -0.437591553
vt 0.628906250 0.737792969
vn -0.047138941 -0.989919007 0.133560538
v 0.065223694 0.038299501 -0.398864746
vt 0.637451172 0.714111328
vn 0.023648409 -0.788281858 -0.614859760
v 0.037271492 0.025268495 -0.425903320
vt 0.639648438 0.738281250
vn -0.220233604 -0.975320399 0.015731046
v 0.028047556 0.050292909 -0.414184570
vt 0.650634766 0.747314453
vn -0.070682459 0.125657424 -0.989552617
v 0.056697838 0.066192567 -0.417510986
vt 0.644775391 0.757812500
vn -0.473513812 0.710270584 -0.520865083
v 0.035749435 0.045379579 -0.390014648
vt 0.646728516 0.726562500
vn 0.322824657 -0.944852650 -0.055116400
v 0.021869656 0.024108827 -0.411010742
vt 0.651367188 0.737548828
vn 0.251656651 -0.880798340 -0.401077807
v 0.015602100 0.055847108 -0.460937500
vt 0.670166016 0.755126953
vn 0.394976199 -0.829450130 -0.394976258
v 0.011122222 0.038879335 -0.407196045
vt 0.657714844 0.736328125
vn -0.244079456 -0.716491103 -0.653502762
v 0.026390074 0.019256532 -0.389373779
vt 0.655517578 0.724609375
vn 0.023677105 -0.733992040 -0.678745210
v 0.029193878 0.003662050 -0.387268066
vt 0.657470703 0.717285156
vn -0.549209654 -0.761047721 -0.345217437
v 0.064685822 0.000366151 -0.402130127
vt 0.642822266 0.705566406
vn 0.580825508 -0.518033624 -0.627919555
v 0.070121758 0.068084657 -0.429260254
vt 0.646484375 0.827392578
vn 0.126234815 0.631174743 -0.765299439
vt 0.648437500 0.840332031
vt 0.628906250 0.830810547
vt 0.645019531 0.819580078
v 0.082511894 0.079986513 -0.407836914
vt 0.657714844 0.823974609
vn 0.385480195 0.715892136 -0.582154155
v 0.064590447 0.092956483 -0.397155762
vt 0.659912109 0.812988281
vn -0.472309321 0.259769976 -0.842284679
v 0.102233887 0.100036561 -0.361083984
vt 0.677734375 0.827148438
vn 0.729911387 0.565092742 -0.384577096
v 0.105819702 0.082519472 -0.355041504
vt 0.681152344 0.834228516
vn 0.896610022 0.369655073 -0.243815169
v 0.094512939 0.099975526 -0.346649170
vt 0.686767578 0.827636719
vn 0.716624439 0.299249798 0.629999280
v 0.092262268 0.074615449 -0.336486816
vt 0.692138672 0.836425781
vn -0.015702762 0.683072984 0.730181396
v 0.073593140 0.128906190 -0.348541260
vt 0.685302734 0.817138672
vn 0.942663610 0.298510194 -0.149255216
v 0.076965332 0.096984804 -0.379791260
vt 0.669189453 0.814941406
vn 0.828984678 0.371069342 -0.418440044
v 0.069274895 0.135711610 -0.397308379
vt 0.666015625 0.795654297
vn 0.884085000 0.126297891 -0.449936271
v 0.060729973 0.141967714 -0.386505157
vt 0.669921875 0.792480469
vn 0.323638141 0.410468042 -0.852510691
v 0.049549092 0.148071229 -0.411010772
vt 0.661865234 0.786132812
vn -0.276096106 -0.339203686 -0.899284124
vt 0.748779297 0.060546875
vt 0.753173828 0.051025391
vt 0.767089844 0.054199219
vt 0.765869141 0.048339844
vt 0.751708984 0.074951172
v 0.075698853 0.045532167 -0.379058838
vt 0.741699219 0.071289062
vn 0.616470754 -0.458401352 -0.640181243
vt 0.742187500 0.062011719
v 0.128990173 0.044860780 -0.394104034
vt 0.805908203 0.740234375
vn 0.835760534 0.512494743 -0.197113469
v 0.147819519 0.022491395 -0.413330108
vt 0.814208984 0.735107422
vn 0.527739048 -0.803423584 -0.275684595
v 0.118988037 0.038818300 -0.395477295
vt 0.823242188 0.739501953
vn -0.692162931 0.204502568 -0.692162693
v 0.123016357 0.037078798 -0.382873565
vt 0.814453125 0.720214844
vn 0.125832289 -0.896554470 0.424683690
v 0.124839783 0.048675478 -0.360595733
vt 0.809082031 0.708740234
vn 0.597555161 -0.597555220 -0.534654737
v 0.103569031 0.053131044 -0.354431152
vt 0.812988281 0.692626953
vn 0.587986708 -0.807501674 -0.047038976
vt 0.821533203 0.691650391
v 0.165748596 0.029540956 -0.355072051
vt 0.776123047 0.856201172
vn 0.545169234 -0.608377397 -0.576773405
v 0.129844666 0.038940370 -0.345489532
vt 0.777832031 0.871337891
vn -0.078810960 -0.945732594 0.315244198
vt 0.770019531 0.871337891
v 0.140617371 0.052673280 -0.349792510
vt 0.784179688 0.867187500
vn 0.842049956 0.495786488 -0.212480038
v 0.141441345 0.052886933 -0.325103790
vt 0.789306641 0.875976562
vn 0.843042612 -0.047273353 0.535765231
v 0.106307991 0.052215546 -0.335540771
vt 0.775878906 0.883789062
vn -0.157749474 -0.985934496 0.055212401
vt 0.767578125 0.880615234
v 0.117256172 0.049682587 -0.310058594
vt 0.789550781 0.889160156
vn 0.726665735 0.229057714 0.647680163
v 0.116561897 0.076324433 -0.328918457
vt 0.797363281 0.882324219
vn 0.173056826 0.794487953 0.582100034
v 0.093223579 0.050994843 -0.325042725
vt 0.774658203 0.890136719
vn 0.423793465 -0.800498843 -0.423793525
v 0.079666138 0.050933778 -0.349273682
vt 0.762695312 0.889160156
vn 0.707609355 -0.518913388 0.479601800
v 0.070091255 0.016906708 -0.318389893
vt 0.767089844 0.906005859
vn 0.732419789 -0.590661049 0.338645607
v 0.091941841 0.036895722 -0.306732178
vt 0.777343750 0.899902344
vn -0.637143731 -0.188783363 0.747267544
v 0.116912849 0.027801484 -0.294982910
vt 0.788574219 0.898437500
vn 0.368652940 -0.831430137 -0.415715098
v 0.111030594 0.033355683 -0.273925781
vt 0.796386719 0.906494141
vn -0.197328046 0.591984451 0.781419396
vt 0.266357422 0.081054688
vt 0.260498047 0.094482422
v 0.116630554 0.080230653 -0.348785400
vt 0.255371094 0.071777344
vn 0.651025414 0.698087573 -0.298059970
vt 0.254638672 0.096679688
vt 0.270019531 0.074218750
vt 0.283935547 0.074951172
vt 0.267578125 0.063720703
vt 0.250244141 0.072265625
vt 0.253906250 0.063232422
vt 0.244873047 0.063476562
vt 0.138427734 0.546386719
v 0.093292236 0.009735048 -0.379608154
vt 0.136474609 0.536865234
vn 0.534439862 -0.330095261 -0.778081775
v 0.074668884 0.006896913 -0.364074707
vt 0.150146484 0.529052734
vn 0.360898197 -0.917936563 0.164757833
vt 0.121337891 0.544921875
vt 0.141357422 0.552734375
vt 0.156005859 0.545410156
vt 0.171630859 0.534667969
v 0.036857605 0.007781923 -0.362243652
vt 0.167236328 0.524414062
vn -0.559714794 -0.811980724 0.165549576
vt 0.119384766 0.533691406
vt 0.111572266 0.537597656
vt 0.110595703 0.560791016
v 0.099525452 0.009399354 -0.358947754
vt 0.135742188 0.530761719
vn 0.434135526 -0.434135348 0.789336979
vt 0.129150391 0.518310547
vt 0.144775391 0.504638672
v 0.032321937 0.011810273 -0.337066650
vt 0.164794922 0.510742188
vn -0.478950918 -0.863682091 0.157033205
v 0.031805038 0.036956728 -0.362091064
vt 0.178955078 0.517333984
vn -0.921688497 -0.338740259 0.189064458
v 0.048389442 0.015014619 -0.323516846
vt 0.155517578 0.505371094
vn -0.031578325 -0.971035779 0.236838043
v 0.047126777 0.016906708 -0.309844971
vt 0.154785156 0.498779297
vn -0.387366802 -0.094865344 0.917031944
v 0.065971382 0.046050996 -0.307830811
vt 0.144775391 0.491455078
vn 0.227698132 0.015703361 0.973605156
v 0.040737160 0.021728486 -0.319915771
vt 0.157714844 0.500000000
vn 0.478877306 -0.408223093 0.777194023
v 0.029451376 0.022186249 -0.330505371
vt 0.168701172 0.506591797
vn -0.906580448 -0.354748905 -0.228615806
v 0.030464174 0.062622011 -0.343017578
vt 0.186767578 0.504882812
vn -0.972646236 -0.047063559 0.227473855
v 0.021300320 0.018402040 -0.358764648
vt 0.188232422 0.517089844
vn 0.354221046 -0.653340816 0.669083893
v 0.019821174 0.020385712 -0.325836182
vt 0.170410156 0.501708984
vn -0.251353830 -0.219934553 -0.942576349
v 0.032056816 0.021484345 -0.310821533
vt 0.163085938 0.498046875
vn 0.424565673 -0.833406508 0.353804618
v 0.033010490 0.056884736 -0.301727295
vt 0.161132812 0.485839844
vn 0.678090990 -0.118271619 0.725399554
v -0.007030480 0.019348115 -0.323120117
vt 0.177001953 0.496826172
vn 0.149694413 -0.646049976 -0.748472452
v 0.021990787 0.021972626 -0.298278809
vt 0.167724609 0.491699219
vn 0.813042581 -0.568340302 0.126297787
vt 0.992187500 0.106933594
vt 0.992187500 0.130126953
vt 0.984863281 0.111572266
v 0.000283712 0.060272157 -0.412048340
vt 0.738525391 0.185058594
vn -0.347807229 0.094856434 -0.932755351
vt 0.729736328 0.179199219
vt 0.739257812 0.177001953
v 0.029970165 0.057556093 -0.399383545
vt 0.724609375 0.184814453
vn 0.401350826 0.275436908 -0.873528600
vt 0.717285156 0.174804688
v 0.003657333 0.109100282 -0.410675049
vt 0.735595703 0.207275391
vn -0.260977745 0.031633597 -0.964826345
v 0.032150261 0.132720888 -0.407348663
vt 0.721435547 0.215332031
vn 0.761892259 0.157091215 -0.628364980
v -0.012529381 0.147216737 -0.395660430
vt 0.740234375 0.223144531
vn -0.827361941 0.315185398 -0.464898407
v 0.044815060 0.079193056 -0.383880615
vt 0.708496094 0.185546875
vn -0.678027809 0.283825487 -0.678027630
vt 0.704589844 0.174560547
vt 0.688476562 0.166015625
v 0.033514023 0.078399599 -0.374176025
vt 0.712402344 0.192138672
vn 0.897415221 0.118080981 -0.425091565
v 0.042034145 0.145690858 -0.367248565
vt 0.697753906 0.214355469
vn -0.631115973 0.063111514 -0.773116827
v 0.030847544 0.161285341 -0.365814239
vt 0.701416016 0.223876953
vn 0.630488217 0.378293008 -0.677775025
v -0.001194956 0.019531190 -0.394409180
vt 0.954589844 0.365234375
vn -0.456862867 -0.850710213 -0.259939134
vt 0.960937500 0.355712891
vt 0.971679688 0.364013672
v 0.006529276 0.014221132 -0.345916748
vt 0.974121094 0.372070312
vn -0.260611057 -0.386968106 0.884498596
vt 0.948242188 0.358398438
vt 0.974365234 0.355468750
vt 0.961669922 0.348388672
vt 0.971679688 0.343994141
vt 0.033203125 0.986328125
vt 0.013671875 0.985839844
v 0.073455803 0.167083681 -0.376373321
vt 0.006591797 0.975830078
vn 0.810094893 0.070785008 -0.582010150
v 0.075897209 0.159728944 -0.360656768
vt 0.011718750 0.970703125
vn 0.990898132 0.015728589 0.133692458
vt 0.025146484 0.969970703
vt 0.336914062 0.180664062
v 0.018599510 0.105377138 -0.350189209
vt 0.332031250 0.195556641
vn -0.015741557 -0.023612490 0.999597251
vt 0.318847656 0.167724609
v 0.028184889 0.154205263 -0.347900420
vt 0.338623047 0.210937500
vn -0.699120462 0.015710576 0.714831293
v 0.033226013 0.108154267 -0.331268311
vt 0.349365234 0.196289062
vn -0.975622177 0.055075392 -0.212433711
v 0.023443226 0.087402314 -0.329101562
vt 0.352539062 0.187744141
vn -0.149894804 0.071002677 -0.986149132
v 0.027566910 0.177886933 -0.318542510
vt 0.352783203 0.229736328
vn -0.449237049 0.070932083 -0.890592456
vt 0.328613281 0.167236328
v -0.001406666 0.084350556 -0.330902100
vt 0.353515625 0.177246094
vn -0.062865712 -0.007858244 -0.997991085
v 0.006829024 0.171508759 -0.323394805
vt 0.390869141 0.168701172
vn 0.117847368 0.078564964 -0.989919007
v 0.043735493 0.164672792 -0.400390655
vt 0.487548828 0.031738281
vn -0.884940028 -0.118518785 0.450371414
vt 0.480712891 0.036376953
vt 0.457275391 0.032226562
vt 0.714843750 0.643554688
vt 0.708251953 0.654541016
vt 0.708251953 0.624267578
v 0.040977463 0.233428910 -0.418365508
vt 0.709960938 0.683105469
vn 0.368517011 0.595899820 0.713511467
v 0.045989983 0.179778993 -0.376190215
vt 0.211181641 0.670898438
vn -0.644611180 0.055027712 -0.762527645
vt 0.196777344 0.675048828
vt 0.175781250 0.665771484
v 0.057895653 0.197112978 -0.380615264
vt 0.216552734 0.677978516
vn -0.007900647 0.094806105 -0.995464504
vt 0.204589844 0.684814453
v 0.051109303 0.264404237 -0.371582061
vt 0.240478516 0.675048828
vn -0.401226819 0.078671850 -0.912594020
v 0.034917824 0.220275819 -0.363678008
vt 0.226074219 0.663818359
vn -0.706561923 0.039253373 -0.706561685
v 0.064716324 0.245834306 -0.374572784
vt 0.233398438 0.682617188
vn 0.552604675 0.086837888 -0.828907311
v 0.074913017 0.270385683 -0.355773956
vt 0.240478516 0.693115234
vn 0.777577460 -0.416278899 -0.471259177
vt 0.202636719 0.692382812
vt 0.721923828 0.415527344
vt 0.727783203 0.402587891
vt 0.724853516 0.443115234
vt 0.723388672 0.385253906
v 0.098426804 0.204955995 -0.404815704
vt 0.106201172 0.064208984
vn -0.291293323 -0.740042806 0.606205404
v 0.115753159 0.187591493 -0.434845001
vt 0.121826172 0.064208984
vn -0.565249562 0.117760256 -0.816471398
v 0.120201096 0.197174013 -0.421051055
vt 0.116455078 0.068847656
vn 0.889212728 0.299027324 0.346241981
v 0.078544609 0.242660478 -0.385650665
vt 0.087890625 0.069091797
vn -0.110018261 0.832994640 -0.542232394
v 0.068840027 0.212707460 -0.349121124
vt 0.737060547 0.068603516
vn 0.984374106 0.031500023 0.173249722
vt 0.711914062 0.073242188
vt 0.719482422 0.063476562
v 0.075462341 0.147003144 -0.335144073
vt 0.718505859 0.080566406
vn 0.956051409 0.071111314 0.284444898
vt 0.701416016 0.076660156
vt 0.984130859 0.616210938
vt 0.983398438 0.638183594
vt 0.975097656 0.639648438
vt 0.973144531 0.626464844
v 0.063617691 0.243484452 -0.402160674
vt 0.052978516 0.286376953
vn 0.942925453 -0.110007942 -0.314308614
v 0.057804100 0.196929872 -0.380859405
vt 0.043701172 0.308837891
vn -0.605754852 -0.770960748 0.196673766
v 0.053493485 0.243942216 -0.402160674
vt 0.049072266 0.285888672
vn -0.511161804 -0.463977635 -0.723490417
v 0.058242783 0.278137147 -0.413696319
vt 0.042724609 0.270751953
vn -0.000000136 0.157990456 -0.987440705
v 0.063495621 0.239318803 -0.389373809
vt 0.054931641 0.291748047
vn -0.321987271 -0.887428582 0.329840750
v 0.053005204 0.272125185 -0.394897491
vt 0.067382812 0.283691406
vn 0.739859402 0.590313435 0.322704494
v 0.049316395 0.257827699 -0.389984161
vt 0.060546875 0.296142578
vn -0.307372510 -0.496524990 0.811779022
vt 0.924560547 0.238525391
vt 0.925781250 0.276855469
vt 0.918945312 0.256835938
v 0.067974083 0.275588930 -0.338806182
vt 0.917480469 0.279052734
vn 0.709828794 -0.394349188 0.583636820
v 0.068679810 0.223724321 -0.328247100
vt 0.909667969 0.261474609
vn 0.962541640 0.039448474 0.268249154
v 0.067474365 0.258422792 -0.326843292
vt 0.910644531 0.275146484
vn 0.774637163 -0.007904398 0.632356644
v 0.063426971 0.240020707 -0.320709258
vt 0.907958984 0.267578125
vn 0.363163054 0.015789749 0.931591809
vt 0.394287109 0.968261719
v 0.015284530 0.153015077 -0.396545440
vt 0.405273438 0.963378906
vn 0.102172241 0.848816454 -0.518721163
vt 0.414550781 0.970703125
v 0.002510066 0.163482606 -0.365875274
vt 0.396484375 0.952636719
vn -0.189111412 0.291546524 -0.937676728
v -0.003653529 0.143554628 -0.357452422
vt 0.385986328 0.954589844
vn -0.998762369 0.047185577 0.015728669
v 0.019190785 0.163330019 -0.358001739
vt 0.403320312 0.947753906
vn 0.755624354 0.228261545 -0.613945007
vt 0.409667969 0.948242188
v 0.028503414 0.196533144 -0.351165801
vt 0.407714844 0.933349609
vn -0.997467637 0.070686631 0.007854204
v 0.015710827 0.171295106 -0.347503692
vt 0.401367188 0.942138672
vn 0.330309689 -0.015728971 0.943741620
vt 0.413330078 0.925292969
vt 0.414306641 0.951416016
vt 0.744384766 0.041748047
vt 0.747070312 0.048828125
v 0.037757859 0.205749452 -0.431579620
vt 0.732177734 0.060791016
vn 0.662321270 0.015769552 -0.749054015
vt 0.741455078 0.031494141
vt 0.733154297 0.031005859
vt 0.685302734 0.569091797
v 0.025169358 0.211028993 -0.425720245
vt 0.679687500 0.589599609
vn -0.978595018 0.015783757 0.205189407
vt 0.673339844 0.591064453
vt 0.686767578 0.597167969
vt 0.649169922 0.617919922
vt 0.740966797 0.515136719
vt 0.734130859 0.516357422
v 0.019460669 0.319686830 -0.350128204
vt 0.762695312 0.473144531
vn 0.997467637 -0.007854030 0.070686541
v 0.014383310 0.236221269 -0.344055206
vt 0.754150391 0.499267578
vn 0.517953932 0.000000060 0.855408609
v 0.006556983 0.245605424 -0.342163116
vt 0.759277344 0.499511719
vn -0.070680007 -0.015706660 0.997375369
v 0.078262337 0.059112519 -0.319976807
vt 0.214355469 0.724853516
vn 0.497716814 0.300210148 0.813727260
vt 0.208251953 0.714599609
vt 0.226562500 0.724853516
vt 0.213134766 0.697509766
vt 0.229980469 0.707275391
vt 0.233886719 0.716552734
v 0.074203491 0.088378876 -0.337249756
vt 0.223632812 0.733642578
vn 0.698345482 0.156931609 0.698345304
vt 0.232421875 0.733398438
v 0.063621521 0.108337373 -0.316375732
vt 0.219238281 0.743896484
vn 0.543105245 0.094453134 0.834335387
vt 0.233398438 0.755126953
v 0.067840576 0.120880097 -0.324127197
vt 0.224609375 0.747558594
vn 0.843960047 0.007887537 0.536348224
v 0.106536880 0.050109833 -0.279327393
vt 0.145263672 0.462158203
vn 0.573772371 0.369415134 -0.730970442
v 0.067817703 0.088439912 -0.272949219
vt 0.134521484 0.449462891
vn 0.811778963 0.543813169 0.212796301
v 0.111404434 0.026123017 -0.270263672
vt 0.160156250 0.468261719
vn 0.495494902 -0.243815020 -0.833690047
v 0.080482498 0.057464570 -0.258666992
vt 0.154052734 0.452392578
vn 0.369655073 0.637064993 0.676389933
v 0.149528518 0.017974824 -0.243072540
vt 0.187011719 0.468750000
vn 0.678597391 0.465549439 0.568127990
v 0.053573616 0.088958710 -0.283874512
vt 0.123291016 0.462646484
vn 0.117916539 -0.070750028 -0.990499973
v 0.065612808 0.048706025 -0.280792236
vt 0.140380859 0.474853516
vn -0.417322934 -0.425196916 -0.803149521
v 0.042682659 0.080993623 -0.270629883
vt 0.121093750 0.472167969
vn -0.909097910 -0.229250818 0.347828925
v 0.033472069 0.124694794 -0.286468506
vt 0.104980469 0.458251953
vn -0.489404172 -0.860404253 0.142085195
v 0.054508220 0.094909638 -0.264801025
vt 0.112548828 0.474853516
vn -0.141281769 0.251167834 0.957577288
v 0.038787846 0.148712128 -0.296752959
vt 0.096923828 0.451416016
vn 0.920974433 -0.055100974 0.385707110
v 0.094055191 0.026214570 -0.249542266
vt 0.069091797 0.154541016
vn 0.125910237 -0.661028028 0.739721954
vt 0.074462891 0.164550781
vt 0.059082031 0.175537109
v 0.070091262 0.026367158 -0.262420654
vt 0.079589844 0.149169922
vn -0.502335608 -0.831993401 -0.235469744
vt 0.091552734 0.151123047
v 0.075157188 0.028778046 -0.228164703
vt 0.068603516 0.142333984
vn -0.244200364 -0.039387148 0.968924642
v 0.061237350 0.051940888 -0.256835938
vt 0.085693359 0.139404297
vn -0.891478837 -0.055224374 0.449684173
vt 0.035644531 0.333251953
vt 0.049072266 0.339355469
vt 0.050537109 0.361328125
vt 0.051025391 0.327880859
vt 0.035400391 0.324951172
vt 0.375000000 0.290039062
vt 0.367431641 0.297363281
vt 0.359619141 0.288085938
vt 0.368896484 0.281738281
vt 0.391601562 0.294921875
v 0.049903873 0.114746064 -0.316253662
vt 0.394287109 0.300781250
vn -0.204698935 0.070857398 0.976257026
vt 0.361816406 0.311279297
v 0.040641788 0.108825654 -0.321929932
vt 0.393066406 0.305664062
vn 0.535018682 -0.070811220 0.841867387
vt 0.365478516 0.315917969
v 0.046966556 0.134613007 -0.307189971
vt 0.404785156 0.304687500
vn 0.985903800 0.023661740 0.165631697
v 0.041236885 0.069366425 -0.305450439
vt 0.384521484 0.319580078
vn 0.981033683 -0.070634365 0.180510059
vt 0.382080078 0.326171875
vt 0.414306641 0.308593750
v 0.027318962 0.111541718 -0.289062500
vt 0.404785156 0.324462891
vn 0.975894153 -0.094441317 0.196752712
vt 0.375488281 0.340332031
v 0.030443203 0.110534638 -0.257385254
vt 0.411376953 0.335693359
vn 0.836540997 0.110486589 0.536648750
vt 0.409667969 0.324951172
v 0.032062542 0.092498749 -0.269622803
vt 0.403808594 0.335205078
vn 0.990255177 -0.039295804 -0.133605987
v 0.028799072 0.036651582 -0.254821777
vt 0.389404297 0.350830078
vn 0.884636462 -0.458115220 0.086883835
v 0.001131072 0.026519746 -0.268707275
vt 0.377685547 0.355957031
vn -0.829838574 -0.537419319 0.150161415
v 0.002708452 0.025268525 -0.247161880
vt 0.384765625 0.363037109
vn -0.401313543 -0.731807232 0.550822735
v 0.021805782 0.041839570 -0.235580459
vt 0.395019531 0.355468750
vn 0.534621716 -0.180827826 0.825518608
v 0.003007429 0.060516328 -0.232788101
vt 0.405761719 0.358642578
vn -0.102613673 0.126293957 0.986671269
v 0.030561460 0.075164765 -0.254302979
vt 0.402343750 0.343750000
vn 0.784996152 0.094199605 0.612296879
v 0.018454565 0.106689423 -0.248092666
vt 0.417236328 0.341308594
vn 0.000000118 0.220260933 0.975441039
vt 0.636962891 0.377685547
vt 0.645019531 0.414550781
vt 0.636962891 0.413574219
v -0.007571219 0.072326601 -0.348510742
vt 0.648681641 0.390380859
vn -0.545475721 -0.015810883 0.837977529
vt 0.635986328 0.350830078
vt 0.809570312 0.748291016
vt 0.802246094 0.760742188
vt 0.802246094 0.744628906
vt 0.817382812 0.752929688
vt 0.806884766 0.768066406
vt 0.815185547 0.767578125
v 0.040885933 0.154052705 -0.285553008
vt 0.803222656 0.792968750
vn 0.931098759 0.228829414 0.284063905
vt 0.819335938 0.773193359
vt 0.793945312 0.724365234
vt 0.791015625 0.774658203
vt 0.787841797 0.769287109
vt 0.788085938 0.729736328
vt 0.782714844 0.759277344
vt 0.780029297 0.733398438
vt 0.720703125 0.110595703
vt 0.731689453 0.105224609
vt 0.746337891 0.114013672
vt 0.731201172 0.092041016
v 0.027700428 0.202178925 -0.283142120
vt 0.701171875 0.116210938
vn 0.715825796 0.173056826 0.676494479
v 0.155479431 0.227828935 -0.347656310
vt 0.837158203 0.363281250
vn 0.607789457 0.631469667 -0.481495738
v 0.155616760 0.227905229 -0.335449278
vt 0.828613281 0.364990234
vn 0.457986832 -0.276371241 0.844906509
v 0.145469666 0.216430604 -0.345947325
vt 0.833007812 0.359375000
vn -0.376832992 -0.871426284 -0.314027399
v 0.132469177 0.232742265 -0.333587706
vt 0.829345703 0.350097656
vn -0.220856056 -0.315508813 0.922863364
vt 0.849121094 0.323242188
vt 0.157958984 0.872314453
vt 0.205078125 0.887451172
v 0.054153442 0.198944062 -0.317626983
vt 0.185546875 0.887695312
vn -0.299584180 0.015767623 0.953939557
vt 0.158935547 0.876953125
v 0.040817261 0.147857636 -0.324981719
vt 0.167968750 0.886474609
vn 0.512686014 0.157749563 0.843959808
vt 0.159179688 0.886474609
v 0.043216705 0.214385957 -0.326416045
vt 0.187744141 0.903320312
vn 0.039334863 -0.015733849 0.999102235
v 0.065101624 0.213287324 -0.308380157
vt 0.195068359 0.892578125
vn -0.724229932 0.653381288 0.220417872
v 0.034236908 0.200439423 -0.313476592
vt 0.178466797 0.905273438
vn 0.990499973 0.070750028 -0.117916793
v 0.042175297 0.200805634 -0.298065215
vt 0.172851562 0.909179688
vn 0.917691708 -0.324356496 0.229422808
vt 0.774169922 0.209228516
v 0.060966492 0.196929902 -0.318725616
vt 0.777099609 0.226318359
vn -0.708727360 0.590606034 0.385862708
vt 0.773437500 0.225830078
vt 0.775146484 0.233886719
vt 0.783935547 0.218017578
v 0.048351284 0.302612245 -0.319183379
vt 0.775878906 0.183837891
vn -0.433218509 -0.141780600 0.890067399
v 0.050697327 0.204925507 -0.306945831
vt 0.412841797 0.989990234
vn 0.569423556 0.806683362 0.158173099
vt 0.419433594 0.988769531
vt 0.416259766 0.996093750
vt 0.405761719 0.992187500
vt 0.459228516 0.407470703
vt 0.459472656 0.413085938
v 0.042945862 0.214355439 -0.298919708
vt 0.451171875 0.406250000
vn 0.938113749 0.070949823 0.338982135
vt 0.443359375 0.396728516
v 0.031818390 0.261428773 -0.286865264
vt 0.430664062 0.419433594
vn 0.496972919 -0.007888397 0.867730200
v 0.049427040 0.199279755 -0.272583038
vt 0.455322266 0.399414062
vn 0.718767166 0.015797140 0.695071340
vt 0.459716797 0.395019531
vt 0.464843750 0.400390625
vt 0.456054688 0.372558594
vt 0.461914062 0.366699219
vt 0.450439453 0.373779297
vt 0.453369141 0.345947266
vt 0.149658203 0.116943359
vt 0.143310547 0.124267578
vt 0.143310547 0.110595703
v 0.044406887 0.297363222 -0.302215606
vt 0.183105469 0.112304688
vn 0.988334119 -0.149034470 -0.031375807
vt 0.734375000 0.133056641
vt 0.715087891 0.117675781
v 0.033224106 0.169830292 -0.335540801
vt 0.740966797 0.126464844
vn -0.999721110 -0.000000043 0.023615589
vt 0.741943359 0.119873047
vt 0.755126953 0.124755859
vt 0.742675781 0.132812500
vt 0.732177734 0.157714844
vt 0.479003906 0.330322266
vt 0.485107422 0.296630859
vt 0.487060547 0.326416016
v 0.007390854 0.251922548 -0.320343047
vt 0.498779297 0.354492188
vn 0.805550337 0.015795115 -0.592316687
v 0.003601072 0.222900346 -0.330047637
vt 0.500244141 0.343017578
vn -0.741630495 0.015779309 -0.670623124
v 0.017457006 0.260299623 -0.312713653
vt 0.494140625 0.358398438
vn 0.031507652 0.118154153 -0.992495239
v 0.034315102 0.301910341 -0.320007354
vt 0.490478516 0.374023438
vn -0.931679070 -0.007895642 -0.363196790
vt 0.468994141 0.331787109
vt 0.997070312 0.005615234
vt 0.986328125 0.004150391
vt 0.981933594 0.000244141
v 0.012757308 0.196227998 -0.267700225
vt 0.656250000 0.343017578
vn -0.039416417 0.165549517 0.985413551
vt 0.658935547 0.307373047
vt 0.668212891 0.310546875
v -0.002582539 0.120086640 -0.257141113
vt 0.648925781 0.312744141
vn -0.582875907 0.165410757 0.795547068
vt 0.665283203 0.347900391
v -0.006880752 0.140228242 -0.270446807
vt 0.645751953 0.322265625
vn -0.386498213 0.205080777 0.899200261
v -0.017473213 0.155303925 -0.271484405
vt 0.639892578 0.325683594
vn -0.699012637 0.023562230 0.714721024
v -0.016040798 0.214172333 -0.285186797
vt 0.643798828 0.353271484
vn -0.590899289 0.070907936 0.803623199
v 0.008777506 0.222976640 -0.261993438
vt 0.656005859 0.352294922
vn 0.062943473 0.385528147 0.920546770
v 0.011325840 0.229949906 -0.281677276
vt 0.658935547 0.359863281
vn 0.204724520 0.141732335 0.968503952
vt 0.666015625 0.371093750
v -0.041603100 0.044769228 -0.443389893
vt 0.184570312 0.049560547
vn 0.447682202 0.557639301 -0.699012876
v -0.047325142 0.023315370 -0.438903809
vt 0.188476562 0.040771484
vn 0.062772654 -0.996515274 -0.054926001
v -0.065040596 0.041961610 -0.449645996
vt 0.195068359 0.050048828
vn 0.047321774 0.362801284 -0.930664241
v -0.104934707 0.010497987 -0.473785400
vt 0.216796875 0.041259766
vn 0.346930325 -0.930403829 0.118271671
vt 0.187988281 0.633056641
v -0.023897178 0.028808534 -0.429931641
vt 0.188232422 0.643310547
vn 0.760299325 -0.642727137 0.094057575
vt 0.178466797 0.640136719
v -0.031082161 0.057739198 -0.410308838
vt 0.202148438 0.643798828
vn 0.614554286 0.504249752 -0.606675565
v -0.053520206 0.040679872 -0.398864746
vt 0.182861328 0.660400391
vn 0.015746122 -0.999876022 0.000000042
v -0.063804634 0.037139833 -0.420654297
vt 0.174804688 0.653320312
vn 0.142382666 -0.972947896 0.181933373
v -0.016376497 0.066528261 -0.379638672
vt 0.203857422 0.661621094
vn 0.849656403 0.015734393 -0.527101815
v -0.036254887 0.081176698 -0.388580322
vt 0.211425781 0.652343750
vn 0.706561744 0.541697383 -0.455339909
v -0.064788826 0.110717714 -0.419799805
vt 0.227050781 0.639648438
vn 0.433218569 0.890067339 -0.141780734
v -0.096588150 0.131896913 -0.439453155
vt 0.243652344 0.635253906
vn -0.086716317 0.638548017 0.764680922
vt 0.938232422 0.057373047
v -0.075523384 0.039916933 -0.434631348
vt 0.943115234 0.064208984
vn -0.488113314 -0.842389226 0.228311181
vt 0.929687500 0.062500000
vt 0.940673828 0.087646484
v -0.094268806 0.032958925 -0.433441162
vt 0.950683594 0.058105469
vn -0.165369853 0.456735402 -0.874097109
vt 0.138671875 0.120605469
vt 0.138427734 0.132080078
v -0.063385017 0.086700380 -0.399414062
vt 0.112792969 0.124755859
vn -0.212651253 0.913612425 -0.346542656
vt 0.125000000 0.111816406
vt 0.100830078 0.120361328
vt 0.561767578 0.656738281
v -0.011428837 0.041137636 -0.403320312
vt 0.571044922 0.651611328
vn -0.902106524 -0.196110159 -0.384375662
vt 0.571777344 0.661376953
vt 0.580322266 0.655761719
v -0.008646011 0.039672792 -0.369506836
vt 0.559570312 0.643310547
vn -0.974717438 -0.141491264 0.172933877
vt 0.544189453 0.645996094
vt 0.560302734 0.626953125
v -0.014093403 0.082000673 -0.384582520
vt 0.575927734 0.633544922
vn -0.994595706 0.015787186 -0.102616891
vt 0.594726562 0.641113281
vt 0.596191406 0.614746094
vt 0.582519531 0.605712891
v -0.001273157 0.141448915 -0.347869903
vt 0.578613281 0.603759766
vn -0.592224121 -0.023688959 0.805424988
vt 0.582031250 0.589843750
v -0.017711639 0.047576845 -0.362884521
vt 0.612792969 0.517822266
vn 0.972582698 0.071164623 -0.221401080
v -0.013967514 0.004241884 -0.385864258
vt 0.622070312 0.538085938
vn 0.872448444 -0.227936968 -0.432294428
vt 0.600830078 0.518310547
v -0.020278927 0.005981386 -0.355072021
vt 0.625000000 0.531005859
vn 0.504062057 -0.842728734 0.189023226
vt 0.597900391 0.507324219
v -0.008821487 0.059631288 -0.357879639
vt 0.614746094 0.510009766
vn 0.990071774 -0.062861659 -0.125723526
v -0.015811918 0.072143495 -0.347625732
vt 0.622558594 0.504882812
vn 0.928903580 -0.015744070 0.369986892
v -0.025619511 0.108764589 -0.369354248
vt 0.598632812 0.494384766
vn 0.645269215 0.031476550 -0.763306499
v -0.039196022 0.161834657 -0.381774932
vt 0.571777344 0.494384766
vn 0.354980499 0.086773016 -0.930838048
v -0.058876045 0.090667665 -0.385803223
vt 0.585937500 0.511230469
vn -0.576503575 0.284303010 -0.766038775
v -0.010828022 0.141998231 -0.363220245
vt 0.604492188 0.478759766
vn 0.487584680 0.015728522 -0.872934103
v -0.015245439 0.175018251 -0.346923858
vt 0.612304688 0.463378906
vn 0.889405489 0.023612592 0.456508845
v -0.007699016 0.153015077 -0.357086211
vt 0.606933594 0.473388672
vn 0.995340228 0.055296730 0.078995124
v -0.061256409 0.039062440 -0.380676270
vt 0.400390625 0.087402344
vn -0.599243164 -0.370584607 -0.709629953
v -0.067001343 0.011016786 -0.356201172
vt 0.402343750 0.105224609
vn -0.607467890 -0.765251815 0.213008344
v -0.079879761 0.010162294 -0.379333496
vt 0.394287109 0.096679688
vn -0.585149467 -0.585149407 -0.561427057
v -0.080474854 0.049133241 -0.382019043
vt 0.384033203 0.088623047
vn -0.622471869 -0.748542190 0.228502452
v -0.089134216 0.046600282 -0.359466553
vt 0.381347656 0.102294922
vn -0.700006604 -0.707871914 -0.094382793
v -0.074913025 0.065185487 -0.347595215
vt 0.376220703 0.114257812
vn -0.561813653 -0.799199820 0.213647589
v -0.083709724 0.073608339 -0.396179199
vt 0.370849609 0.081054688
vn -0.796858191 0.457601637 -0.394484162
v -0.095420837 0.082366884 -0.355926514
vt 0.363525391 0.094970703
vn -0.820118964 0.496802807 -0.283887237
vt 0.481689453 0.147705078
v -0.049312595 0.000823915 -0.401580811
vt 0.497802734 0.133056641
vn -0.141640171 -0.590167165 -0.794758379
vt 0.496337891 0.150878906
vt 0.521972656 0.140625000
vt 0.480957031 0.123779297
vt 0.508544922 0.122070312
vt 0.500732422 0.117675781
v -0.062385552 0.013641328 -0.333526611
vt 0.280029297 0.114990234
vn -0.695853293 -0.672131062 0.253037691
vt 0.270507812 0.118164062
vt 0.268554688 0.099853516
vt 0.284179688 0.137207031
v -0.051044457 0.016632050 -0.308929443
vt 0.288818359 0.108398438
vn -0.157110497 -0.895530343 0.416343123
v -0.069900505 0.041015595 -0.328033447
vt 0.288330078 0.124023438
vn -0.568570614 -0.821268797 0.047381006
v -0.056632988 0.037475556 -0.305816650
vt 0.294921875 0.116210938
vn -0.362485647 -0.063040979 0.929854810
vt 0.982177734 0.547607422
vt 0.962890625 0.533691406
vt 0.985351562 0.540527344
v -0.110748298 0.025360048 -0.430816621
vt 0.429199219 0.139892578
vn -0.888854980 0.448360443 0.094391778
vt 0.413574219 0.136962891
v -0.122535720 0.006591737 -0.442291230
vt 0.424804688 0.133789062
vn 0.180738613 -0.950841904 0.251462311
vt 0.411865234 0.114990234
vt 0.451904297 0.115722656
vt 0.475830078 0.027343750
vt 0.453125000 0.027099609
vt 0.472656250 0.019531250
vt 0.474609375 0.011962891
vt 0.423828125 0.015136719
vt 0.430664062 0.007812500
vt 0.442138672 0.015625000
vt 0.438964844 0.007080078
vt 0.965332031 0.523925781
vt 0.966796875 0.500488281
vt 0.974121094 0.498046875
vt 0.977294922 0.523925781
vt 0.354980469 0.968994141
v -0.110229492 0.044860780 -0.342712373
vt 0.368408203 0.972900391
vn -0.047401529 -0.987533152 0.150105089
vt 0.359375000 0.979492188
v -0.130424500 0.042236269 -0.392669648
vt 0.377929688 0.992187500
vn -0.354451656 -0.771916926 -0.527738988
v -0.106468201 0.061370790 -0.369659394
vt 0.360839844 0.990478516
vn -0.321541548 0.603870451 -0.729350030
vt 0.351562500 0.993164062
vt 0.770263672 0.693603516
vt 0.770263672 0.716308594
v -0.121498108 0.053924501 -0.349792451
vt 0.763427734 0.696777344
vn -0.718296885 0.292054683 -0.631469548
vt 0.782958984 0.692382812
vt 0.766113281 0.674560547
v -0.100151055 0.047637910 -0.317749023
vt 0.765380859 0.723876953
vn -0.267153949 -0.950753927 -0.157149330
vt 0.783935547 0.725585938
v -0.130531311 0.054016083 -0.331634492
vt 0.750488281 0.714843750
vn -0.830851138 0.276950389 0.482685119
v -0.111946099 0.074951142 -0.330108613
vt 0.749755859 0.693603516
vn -0.426295161 0.844695985 0.323668540
v -0.153450012 0.041412324 -0.335540742
vt 0.760253906 0.709960938
vn -0.503687263 -0.826362014 -0.251843542
v -0.121665955 0.053710878 -0.349975556
vt 0.495117188 0.031250000
vn -0.070578068 0.282311678 -0.956723034
v -0.129585266 0.033386171 -0.355377167
vt 0.489746094 0.023437500
v -0.165748596 0.025146425 -0.355133027
vt 0.495605469 0.009277344
vt 0.964111328 0.248535156
vt 0.937500000 0.239746094
vt 0.964599609 0.238281250
vt 0.149414062 0.029296875
vt 0.132568359 0.022949219
vt 0.161376953 0.023681641
vt 0.048095703 0.642089844
vt 0.041992188 0.653076172
vt 0.039306641 0.647216797
vt 0.047363281 0.681152344
vt 0.237060547 0.706054688
vt 0.245361328 0.714843750
vt 0.239257812 0.716064453
v -0.087944031 0.104339540 -0.359313965
vt 0.256347656 0.699707031
vn -0.724746585 0.685358107 0.070899189
vt 0.249023438 0.692626953
v -0.068275452 0.143707216 -0.362701446
vt 0.266845703 0.716796875
vn -0.999504447 -0.031480499 0.000000132
v -0.060859680 0.129608095 -0.347900391
vt 0.268554688 0.709472656
vn -0.979816318 0.189641818 0.063214079
v -0.084266655 0.076110810 -0.328765869
vt 0.253662109 0.681152344
vn 0.118459687 0.766038954 0.631784618
v -0.059150696 0.122650117 -0.330657959
vt 0.278564453 0.703125000
vn -0.880145192 0.055009063 0.471506506
v -0.060768127 0.071258515 -0.337585449
vt 0.263671875 0.683593750
vn -0.613811791 0.314775288 0.723983228
v -0.076927178 0.064758271 -0.325653076
vt 0.258300781 0.677001953
vn 0.441712469 0.481151044 0.757221162
v -0.118675232 0.092071503 -0.314636201
vt 0.246337891 0.668701172
vn 0.519347131 0.511478245 0.684593797
v -0.055095669 0.105346650 -0.321441650
vt 0.277587891 0.694824219
vn -0.848109424 0.109940104 0.518289208
v -0.052761078 0.194335908 -0.322906524
vt 0.301757812 0.715576172
vn -0.645269215 0.031476557 0.763306499
v -0.041805264 0.106780976 -0.314392090
vt 0.282958984 0.691406250
vn 0.125723526 0.062861748 0.990071774
v -0.054016110 0.093383759 -0.312225342
vt 0.277099609 0.687255859
vn -0.535648882 0.204806969 0.819227934
vt 0.273681641 0.665771484
vt 0.258544922 0.667236328
v -0.064529411 0.057708710 -0.317199707
vt 0.266357422 0.674804688
vn -0.835786462 0.315391123 0.449432492
vt 0.479248047 0.840087891
vt 0.471435547 0.817138672
v -0.031265266 0.253219545 -0.366638213
vt 0.494873047 0.797607422
vn 0.526369095 0.054993786 -0.848475873
v -0.043048870 0.275207460 -0.371856719
vt 0.493896484 0.786376953
vn 0.039442152 0.102549888 -0.993945599
vt 0.489746094 0.830810547
v -0.018062599 0.214355409 -0.363159209
vt 0.498046875 0.810058594
vn 0.599746644 0.071022630 -0.797031879
vt 0.493164062 0.827880859
v -0.017406471 0.248001054 -0.358581573
vt 0.507568359 0.804687500
vn 0.963832319 0.055301886 -0.260708869
vt 0.502685547 0.828613281
v -0.018768314 0.217224091 -0.338958770
vt 0.511962891 0.822265625
vn 0.989919007 -0.007856450 0.141416863
v -0.018592842 0.286682069 -0.344512969
vt 0.523925781 0.804687500
vn 0.992957413 0.007880652 -0.118209347
vt 0.759277344 0.909912109
v 0.013311376 0.292022645 -0.365203887
vt 0.723876953 0.926513672
vn 0.867541254 -0.126187801 -0.481091231
vt 0.756347656 0.900634766
v -0.001404773 0.302581728 -0.364501983
vt 0.725097656 0.933837891
vn -0.670185387 0.039422601 -0.741146028
vt 0.766357422 0.912597656
v -0.007390985 0.296813905 -0.352874786
vt 0.731201172 0.942626953
vn -0.994224012 -0.031562708 0.102578789
vt 0.771972656 0.917236328
v -0.000657088 0.259017885 -0.343994170
vt 0.743164062 0.942871094
vn -0.606261551 -0.007873520 0.795226455
vt 0.749023438 0.944824219
vt 0.771240234 0.929443359
vt 0.509277344 0.535888672
v -0.056625374 0.198211610 -0.376892120
vt 0.475830078 0.544921875
vn -0.394337118 0.086754091 -0.914861798
vt 0.484619141 0.534179688
v -0.064506538 0.232757524 -0.362335235
vt 0.467529297 0.554931641
vn -0.953584075 0.031523380 -0.299472541
v -0.062225349 0.261520326 -0.365783721
vt 0.459228516 0.549804688
vn -0.583473742 -0.000000061 -0.812132061
vt 0.497314453 0.554687500
v -0.062561035 0.193969667 -0.346588165
vt 0.480224609 0.566406250
vn -0.943829179 -0.007865270 0.330340326
vt 0.502685547 0.559326172
v -0.057357788 0.218749970 -0.329681426
vt 0.477050781 0.578613281
vn -0.901884437 0.023527402 0.431336194
vt 0.510253906 0.570312500
vt 0.488281250 0.583496094
v -0.043041229 0.228836015 -0.318603545
vt 0.477050781 0.584228516
vn -0.079054348 0.039527278 0.996086419
vt 0.497314453 0.611083984
v -0.053077701 0.293807924 -0.327728301
vt 0.460937500 0.591796875
vn -0.851979792 -0.055220928 0.520654440
vt 0.433837891 0.958740234
vt 0.464843750 0.965576172
vt 0.418701172 0.965332031
vt 0.459960938 0.957031250
v -0.134254470 0.184661806 -0.412506104
vt 0.152832031 0.974853516
vn -0.023516476 -0.877952278 0.478170455
v -0.113899246 0.199645936 -0.410247803
vt 0.143310547 0.978759766
vn -0.142063096 0.607713759 -0.781346321
v -0.091918953 0.211334169 -0.387695342
vt 0.130859375 0.973876953
vn 0.717046916 -0.685528278 -0.126074240
v -0.062438972 0.260955751 -0.365783721
vt 0.107421875 0.979492188
vn -0.031430960 0.801486611 -0.597186208
v -0.064620979 0.237609819 -0.362182647
vt 0.113037109 0.971923828
vn 0.189240709 -0.488871425 0.851582527
vt 0.893310547 0.250000000
vt 0.899169922 0.270751953
v -0.107521065 0.214660585 -0.382293701
vt 0.892578125 0.268798828
vn -0.757386088 0.307688117 0.575929165
vt 0.895751953 0.288330078
vt 0.885253906 0.258056641
vt 0.886474609 0.292968750
vt 0.553955078 0.580566406
v -0.017568583 0.021667451 -0.334442139
vt 0.552246094 0.574707031
vn 0.914264858 -0.323145300 -0.244329512
v -0.014589306 0.055236787 -0.332733154
vt 0.562255859 0.575927734
vn 0.894427121 0.000000020 -0.447213709
vt 0.553222656 0.566650391
v -0.028213494 0.016265839 -0.332855225
vt 0.546386719 0.573486328
vn -0.118198112 -0.803747892 0.583111286
vt 0.540771484 0.564208984
v -0.035060875 0.016021699 -0.310180664
vt 0.539062500 0.568847656
vn 0.568075061 -0.063119374 0.820552588
vt 0.527587891 0.562011719
vt 0.510253906 0.583984375
v -0.027259823 0.060058564 -0.322204590
vt 0.530273438 0.583740234
vn -0.244321674 -0.023644013 0.969405949
v -0.031433102 0.140838593 -0.319641143
vt 0.500732422 0.597167969
vn 0.150105163 0.047401637 0.987533033
v -0.028072353 0.151977509 -0.304840118
vt 0.501708984 0.606933594
vn -0.992710948 0.023635939 0.118180007
v -0.026683800 0.060333222 -0.307952881
vt 0.533935547 0.590087891
vn -0.795472801 -0.094511636 0.598573804
v -0.022451395 0.143646210 -0.297882110
vt 0.506835938 0.610595703
vn -0.818466485 -0.558760822 -0.133787662
v -0.009780876 0.122589082 -0.292694092
vt 0.518066406 0.612548828
vn -0.804948151 -0.142049685 0.576090574
v -0.012048712 0.022277802 -0.304199219
vt 0.550537109 0.587646484
vn -0.600288987 -0.655578792 0.458115429
vt 0.564453125 0.590576172
vt 0.557128906 0.602294922
v -0.009124747 0.049529999 -0.296569824
vt 0.542480469 0.595947266
vn -0.888305426 -0.055027794 0.455944538
v -0.005987157 0.111389130 -0.271728516
vt 0.527099609 0.618164062
vn -0.991634309 -0.078701176 0.102311604
vt 0.514160156 0.626953125
vt 0.527099609 0.625976562
v -0.008584961 0.057952851 -0.249755859
vt 0.549316406 0.616699219
vn -0.940014184 0.031597093 0.339669138
vt 0.561035156 0.609130859
vt 0.534912109 0.634765625
vt 0.553466797 0.624511719
vt 0.433593750 0.481689453
vt 0.435791016 0.451171875
vt 0.444335938 0.451904297
v -0.008466717 0.093200654 -0.327606201
vt 0.435302734 0.486083984
vn 0.015697371 0.078487478 -0.996791542
vt 0.399902344 0.489990234
vt 0.441650391 0.470214844
v -0.020219801 0.107330292 -0.331481934
vt 0.442382812 0.495605469
vn 0.875400782 0.047318980 -0.481076270
v -0.012126923 0.178741425 -0.317382842
vt 0.427246094 0.508544922
vn 0.514352441 0.071218029 -0.854616642
v -0.020074841 0.076263398 -0.336456299
vt 0.444580078 0.486572266
vn 0.979785740 0.031606041 0.197537303
vt 0.467773438 0.533935547
vt 0.448730469 0.479736328
vt 0.451904297 0.447509766
v -0.058685288 0.025207490 -0.256622314
vt 0.779541016 0.920410156
vn 0.632198811 -0.774443448 -0.023707502
v -0.074691758 0.028472871 -0.276397705
vt 0.787353516 0.913330078
vn 0.047279190 -0.496432513 -0.866786838
v -0.041435231 0.057586640 -0.270477295
vt 0.790771484 0.933105469
vn 0.824068248 -0.384565204 -0.415958375
v -0.049060810 0.089874238 -0.282012939
vt 0.805664062 0.931640625
vn -0.180604875 -0.062819101 -0.981547654
v -0.084396347 0.053527802 -0.276092529
vt 0.798828125 0.911376953
vn -0.773574471 0.489404172 -0.402574390
v -0.040801991 0.099060029 -0.264129639
vt 0.816162109 0.930908203
vn -0.221138328 0.410685688 0.884553730
v -0.070053086 0.054382294 -0.261657715
vt 0.806884766 0.908691406
vn -0.395717710 0.569833636 0.720206380
v -0.049091324 0.048431367 -0.253967285
vt 0.816406250 0.909423828
vn 0.543695033 0.181231692 0.819482088
v -0.077751137 0.026824921 -0.219619751
vt 0.817382812 0.890869141
vn -0.118194424 0.126074225 0.984954536
vt 0.823242188 0.915283203
vt 0.823242188 0.901367188
vt 0.524169922 0.071044922
vt 0.517333984 0.082519531
vt 0.506591797 0.071777344
v -0.090370163 0.036590546 -0.282989502
vt 0.490234375 0.094238281
vn 0.724229991 -0.220417723 0.653381169
vt 0.520996094 0.094238281
v -0.107482895 0.026855439 -0.284606904
vt 0.495361328 0.079345703
vn -0.915317357 0.228829324 0.331408143
v -0.094184868 0.067016572 -0.314483643
vt 0.488769531 0.067138672
vn -0.157680795 0.614955425 0.772636235
vt 0.511718750 0.062500000
vt 0.982421875 0.479980469
vt 0.971923828 0.480712891
vt 0.968994141 0.469482422
vt 0.980224609 0.488525391
vt 0.968994141 0.493164062
vt 0.947998047 0.378173828
vt 0.951904297 0.386230469
vt 0.937255859 0.394775391
vt 0.965576172 0.385986328
vt 0.942871094 0.184082031
v -0.077491745 0.026061982 -0.254638672
vt 0.936523438 0.181152344
vn -0.370999873 -0.757787228 0.536766052
vt 0.946044922 0.175781250
vt 0.935058594 0.196533203
v -0.120857224 0.021057099 -0.244873047
vt 0.925292969 0.165527344
vn -0.951782763 -0.000000028 0.306773096
vt 0.948974609 0.164794922
vt 0.930175781 0.468017578
vt 0.953857422 0.462402344
vt 0.941650391 0.475097656
vt 0.931396484 0.459228516
vt 0.934814453 0.486816406
vt 0.717529297 0.574951172
vt 0.717529297 0.633789062
vt 0.715087891 0.592285156
v -0.020177843 0.218414277 -0.327178985
vt 0.579345703 0.275390625
vn 0.997498453 0.000000041 -0.070688993
vt 0.586914062 0.286621094
vt 0.564941406 0.300537109
vt 0.574218750 0.271972656
v -0.022130972 0.320953310 -0.321380645
vt 0.593750000 0.240234375
vn 0.818390310 -0.015738266 -0.574447274
v -0.008995058 0.245666459 -0.312194854
vt 0.595947266 0.265869141
vn 0.623246193 0.039445963 -0.781030238
v 0.000734806 0.213012666 -0.317474395
vt 0.595947266 0.279052734
vn -0.471506566 0.055009026 -0.880145311
v -0.003176691 0.249771073 -0.313140899
vt 0.598388672 0.265136719
vn -0.995371342 0.015799498 -0.094797149
vt 0.602050781 0.311767578
vt 0.600830078 0.275634766
vt 0.606201172 0.291259766
vt 0.010986328 0.767333984
v -0.016984932 0.124298066 -0.280639648
vt 0.014404297 0.763671875
vn 0.794365048 -0.401114911 0.456169933
vt 0.015625000 0.774414062
vt 0.031982422 0.757568359
v -0.034908291 0.152618378 -0.292083770
vt 0.021484375 0.779052734
vn -0.789336979 0.434135407 0.434135467
vt 0.031738281 0.742675781
vt 0.013671875 0.748779297
vt 0.039794922 0.763916016
vt 0.036376953 0.779052734
vt 0.526123047 0.231689453
v -0.021074289 0.163330048 -0.289672881
vt 0.512695312 0.223632812
vn -0.870862842 0.070610486 0.486428052
vt 0.516845703 0.219238281
vt 0.517333984 0.232421875
vt 0.529785156 0.236816406
vt 0.497802734 0.233886719
v -0.029083248 0.209289521 -0.298431426
vt 0.496337891 0.225585938
vn -0.935327709 -0.007859923 0.353695512
vt 0.513427734 0.213867188
vt 0.518310547 0.212646484
v -0.021518705 0.188354462 -0.313781768
vt 0.496337891 0.213378906
vn -0.997498453 -0.000000047 -0.070688725
v -0.025993347 0.156280488 -0.325408965
vt 0.509033203 0.208007812
vn -0.880934417 0.125847742 0.456198305
vt 0.515869141 0.203125000
v -0.029823307 0.219299287 -0.326965362
vt 0.483886719 0.206542969
vn -0.102616884 0.015787272 0.994595706
vt 0.479736328 0.200195312
v -0.036605839 0.292098939 -0.319702178
vt 0.456542969 0.194335938
vn 0.236286566 -0.330800951 0.913640738
vt 0.528564453 0.193847656
vt 0.994140625 0.343261719
vt 0.977050781 0.343261719
vt 0.989990234 0.336181641
vt 0.679199219 0.153320312
vt 0.683837891 0.155517578
vt 0.675048828 0.162109375
v 0.069576256 0.293029726 -0.339294463
vt 0.670898438 0.197021484
vn 0.755531013 0.409245968 0.511557281
vt 0.584228516 0.897460938
v 0.075065605 0.287048280 -0.355590850
vt 0.587158203 0.900390625
vn 0.780083954 0.323065072 -0.535815358
vt 0.562011719 0.910888672
vt 0.587646484 0.904785156
vt 0.584228516 0.887939453
v 0.065376267 0.321929872 -0.367279083
vt 0.600585938 0.901123047
vn 0.628345430 -0.447696149 -0.636199832
vt 0.591796875 0.885986328
vt 0.591064453 0.870117188
v 0.031438820 0.305694520 -0.354980499
vt 0.604492188 0.889404297
vn -0.827464700 -0.047283757 -0.559523523
v 0.046962727 0.322479188 -0.366424590
vt 0.604003906 0.897460938
vn -0.527624607 -0.157499909 -0.834749222
vt 0.608886719 0.889160156
v 0.033580769 0.320007265 -0.360443145
vt 0.607177734 0.893798828
vn -0.307267785 0.236359701 -0.921802938
v 0.045204144 0.294174135 -0.414215118
vt 0.613525391 0.909423828
vn -0.938113689 -0.338982284 0.070949905
v 0.061801895 0.288360536 -0.408050567
vt 0.611083984 0.912353516
vn 0.872799039 -0.487509370 -0.023589259
v 0.052860249 0.343505800 -0.360199004
vt 0.609375000 0.898193359
vn -0.252336562 0.291763991 -0.922605097
v 0.040683731 0.363227785 -0.364471465
vt 0.613769531 0.895751953
vn -0.197630152 -0.007905252 -0.980244875
vt 0.936035156 0.879150391
vt 0.939453125 0.883056641
vt 0.930908203 0.901123047
vt 0.932617188 0.876464844
vt 0.942382812 0.876708984
vt 0.927734375 0.877197266
v 0.073822014 0.315048158 -0.345459014
vt 0.926757812 0.872314453
vn 0.947943091 -0.292282432 0.126392305
v 0.059528347 0.322784364 -0.313720733
vt 0.927978516 0.865966797
vn 0.804022551 -0.465071768 0.370480865
vt 0.936767578 0.865478516
vt 0.948486328 0.874755859
vt 0.949707031 0.618652344
v 0.097961411 0.204650819 -0.404144317
vt 0.952392578 0.598632812
vn 0.944793999 0.267691672 -0.188958943
v 0.064605698 0.245437577 -0.375030547
vt 0.954345703 0.622558594
vn 0.561813712 0.308601946 0.767548203
vt 0.968261719 0.626708984
vt 0.944580078 0.626953125
v 0.061565384 0.286773622 -0.407745391
vt 0.952636719 0.906738281
vn 0.908785760 0.252879530 0.331904203
vt 0.956542969 0.899658203
vt 0.954833984 0.909423828
vt 0.946044922 0.905273438
v 0.037019715 0.273361146 -0.404083282
vt 0.947753906 0.912353516
vn -0.125957057 0.582550764 -0.802975357
v 0.015500057 0.312469423 -0.371887237
vt 0.933349609 0.910888672
vn 0.478862345 0.510263205 -0.714368582
vt 0.933837891 0.905517578
v 0.042720780 0.249343827 -0.409362823
vt 0.952636719 0.917968750
vn -0.660517097 -0.518977702 -0.542567492
vt 0.956298828 0.918945312
v 0.003117549 0.301818788 -0.379608184
vt 0.934570312 0.915039062
vn -0.599784195 0.205189213 -0.773405671
vt 0.929443359 0.918212891
v -0.005402575 0.288711488 -0.366973907
vt 0.934082031 0.920166016
vn -0.628597498 -0.738602161 0.243581697
vt 0.950439453 0.926025391
vt 0.932373047 0.925292969
vt 0.948730469 0.928466797
vt 0.955810547 0.930175781
v 0.131668091 0.300140321 -0.318603575
vt 0.926025391 0.029541016
vn -0.308110207 -0.869029105 0.387113005
v 0.088676445 0.334594667 -0.339996368
vt 0.930419922 0.015380859
vn 0.353433311 -0.243476391 -0.903218746
v 0.148292542 0.313003480 -0.330932677
vt 0.930908203 0.035156250
vn 0.619955838 -0.109865621 -0.776906908
v 0.078208916 0.342315614 -0.321044952
vt 0.921386719 0.014648438
vn -0.110263444 -0.551317811 0.826976895
v 0.136589050 0.334716737 -0.301849425
vt 0.916503906 0.031738281
vn 0.252777070 0.229079172 0.940014184
v 0.075119011 0.363639772 -0.318969756
vt 0.912841797 0.012207031
vn 0.671963036 0.711490273 0.205541506
vt 0.688720703 0.919677734
vt 0.691650391 0.912597656
v 0.070320114 0.335845888 -0.363494903
vt 0.696289062 0.912109375
vn 0.606261551 0.007873520 -0.795226455
vt 0.680419922 0.923095703
vt 0.681640625 0.895996094
v 0.057796463 0.310699403 -0.407012969
vt 0.687988281 0.897705078
vn 0.313949972 0.651446342 -0.690690279
vt 0.685546875 0.890136719
vt 0.700683594 0.909912109
v 0.059570298 0.420967072 -0.366210967
vt 0.724853516 0.917968750
vn -0.054992236 -0.039280124 -0.997713923
vt 0.362060547 0.012451172
vt 0.350097656 0.012207031
vt 0.364746094 0.002441406
v 0.082298264 0.331756532 -0.377136260
vt 0.352294922 0.007324219
vn 0.765871584 0.268449843 -0.584273398
v 0.073844902 0.352813661 -0.351196319
vt 0.347900391 0.002685547
vn 0.904474974 0.424710035 -0.039325137
vt 0.847412109 0.983398438
vt 0.852539062 0.980712891
vt 0.856689453 0.985839844
vt 0.851806641 0.992431641
v 0.062522888 0.335403383 -0.310119659
vt 0.855468750 0.991699219
vn 0.638905466 0.362835228 0.678343892
vt 0.862304688 0.986816406
v 0.056495659 0.377731264 -0.311615020
vt 0.866943359 0.991699219
vn 0.086848833 0.307918221 0.947440624
v 0.066352837 0.389228761 -0.324462920
vt 0.869628906 0.987304688
vn 0.884719372 0.007899338 0.466057360
vt 0.975830078 0.674560547
v 0.075027451 0.407936037 -0.358764678
vt 0.995361328 0.673583984
vn 0.991910815 -0.015744578 -0.125957057
vt 0.980712891 0.677490234
v 0.060482014 0.381339967 -0.344451934
vt 0.989013672 0.680175781
vn 0.980973184 -0.047086660 0.188346714
vt 0.776123047 0.028808594
vt 0.783691406 0.027099609
vt 0.796875000 0.043457031
vt 0.781494141 0.021728516
v 0.032955162 0.323608339 -0.343811065
vt 0.432128906 0.734375000
vn -0.996179819 0.007906142 -0.086967953
vt 0.381835938 0.722656250
vt 0.373291016 0.713378906
vt 0.787109375 0.206298828
vt 0.783935547 0.171630859
vt 0.790039062 0.162109375
vt 0.052490234 0.191650391
vt 0.053710938 0.162109375
vt 0.055664062 0.196289062
v 0.032920823 0.381874025 -0.352264434
vt 0.053222656 0.212158203
vn -0.998731434 -0.031456154 0.039320264
vt 0.956787109 0.547607422
vt 0.954101562 0.543457031
vt 0.960937500 0.542480469
vt 0.957031250 0.537597656
v 0.007130714 0.341461122 -0.368042022
vt 0.967041016 0.548583984
vn 0.346703887 0.023638884 -0.937676787
vt 0.956787109 0.553466797
v 0.015898693 0.336379945 -0.362731963
vt 0.964843750 0.550781250
vn 0.763661087 -0.007872790 -0.645569324
v 0.001883970 0.361900270 -0.365814239
vt 0.971435547 0.552734375
vn -0.086582109 0.094453007 -0.991757095
v 0.015858633 0.376670778 -0.389373809
vt 0.978515625 0.552734375
vn 0.958581686 0.259288520 -0.117858551
v -0.000981347 0.364295900 -0.384277374
vt 0.974365234 0.556396484
vn -0.726054490 -0.110486589 -0.678702891
v 0.028333656 0.321700990 -0.330444366
vt 0.043701172 0.710693359
vn -0.995930731 -0.071137950 -0.055329353
vt 0.039794922 0.711425781
vt 0.039550781 0.672851562
vt 0.046875000 0.705566406
vt 0.671142578 0.982666016
vt 0.672119141 0.976806641
v 0.026184075 0.348884523 -0.327453643
vt 0.678466797 0.976562500
vn -0.663995326 -0.173903599 -0.727232933
v 0.037378296 0.404998720 -0.343872100
vt 0.691894531 0.983642578
vn -0.941995442 0.062799633 -0.329698235
vt 0.686035156 0.987060547
v 0.027751911 0.399452150 -0.336639434
vt 0.690429688 0.980224609
vn -0.867244720 0.094608448 -0.488810509
v 0.004802694 0.388351381 -0.328735381
vt 0.689453125 0.973632812
vn -0.314153492 0.267030329 -0.911044776
v 0.007637642 0.355895936 -0.326812774
vt 0.681396484 0.972167969
vn -0.440167904 -0.448028028 -0.778153777
v 0.006038063 0.352233827 -0.318023711
vt 0.680664062 0.969726562
vn -0.544778466 -0.126325473 -0.829010487
v 0.019609446 0.341125429 -0.309692413
vt 0.676269531 0.970458984
vn 0.291465074 -0.827130735 -0.480523556
vt 0.666748047 0.974609375
v 0.022161482 0.311080873 -0.295867950
vt 0.668945312 0.967285156
vn -0.717425704 0.063070320 -0.693774104
vt 0.526367188 0.122802734
vt 0.533935547 0.126953125
vt 0.527099609 0.127929688
vt 0.568603516 0.123779297
vt 0.987304688 0.279052734
vt 0.977783203 0.274658203
vt 0.979736328 0.270996094
vt 0.993408203 0.279052734
vt 0.978515625 0.266845703
v 0.041790001 0.316314638 -0.323944122
vt 0.970214844 0.200439453
vn 0.991020679 -0.062921897 0.117978528
vt 0.970214844 0.172851562
vt 0.972412109 0.196777344
vt 0.991455078 0.077392578
vt 0.983642578 0.074707031
vt 0.987792969 0.072021484
v 0.046360008 0.366546571 -0.323974639
vt 0.984130859 0.055664062
vn -0.188719243 -0.401028186 -0.896415949
vt 0.959716797 0.321289062
v 0.056823730 0.296935976 -0.275939971
vt 0.952392578 0.322265625
vn 0.843121111 -0.441259623 -0.307305902
v 0.040512081 0.310546815 -0.295928985
vt 0.958740234 0.317138672
vn -0.063119307 -0.315597177 0.946791708
v 0.042541511 0.255493104 -0.229476944
vt 0.937011719 0.317871094
vn -0.881452739 -0.432856292 -0.188882589
v 0.049144756 0.258941591 -0.217697158
vt 0.935302734 0.321777344
vn 0.513645530 0.553156674 0.655885696
v 0.048229218 0.320281923 -0.289001495
vt 0.957763672 0.327636719
vn -0.149643332 0.504062057 0.850604653
vt 0.964843750 0.327392578
vt 0.936279297 0.133300781
vt 0.947753906 0.129638672
v 0.123405449 0.342452943 -0.330993712
vt 0.943115234 0.138671875
vn 0.424408138 0.730925202 -0.534440041
vt 0.948486328 0.146972656
vt 0.938964844 0.152343750
vt 0.948974609 0.154052734
vt 0.941650391 0.160644531
vt 0.936279297 0.159179688
vt 0.000732422 0.993652344
vt 0.000732422 0.986328125
v 0.084136963 0.309646547 -0.260650665
vt 0.012451172 0.996337891
vn 0.873988748 -0.314950794 0.370067149
vt 0.003906250 0.983642578
vt 0.270996094 0.819824219
vt 0.268310547 0.828369141
vt 0.259765625 0.823486328
vt 0.283447266 0.818359375
vt 0.247070312 0.841552734
vt 0.244140625 0.840087891
vt 0.270263672 0.832763672
v 0.040782925 0.337280214 -0.309539825
vt 0.277832031 0.827148438
vn -0.062960796 0.322674692 0.944413662
v 0.028228758 0.325408876 -0.287323028
vt 0.276855469 0.834716797
vn 0.714126587 -0.047085203 0.698431253
v 0.044731133 0.368560731 -0.313171417
vt 0.285888672 0.821533203
vn 0.830383539 0.063267373 0.553588808
v 0.046463005 0.368606508 -0.324432403
vt 0.286132812 0.818359375
vn 0.291972995 0.055238161 0.954830110
v 0.053604115 0.410427064 -0.321075469
vt 0.283691406 0.809326172
vn -0.180760756 0.047155052 0.982396126
v 0.034326546 0.408935487 -0.319793731
vt 0.293701172 0.813964844
vn -0.848501921 0.400681436 0.345686048
v 0.025703425 0.374069154 -0.297454864
vt 0.290039062 0.828857422
vn 0.117935002 0.188695848 0.974928319
v 0.036643982 0.365554750 -0.271911651
vt 0.288818359 0.836425781
vn 0.917823553 0.196116179 0.345164269
v 0.014052868 0.352607667 -0.266449004
vt 0.286376953 0.842773438
vn 0.259673685 -0.236066818 0.936398506
v 0.010466572 0.391128480 -0.286254913
vt 0.297851562 0.833007812
vn 0.596799314 0.753851771 -0.274841905
v 0.009245992 0.389114320 -0.255950958
vt 0.298583984 0.842041016
vn -0.197334141 0.221014410 0.955097914
vt 0.843750000 0.674560547
vt 0.840332031 0.715820312
vt 0.837890625 0.668701172
vt 0.878662109 0.227539062
vt 0.874023438 0.253662109
vt 0.873046875 0.222167969
vt 0.874023438 0.208496094
vt 0.948730469 0.301269531
vt 0.949951172 0.309326172
vt 0.938476562 0.307617188
v 0.011535643 0.280593812 -0.303283721
vt 0.941162109 0.302490234
vn 0.715449631 0.228000462 0.660414815
vt 0.936035156 0.287841797
vt 0.934814453 0.308837891
vt 0.932128906 0.284912109
v 0.006812147 0.355827272 -0.327056915
vt 0.929443359 0.284423828
vn 0.907935560 0.023685297 -0.418440014
vt 0.929687500 0.315917969
vt 0.803710938 0.842773438
vt 0.804931641 0.831054688
vt 0.816894531 0.844238281
vt 0.817382812 0.848144531
vt 0.816162109 0.854003906
v -0.001076696 0.287521303 -0.273040801
vt 0.802490234 0.855224609
vn 0.063166782 -0.078958265 0.994874716
vt 0.817871094 0.864257812
v -0.010824200 0.262054384 -0.273864776
vt 0.795898438 0.851806641
vn -0.329850703 -0.054975111 0.942431033
vt 0.796142578 0.841796875
v -0.007970811 0.357414186 -0.270355254
vt 0.813964844 0.869628906
vn -0.558414876 -0.078649983 0.825825095
vt 0.823242188 0.872558594
v -0.020318987 0.308441103 -0.289001495
vt 0.800292969 0.864013672
vn -0.875400782 0.047318950 0.481076270
vt 0.780273438 0.850341797
v -0.018844608 0.369232118 -0.284820586
vt 0.812744141 0.875488281
vn -0.916573763 0.197537437 0.347666055
v 0.000648495 0.392005861 -0.281524688
vt 0.819824219 0.878173828
vn -0.307305783 0.843121111 0.441259652
v -0.029785160 0.285232484 -0.304901153
vt 0.791748047 0.865722656
vn -0.993389487 0.031536125 -0.110376477
v -0.022710806 0.325927675 -0.321411163
vt 0.797363281 0.872314453
vn -0.949348152 0.015691677 0.313834220
v -0.018674854 0.341735780 -0.303924590
vt 0.802734375 0.873535156
vn -0.921831489 -0.173335895 0.346671849
v -0.014833454 0.359374940 -0.297424346
vt 0.807861328 0.876220703
vn -0.798949540 0.015820775 0.601189971
v -0.010187155 0.379898012 -0.295898467
vt 0.812255859 0.879394531
vn -0.956840813 -0.015685968 -0.290189266
v -0.016372686 0.400207460 -0.295013458
vt 0.813720703 0.883789062
vn -0.506264985 -0.015820770 0.862232864
v -0.039726265 0.356758058 -0.310455352
vt 0.803710938 0.879638672
vn -0.235520467 -0.164864376 0.957783818
v -0.043777473 0.383636415 -0.317138702
vt 0.806152344 0.885253906
vn -0.448471367 0.149490535 0.881207228
v 0.044784538 0.365936220 -0.313781768
vt 0.721435547 0.014404297
vn 0.520864964 -0.047351386 -0.852324784
vt 0.718017578 0.001464844
vt 0.721679688 0.003173828
vt 0.717773438 0.015380859
vt 0.296875000 0.105224609
vt 0.284912109 0.099121094
v 0.013827317 0.412788361 -0.296936065
vt 0.278564453 0.083496094
vn 0.837637365 -0.134337991 0.529449821
v 0.003399368 0.348129213 -0.299713165
vt 0.291015625 0.090087891
vn -0.567439377 -0.078811027 0.819634914
vt 0.304199219 0.108154297
v -0.002849584 0.359825075 -0.309173614
vt 0.294921875 0.085205078
vn -0.999473393 -0.007869914 -0.031479347
vt 0.299072266 0.085205078
vt 0.310546875 0.112060547
vt 0.300781250 0.083496094
vt 0.861816406 0.097167969
v 0.013649940 0.302230775 -0.291351348
vt 0.864013672 0.099365234
vn 0.157499716 0.078749888 -0.984374106
v 0.005077834 0.359100282 -0.297912627
vt 0.854003906 0.107421875
vn 0.047351245 0.094702713 -0.994378924
vt 0.870117188 0.097167969
vt 0.848632812 0.103759766
vt 0.854980469 0.095947266
v 0.019207947 0.403366029 -0.307159454
vt 0.841796875 0.100341797
vn -0.582586825 -0.055109564 0.810898066
vt 0.846923828 0.109863281
vt 0.847412109 0.112792969
v -0.009819036 0.380271852 -0.295837432
vt 0.852294922 0.114257812
vn 0.867244601 0.094608523 -0.488810748
v -0.007495883 0.313491762 -0.300354034
vt 0.864013672 0.106201172
vn 0.580432236 0.101967826 -0.807899117
v -0.006954200 0.373573244 -0.306304961
vt 0.854248047 0.116210938
vn 0.996638060 -0.023542592 -0.078475572
vt 0.882324219 0.099609375
vt 0.880126953 0.097412109
v -0.014747627 0.362266481 -0.326843292
vt 0.862792969 0.121582031
vn 0.982638836 -0.110055514 -0.149361238
vt 0.870605469 0.117919922
vt 0.857910156 0.123291016
vt 0.854980469 0.119384766
v 0.001858226 0.392364442 -0.313476592
vt 0.850830078 0.119384766
vn -0.442442566 0.221221164 -0.869083345
vt 0.867431641 0.673828125
vt 0.872070312 0.667968750
v -0.034637462 0.304977357 -0.364563018
vt 0.884277344 0.671142578
vn 0.369746417 0.039334711 -0.928299844
vt 0.877929688 0.665771484
vt 0.874023438 0.677490234
v -0.056991585 0.300277650 -0.367584258
vt 0.884765625 0.665771484
vn -0.613489091 -0.070787251 -0.786524296
vt 0.876953125 0.661621094
v -0.075225838 0.270980775 -0.361907989
vt 0.878662109 0.659667969
vn -0.955932081 0.118503906 -0.268608868
v -0.062866218 0.310104311 -0.341308624
vt 0.886230469 0.660156250
vn -0.955097854 -0.197334304 0.221014515
v -0.032787334 0.324844301 -0.366516143
vt 0.889648438 0.670166016
vn 0.511161625 -0.062912233 -0.857178986
v -0.021064769 0.337600648 -0.360626251
vt 0.894531250 0.675292969
vn 0.828365207 -0.007889180 -0.560132802
v -0.022712724 0.455710351 -0.365386993
vt 0.908203125 0.659912109
vn 0.550907791 -0.023610353 -0.834232152
vt 0.882080078 0.685546875
v -0.019664777 0.378631532 -0.351806670
vt 0.901855469 0.677490234
vn 0.999442518 -0.023608839 -0.023609007
v -0.021539699 0.395942628 -0.342987090
vt 0.904785156 0.680419922
vn 0.743321002 0.079076715 -0.664244473
v -0.013357172 0.370162904 -0.332183868
vt 0.900390625 0.688476562
vn 0.900545835 -0.015799031 -0.434474051
v -0.014793405 0.383613527 -0.320098907
vt 0.905517578 0.687500000
vn 0.636180103 0.479098707 -0.604763985
vt 0.906494141 0.691650391
vt 0.901855469 0.693847656
vt 0.899902344 0.690429688
vt 0.870605469 0.694580078
vt 0.870849609 0.702880859
vt 0.892822266 0.699462891
vt 0.310302734 0.736083984
v -0.066886909 0.264938295 -0.348205596
vt 0.320068359 0.731445312
vn -0.926695168 -0.070680164 0.369107544
vt 0.337402344 0.731689453
vt 0.328369141 0.730224609
vt 0.322509766 0.728271484
vt 0.318603516 0.727783203
vt 0.305664062 0.732177734
v -0.049621589 0.341186464 -0.318359405
vt 0.295654297 0.741943359
vn -0.245245054 -0.443023533 0.862313747
v -0.060966492 0.328353822 -0.287719756
vt 0.301757812 0.746826172
vn -0.987687230 -0.110621005 0.110621102
v -0.086013801 0.328460634 -0.337615997
vt 0.297363281 0.727539062
vn -0.039253410 -0.989186585 -0.141312316
v -0.103775032 0.329269350 -0.306427032
vt 0.286865234 0.729736328
vn 0.165472493 -0.370342880 0.914037824
v -0.126045227 0.298187196 -0.323791504
vt 0.286132812 0.714111328
vn 0.118592836 -0.932930291 -0.339966118
v -0.136253357 0.313033998 -0.313049316
vt 0.282958984 0.720214844
vn -0.740249217 0.157499835 0.653624415
v -0.122047424 0.334960878 -0.328338623
vt 0.275878906 0.721435547
vn -0.715980887 0.535018563 -0.448471427
v -0.082908638 0.357665956 -0.313720733
vt 0.283691406 0.739746094
vn -0.338813722 0.417607784 0.843095005
v -0.090682991 0.352310121 -0.335083038
vt 0.276855469 0.735595703
vn -0.757032931 0.567774594 -0.323316067
v -0.053443920 0.402419984 -0.323577911
vt 0.274414062 0.747558594
vn -0.746620893 0.416535914 0.518705189
vt 0.293701172 0.746826172
v -0.031730659 0.353485048 -0.322906524
vt 0.296875000 0.747802734
vn -0.141491115 -0.345867485 0.927553773
vt 0.288330078 0.750488281
vt 0.986328125 0.517333984
v -0.039054886 0.302413881 -0.400634795
vt 0.997314453 0.517578125
vn -0.497545958 -0.726575017 -0.473853201
v -0.036380786 0.312377870 -0.407745391
vt 0.996582031 0.521728516
vn 0.055183027 0.622781336 -0.780447543
vt 0.991210938 0.509765625
v -0.048843395 0.347900331 -0.364990264
vt 0.981689453 0.523193359
vn 0.070932008 0.449236870 -0.890592456
vt 0.037597656 0.910400391
vt 0.045898438 0.914794922
vt 0.042724609 0.922119141
v -0.005192768 0.323501527 -0.358001739
vt 0.036132812 0.916503906
vn -0.858880460 -0.000000060 -0.512176216
vt 0.039550781 0.927001953
vt 0.032958984 0.903564453
vt 0.033935547 0.897949219
vt 0.029541016 0.908203125
v -0.016172418 0.315200746 -0.346466094
vt 0.035644531 0.921875000
vn -0.982396126 0.047154963 -0.180760756
v -0.005945216 0.338561952 -0.350311309
vt 0.030761719 0.921386719
vn -0.935327709 0.007859873 0.353695512
vt 0.045410156 0.934814453
vt 0.978271484 0.788085938
v -0.060760513 0.338302553 -0.357879668
vt 0.974609375 0.803710938
vn -0.827978969 0.031541988 -0.559871316
vt 0.973632812 0.787109375
vt 0.970214844 0.802490234
vt 0.982666016 0.797119141
v -0.059295669 0.366828859 -0.362670928
vt 0.968017578 0.807617188
vn -0.749147177 -0.000000062 -0.662403643
vt 0.983642578 0.804687500
v -0.070381179 0.347579896 -0.356994659
vt 0.973632812 0.807373047
vn -0.086528517 0.361845940 -0.928213537
v -0.061302200 0.381545961 -0.343811065
vt 0.964111328 0.812500000
vn -0.736355305 0.501348197 -0.454346806
v -0.080001839 0.323120058 -0.352600127
vt 0.980957031 0.810302734
vn 0.031445440 -0.990530550 -0.133642957
vt 0.985107422 0.812255859
v -0.040782943 0.381164491 -0.360290557
vt 0.971923828 0.294189453
vn -0.023589293 -0.047178373 -0.998607934
vt 0.982666016 0.283691406
vt 0.979980469 0.290283203
v -0.036731735 0.416934907 -0.365966827
vt 0.962890625 0.296875000
vn -0.062859893 0.015714895 -0.997898698
vt 0.978271484 0.295898438
v -0.094802871 0.320190370 -0.403900176
vt 0.985351562 0.384765625
vn 0.568340242 0.536765933 -0.623595774
v -0.103416458 0.307327211 -0.402435333
vt 0.989013672 0.385498047
vn -0.110086061 -0.857099473 0.503251135
v -0.124977127 0.292709291 -0.435882568
vt 0.989257812 0.397705078
vn 0.462364763 -0.399671316 -0.791505992
v -0.101264969 0.322769105 -0.379852325
vt 0.986083984 0.378906250
vn -0.267874241 -0.606656611 0.748472571
v -0.142265335 0.312240541 -0.427520752
vt 0.980224609 0.397705078
vn -0.872367680 0.487268388 -0.039295748
v -0.098289505 0.336639345 -0.376709014
vt 0.979736328 0.378417969
vn -0.102508545 0.985658526 -0.134049594
vt 0.039550781 0.011718750
vt 0.049072266 0.004150391
vt 0.051025391 0.011474609
vt 0.032958984 0.008300781
vt 0.030273438 0.005126953
vt 0.120605469 0.036132812
vt 0.133544922 0.030029297
vt 0.149414062 0.036132812
v -0.092811599 0.320983827 -0.402893096
vt 0.896484375 0.048583984
vn 0.134082794 0.544218838 -0.828159273
vt 0.882812500 0.050781250
v -0.099815384 0.323165834 -0.377807647
vt 0.890380859 0.046875000
vn -0.857842267 -0.456466556 0.236103520
vt 0.876220703 0.043701172
vt 0.877929688 0.051025391
vt 0.867919922 0.049316406
vt 0.865966797 0.059082031
vt 0.152099609 0.009033203
vt 0.152343750 0.015380859
vt 0.141113281 0.017822266
vt 0.144042969 0.001953125
vt 0.137451172 0.010742188
vt 0.158447266 0.002197266
vt 0.991455078 0.476562500
vt 0.970947266 0.462890625
vt 0.978515625 0.461181641
vt 0.991455078 0.460449219
vt 0.930175781 0.107177734
vt 0.930175781 0.146728516
vt 0.924316406 0.137451172
vt 0.042236328 0.889404297
vt 0.046875000 0.908203125
v -0.033065803 0.307952821 -0.325317413
vt 0.039062500 0.885498047
vn 0.503251195 0.110086232 0.857099414
vt 0.034667969 0.883056641
vt 0.033447266 0.875732422
vt 0.028564453 0.879638672
vt 0.029541016 0.873535156
v -0.046352390 0.319229066 -0.318115264
vt 0.042724609 0.879882812
vn 0.732260764 0.669270635 0.125980228
vt 0.039794922 0.875000000
vt 0.048095703 0.871093750
vt 0.222656250 0.827392578
vt 0.179443359 0.831054688
vt 0.166992188 0.824951172
vt 0.028564453 0.707763672
vt 0.028564453 0.670654297
vt 0.032958984 0.696777344
vt 0.916748047 0.771240234
v -0.045215607 0.332305849 -0.283142120
vt 0.919677734 0.760009766
vn 0.598722398 -0.504187167 0.622355938
vt 0.920654297 0.773437500
v -0.064857483 0.359130830 -0.245101944
vt 0.923583984 0.748046875
vn -0.804747760 -0.591726422 0.047338240
v -0.049301144 0.355895966 -0.249603301
vt 0.918701172 0.750000000
vn 0.899676085 -0.426162332 0.094702639
vt 0.925781250 0.760742188
vt 0.925781250 0.773925781
vt 0.921386719 0.788574219
vt 0.085449219 0.013427734
vt 0.074707031 0.013427734
vt 0.077880859 0.011230469
vt 0.095458984 0.010253906
v -0.051456451 0.371971101 -0.250152618
vt 0.093750000 0.003662109
vn 0.369689256 0.904558897 -0.212374792
vt 0.080566406 0.002197266
vt 0.918945312 0.511962891
vt 0.913818359 0.541992188
vt 0.914062500 0.500732422
vt 0.729248047 0.986572266
v -0.043647762 0.357864350 -0.223297149
vt 0.723876953 0.993164062
vn 0.818086565 0.369712234 0.440507978
v -0.059242241 0.358367890 -0.224136367
vt 0.720947266 0.990722656
vn -0.686552048 -0.315656185 0.654986680
vt 0.727539062 0.999267578
vt 0.716308594 0.986816406
v -0.061653137 0.382934541 -0.249511734
vt 0.717529297 0.997802734
vn -0.598796606 0.772132397 0.212730408
vt 0.728515625 0.603027344
vt 0.733398438 0.607177734
vt 0.721923828 0.626953125
v 0.051216107 0.458353966 -0.360168487
vt 0.721923828 0.592041016
vn -0.118213020 -0.000000049 -0.992988288
v 0.061672192 0.494958818 -0.370056182
vt 0.727294922 0.579589844
vn -0.463519275 -0.157125205 -0.872044504
v 0.076042160 0.455671281 -0.363281280
vt 0.733154297 0.591796875
vn 0.857576787 -0.055073727 -0.511399150
v 0.074066140 0.499954194 -0.366821319
vt 0.729980469 0.577636719
vn 0.881234467 -0.472089857 -0.023604590
v 0.074310288 0.499263734 -0.348907501
vt 0.735107422 0.577880859
vn 0.748008430 -0.055116344 0.661396742
v 0.069885239 0.438785523 -0.347656280
vt 0.738769531 0.597412109
vn 0.694378853 -0.047343947 0.718050599
vt 0.744873047 0.612060547
v 0.052150711 0.405258119 -0.349304229
vt 0.748291016 0.604736328
vn 0.110376723 0.031536218 0.993389368
v 0.059993729 0.431182832 -0.343414336
vt 0.741943359 0.596191406
vn -0.070680007 0.015706738 0.997375369
v 0.048992138 0.510353029 -0.350128204
vt 0.738281250 0.570800781
vn -0.062865444 -0.007858156 0.997991085
vt 0.064208984 0.717285156
vt 0.064697266 0.689208984
vt 0.070556641 0.694335938
vt 0.060058594 0.708007812
v 0.041072827 0.462469071 -0.365875274
vt 0.068115234 0.718505859
vn 0.094806015 0.007900472 -0.995464504
v 0.030105574 0.452205628 -0.360748321
vt 0.072753906 0.715820312
vn -0.833535373 -0.047181301 -0.550447702
v 0.025472619 0.566886842 -0.362426788
vt 0.074707031 0.743652344
vn -0.496602237 -0.039412927 -0.867083013
vt 0.076660156 0.698242188
v 0.048866261 0.373619020 -0.341705352
vt 0.993164062 0.587402344
vn 0.574447215 0.503624856 0.645269275
vt 0.989990234 0.589355469
vt 0.984863281 0.584716797
v 0.095642075 0.421215028 -0.360351592
vt 0.776855469 0.015136719
vn 0.935501158 -0.298731416 0.188672394
v 0.088577256 0.433273286 -0.364868194
vt 0.775390625 0.019287109
vn -0.528329432 0.843749940 -0.094626136
v 0.066200241 0.404945314 -0.339233428
vt 0.766601562 0.010742188
vn 0.733079255 0.677901328 -0.055178143
vt 0.766357422 0.003662109
vt 0.772705078 0.000244141
vt 0.989746094 0.928466797
vt 0.990234375 0.914794922
v 0.075500473 0.408676088 -0.358947784
vt 0.993408203 0.922851562
vn -0.583455622 -0.007884594 -0.812106848
vt 0.995361328 0.916015625
vt 0.996093750 0.932861328
vt 0.934814453 0.448974609
vt 0.930175781 0.454101562
v 0.059841141 0.429580659 -0.343231231
vt 0.933593750 0.442626953
vn -0.086700357 0.078818336 -0.993111670
vt 0.925292969 0.455078125
v 0.047763813 0.438526094 -0.336792022
vt 0.929199219 0.439453125
vn -0.465708971 0.039466798 -0.884057462
vt 0.921630859 0.446044922
v 0.065181717 0.437484711 -0.339233428
vt 0.935791016 0.440185547
vn 0.330186933 0.031446360 -0.943391681
v 0.059597000 0.508846223 -0.341156036
vt 0.935302734 0.421630859
vn 0.173400328 -0.212809667 -0.961584330
v 0.067981705 0.482441872 -0.332183868
vt 0.939941406 0.429443359
vn 0.997713804 0.054992143 -0.039280206
vt 0.939453125 0.452636719
vt 0.760253906 0.985351562
vt 0.758789062 0.981933594
v 0.047607403 0.546150148 -0.357543975
vt 0.779541016 0.966796875
vn -0.125968769 0.007872990 -0.992002964
vt 0.771484375 0.981445312
vt 0.486328125 0.977539062
v 0.044845566 0.455917329 -0.344970733
vt 0.474609375 0.977539062
vn 0.481240958 0.039446030 0.875700474
vt 0.492675781 0.974853516
v 0.034704193 0.501035631 -0.344574004
vt 0.468261719 0.971435547
vn -0.110427968 0.007887760 0.993852854
vt 0.487060547 0.969970703
vt 0.466064453 0.988281250
vt 0.484130859 0.985351562
vt 0.487304688 0.987548828
vt 0.622802734 0.397949219
vt 0.619140625 0.393310547
v 0.019318564 0.479736298 -0.350158721
vt 0.622558594 0.354736328
vn 0.971520364 0.000000053 0.236956045
vt 0.625000000 0.420410156
vt 0.464111328 0.476074219
vt 0.467773438 0.432617188
v 0.018794037 0.602172792 -0.356872588
vt 0.466308594 0.513427734
vn 0.744120181 -0.054829910 -0.665791929
v 0.051864598 0.467952430 -0.418945342
vt 0.981933594 0.205322266
vn -0.849104881 -0.526759565 0.039310545
v 0.062984452 0.518104494 -0.363281280
vt 0.978759766 0.228271484
vn -0.196820050 0.551095665 -0.810898006
v 0.068546265 0.479960382 -0.427612334
vt 0.975097656 0.205810547
vn 0.575213373 0.480657846 -0.661889493
v 0.076141335 0.517951906 -0.361541778
vt 0.974853516 0.229003906
vn 0.843042493 0.456976354 -0.283640623
vt 0.983398438 0.222656250
vt 0.969970703 0.679687500
vt 0.975097656 0.682373047
vt 0.977783203 0.701660156
vt 0.984375000 0.699707031
vt 0.979003906 0.683349609
vt 0.070800781 0.437255859
vt 0.067138672 0.431396484
vt 0.074462891 0.432373047
v 0.059959397 0.523414552 -0.321441680
vt 0.071533203 0.424804688
vn 0.376612663 -0.031384323 0.925839067
vt 0.083496094 0.420898438
v 0.052688580 0.551406801 -0.341949493
vt 0.079589844 0.454589844
vn -0.959441066 -0.110099852 -0.259520799
v 0.047386151 0.547622621 -0.356994659
vt 0.073486328 0.455566406
vn -0.638091981 -0.094532162 0.764135063
v 0.042594891 0.570175111 -0.347930938
vt 0.078613281 0.465087891
vn 0.141992331 0.086773083 0.986057103
v 0.047794323 0.581863344 -0.335693389
vt 0.082031250 0.468750000
vn -0.962541640 -0.039448474 -0.268249154
v 0.057594281 0.588447511 -0.341217071
vt 0.081054688 0.474609375
vn -0.926181197 0.015697964 0.376751840
vt 0.947753906 0.817138672
vt 0.946777344 0.824218750
vt 0.942382812 0.816894531
v 0.071182229 0.524379671 -0.353698760
vt 0.944091797 0.826660156
vn 0.991880059 0.118081003 0.047232248
vt 0.948974609 0.826660156
v 0.064029679 0.541580141 -0.338867217
vt 0.937255859 0.830810547
vn 0.726212621 0.181553185 -0.663063884
v 0.068862900 0.547973573 -0.325714141
vt 0.931396484 0.830566406
vn 0.220993623 -0.394631684 -0.891867518
vt 0.928955078 0.820556641
v 0.064720139 0.587791383 -0.325347930
vt 0.926269531 0.842041016
vn 0.951282620 0.290888101 0.102203771
vt 0.211181641 0.110595703
vt 0.229492188 0.108398438
vt 0.219970703 0.111328125
v 0.053512551 0.534393251 -0.364044219
vt 0.226806641 0.111572266
vn -0.957577288 -0.251167834 0.141282022
v 0.053607918 0.548545778 -0.372436553
vt 0.232666016 0.112304688
vn -0.047344141 0.157813296 -0.986333430
v 0.048583962 0.605285585 -0.360656768
vt 0.248046875 0.098144531
vn -0.385803014 0.244079337 -0.889708698
v 0.066589333 0.567268312 -0.366882354
vt 0.241210938 0.113281250
vn 0.629550457 0.094432585 -0.771199524
v 0.067581154 0.595001161 -0.355590850
vt 0.249511719 0.104003906
vn -0.322814792 -0.133850038 -0.936949790
vt 0.251464844 0.127929688
vt 0.243408203 0.616210938
v 0.014571168 0.589378297 -0.363067657
vt 0.174072266 0.616210938
vn 0.478287905 -0.007840804 -0.878168225
vt 0.250732422 0.611328125
v 0.001487235 0.530342042 -0.365051299
vt 0.192138672 0.619140625
vn -0.394055337 -0.094573304 -0.914208055
vt 0.255126953 0.618896484
v -0.004489920 0.574203432 -0.357330352
vt 0.178955078 0.622802734
vn -0.961226165 -0.000000054 -0.275761455
vt 0.250732422 0.621337891
v 0.019061066 0.620330751 -0.351379424
vt 0.293212891 0.628417969
vn -0.775856197 -0.070532396 0.626954734
vt 0.365966797 0.628417969
vt 0.359130859 0.631591797
vt 0.345703125 0.636962891
vt 0.366943359 0.640869141
vt 0.294433594 0.637207031
vt 0.354736328 0.491455078
vt 0.259033203 0.491455078
vt 0.350097656 0.489013672
v 0.032384858 0.505065858 -0.338562042
vt 0.959716797 0.277832031
vn -0.658423781 0.015676692 -0.752484143
vt 0.963134766 0.254150391
vt 0.967529297 0.254394531
v 0.042465195 0.521503389 -0.334960967
vt 0.953857422 0.280029297
vn 0.726371050 0.023686020 -0.686894596
v 0.047386155 0.493986100 -0.325897247
vt 0.949218750 0.271240234
vn -0.118209109 0.007880653 0.992957532
vt 0.954833984 0.258300781
v 0.026399599 0.483532876 -0.320282012
vt 0.967773438 0.275634766
vn -0.928558350 -0.031476583 0.369849652
vt 0.972167969 0.257080078
v 0.035087571 0.516467988 -0.312713653
vt 0.973388672 0.281982422
vn 0.857576907 0.055073801 0.511398911
vt 0.620605469 0.578857422
vt 0.625000000 0.542236328
vt 0.621582031 0.608154297
v 0.026172617 0.591499269 -0.345581084
vt 0.620849609 0.551025391
vn -0.330095142 -0.039297029 0.943129420
v 0.037525155 0.591278017 -0.345397979
vt 0.616210938 0.551513672
vn 0.323155493 0.031527411 0.945820570
vt 0.257568359 0.448730469
vt 0.183349609 0.449218750
v 0.014314154 0.593192995 -0.345245391
vt 0.148925781 0.446044922
vn 0.527150810 0.007867982 0.849735439
v 0.005963425 0.572303712 -0.341674834
vt 0.155273438 0.443603516
vn 0.275684685 -0.023630053 0.960957646
vt 0.296630859 0.498291016
vt 0.208251953 0.498291016
vt 0.205566406 0.496093750
vt 0.423828125 0.410888672
vt 0.421875000 0.414306641
v -0.000628490 0.550140321 -0.343994170
vt 0.425292969 0.332031250
vn -0.628519893 0.000000007 0.777793527
vt 0.271972656 0.026123047
vt 0.295898438 0.036376953
vt 0.281982422 0.036132812
vt 0.271240234 0.034667969
vt 0.289306641 0.023925781
vt 0.266601562 0.023925781
vt 0.244873047 0.280761719
vt 0.344238281 0.280761719
vt 0.337646484 0.282958984
vt 0.819091797 0.566894531
vt 0.818603516 0.594482422
vt 0.812744141 0.575927734
v -0.006901763 0.589652956 -0.354553252
vt 0.805908203 0.615966797
vn 0.982396007 -0.047154974 -0.180760995
v -0.024192825 0.433002412 -0.343872100
vt 0.803222656 0.583251953
vn 0.653949022 -0.015757743 0.756374538
vt 0.728027344 0.683349609
vt 0.722167969 0.691162109
vt 0.722656250 0.658691406
v -0.038314834 0.432617128 -0.360351592
vt 0.728515625 0.687744141
vn 0.015722087 0.055027731 -0.998361051
v -0.023763677 0.545036256 -0.365234405
vt 0.722412109 0.714843750
vn -0.268424898 0.015789639 -0.963171244
v -0.044071216 0.449481905 -0.375152618
vt 0.733642578 0.691162109
vn 0.873095930 0.149448901 -0.464078158
v -0.035629291 0.486714303 -0.358612090
vt 0.729003906 0.699462891
vn -0.031477664 0.125910074 -0.991542220
v -0.053436298 0.471707106 -0.372406036
vt 0.736328125 0.696777344
vn 0.497220308 0.741884410 -0.449866146
v -0.047157306 0.528545320 -0.363861114
vt 0.743652344 0.712402344
vn -0.165103853 0.149379522 -0.974898219
v -0.066246048 0.486465394 -0.354736358
vt 0.745117188 0.694824219
vn -0.988397181 0.118607633 0.094886251
vt 0.658691406 0.913818359
vt 0.665283203 0.915771484
vt 0.645507812 0.914306641
v -0.031265274 0.478816450 -0.345367461
vt 0.629150391 0.912597656
vn -0.392861277 0.023571709 0.919295728
v -0.018985765 0.514606416 -0.344940215
vt 0.616210938 0.916015625
vn 0.424828410 -0.031468701 0.904726803
v -0.034904491 0.404563844 -0.337768584
vt 0.071777344 0.415283203
vn 0.284276336 0.078965656 -0.955484927
vt 0.069335938 0.419189453
v -0.039028183 0.406410158 -0.348114043
vt 0.069335938 0.413330078
vn -0.071104474 0.063204139 0.995464504
vt 0.054199219 0.402587891
v -0.035873432 0.493303239 -0.351135284
vt 0.053955078 0.396240234
vn -0.094514444 0.078762181 0.992402971
v -0.046871200 0.478741586 -0.344696075
vt 0.061767578 0.394042969
vn -0.039334603 0.015733935 0.999102235
v -0.054428112 0.392059267 -0.347351104
vt 0.077636719 0.409667969
vn -0.519491732 0.086581998 0.850077689
v -0.057128921 0.445043504 -0.347961456
vt 0.070800781 0.397216797
vn -0.781248987 -0.031565625 0.623421073
vt 0.089599609 0.411865234
vt 0.062744141 0.388183594
v -0.063285843 0.460213602 -0.359680206
vt 0.071533203 0.389892578
vn -0.996883690 -0.007849525 -0.078494646
v -0.043743152 0.426898897 -0.371521026
vt 0.083251953 0.391845703
vn -0.181689188 -0.394976318 -0.900545895
vt 0.067871094 0.385009766
v -0.080772422 0.478055894 -0.387878448
vt 0.072021484 0.378173828
vn -0.503453374 0.471987605 0.723714352
v -0.079734832 0.510654390 -0.430114776
vt 0.066650391 0.365722656
vn 0.527526259 0.700744033 -0.480285347
v -0.066543594 0.446212709 -0.372161895
vt 0.076904297 0.385986328
vn -0.710248411 -0.702356875 -0.047349773
v -0.092117332 0.475238740 -0.413055450
vt 0.077636719 0.371826172
vn -0.684487820 -0.637281895 0.354045600
v -0.061935447 0.468048513 -0.414825469
vt 0.084716797 0.374267578
vn 0.755624413 -0.354198962 -0.550976276
vt 0.089111328 0.387939453
vt 0.208251953 0.003417969
vt 0.209228516 0.005859375
v -0.042713176 0.395973146 -0.343811065
vt 0.206054688 0.007568359
vt 0.205810547 0.011474609
v -0.051017772 0.397094667 -0.340667754
vt 0.204833984 0.008789062
vn -0.766397536 0.055306975 -0.639981270
vt 0.202636719 0.014648438
vt 0.209716797 0.020263672
vt 0.201416016 0.006835938
vt 0.189697266 0.019775391
vt 0.947265625 0.666748047
vt 0.957763672 0.665771484
vt 0.954101562 0.667724609
vt 0.968261719 0.668701172
vt 0.971679688 0.675048828
vt 0.388671875 0.755371094
v -0.014427200 0.492414415 -0.336059600
vt 0.383300781 0.731689453
vn 0.653948843 0.015757801 -0.756374776
vt 0.396728516 0.757812500
v -0.011960994 0.446247041 -0.327362090
vt 0.392333984 0.740478516
vn 0.960957766 -0.023630053 0.275684446
v -0.026023880 0.508418977 -0.338195831
vt 0.378662109 0.728759766
vn -0.346413910 0.047238190 -0.936891735
vt 0.384277344 0.754638672
v -0.033031479 0.538947999 -0.329284698
vt 0.372314453 0.723144531
vn 0.958049655 0.047117248 0.282703012
v -0.019634256 0.422412813 -0.318573028
vt 0.399902344 0.744140625
vn 0.456579864 -0.015744070 0.889543235
vt 0.399658203 0.754150391
v -0.010555277 0.435981691 -0.311248809
vt 0.409423828 0.744384766
vn 0.741145968 0.039422669 -0.670185387
vt 0.404296875 0.758056641
v -0.005375872 0.501092851 -0.297607452
vt 0.430419922 0.739501953
vn 0.819482207 -0.181231588 0.543694794
v -0.009307869 0.447324723 -0.293548614
vt 0.423095703 0.750244141
vn 0.533321142 -0.250974536 0.807824433
vt 0.407470703 0.760986328
vt 0.401611328 0.760498047
vt 0.398681641 0.762207031
v 0.019051544 0.404312074 -0.307647735
vt 0.403808594 0.767578125
vn -0.251075178 0.282459348 -0.925839067
vt 0.397460938 0.768066406
vt 0.099365234 0.410156250
vt 0.097167969 0.434326172
vt 0.095703125 0.345703125
v -0.066131614 0.455417573 -0.429107696
vt 0.021240234 0.271972656
vn 0.504939735 -0.512829542 -0.694292307
vt 0.010742188 0.274414062
v -0.091636688 0.459941804 -0.430542022
vt 0.013427734 0.268310547
vn -0.387161434 -0.284445107 -0.877038896
vt 0.021484375 0.255371094
v -0.111358672 0.499179780 -0.423492432
vt 0.011474609 0.254638672
vn -0.920205057 0.149434939 -0.361789882
v -0.094215415 0.505653322 -0.405517608
vt 0.016113281 0.248535156
vn -0.478862345 0.510263264 0.714368522
vt 0.022216797 0.239990234
vt 0.510009766 0.973144531
vt 0.515136719 0.985107422
vt 0.497802734 0.993164062
vt 0.515136719 0.969970703
vt 0.514892578 0.990722656
vt 0.522949219 0.992919922
v -0.012081169 0.586318910 -0.363342315
vt 0.819824219 0.605224609
vn 0.568765700 -0.039497640 -0.821550667
vt 0.823242188 0.603759766
vt 0.822998047 0.652343750
vt 0.817871094 0.620605469
vt 0.571533203 0.239013672
vt 0.568847656 0.268310547
vt 0.569824219 0.211425781
v -0.004605317 0.625259340 -0.350311309
vt 0.572509766 0.198730469
vn -0.487509280 -0.023589145 0.872799098
vt 0.777099609 0.462402344
v -0.040256519 0.565887392 -0.341674834
vt 0.779785156 0.514160156
vn 0.292273194 -0.031597145 -0.955812812
vt 0.774414062 0.465332031
vt 0.779785156 0.462646484
v -0.054229755 0.551635683 -0.349029571
vt 0.617187500 0.951171875
vn -0.683135927 0.007852140 0.730249047
vt 0.625976562 0.948242188
vt 0.642333984 0.956542969
vt 0.641113281 0.964599609
vt 0.632812500 0.966308594
v -0.036285419 0.545799196 -0.353149444
vt 0.613769531 0.959716797
vn 0.863043845 -0.345217466 0.368754983
vt 0.634033203 0.968261719
v -0.036064170 0.585220277 -0.345245391
vt 0.606201172 0.943847656
vn 0.946173370 -0.015769530 -0.323276013
v -0.050632495 0.599395692 -0.332794219
vt 0.605957031 0.935302734
vn -0.948564708 0.015809383 0.316188365
v -0.032718681 0.549056947 -0.374359161
vt 0.605224609 0.960449219
vn 0.802950442 0.330626667 -0.495940149
v -0.045108821 0.527210176 -0.398254424
vt 0.597412109 0.970703125
vn 0.070978411 -0.835968375 -0.544168055
v -0.049560569 0.554794252 -0.368774444
vt 0.599365234 0.958007812
vn -0.543560028 0.409639299 -0.732624233
v -0.045642875 0.600997865 -0.364257842
vt 0.596923828 0.941894531
vn 0.487629890 -0.007865016 -0.873015046
vt 0.583984375 0.997558594
vt 0.583740234 0.983886719
vt 0.588867188 0.988769531
vt 0.591796875 0.997802734
vt 0.597167969 0.988525391
vt 0.188476562 0.982421875
vt 0.188476562 0.968750000
vt 0.191162109 0.968994141
v 0.037637703 0.429275483 -0.293823272
vt 0.186767578 0.144287109
vn 0.488810807 -0.094608463 0.867244720
vt 0.191650391 0.156738281
vt 0.184082031 0.157470703
v 0.044193260 0.421771944 -0.307586700
vt 0.181640625 0.145019531
vn 0.943741620 0.015729053 -0.330309689
vt 0.176757812 0.148925781
v 0.043048847 0.502361238 -0.292449981
vt 0.187988281 0.121582031
vn 0.770698547 -0.259520859 0.581955910
v 0.023893347 0.497783631 -0.289428741
vt 0.193115234 0.123535156
vn -0.371080786 -0.094744034 0.923754632
v 0.045925129 0.501399934 -0.306793243
vt 0.183349609 0.121826172
vn 0.820552707 -0.063119426 -0.568075120
v 0.027864445 0.478667229 -0.312561065
vt 0.176025391 0.127685547
vn -0.205055341 0.039433647 -0.977955699
vt 0.168701172 0.147216797
vt 0.176025391 0.152587891
v 0.018955220 0.476208657 -0.302398711
vt 0.171875000 0.126953125
vn -0.102601163 0.023677114 -0.994440794
v 0.007533807 0.485415429 -0.310302764
vt 0.166748047 0.126708984
vn 0.227697864 0.015703276 -0.973605275
vt 0.157226562 0.149169922
v -0.003246319 0.496698350 -0.304962188
vt 0.159423828 0.124755859
vn -0.694963217 -0.023691984 -0.718654871
v -0.005060205 0.463864297 -0.301025420
vt 0.153808594 0.131591797
vn -0.999225974 -0.023603804 0.031471815
vt 0.155761719 0.157714844
v -0.002117165 0.485742539 -0.287902862
vt 0.155517578 0.123535156
vn -0.408248276 0.816496611 0.408248335
v -0.019878397 0.481236428 -0.288116485
vt 0.151855469 0.124511719
vn -0.448360354 -0.094391666 0.888855040
vt 0.911376953 0.458984375
vt 0.913330078 0.442138672
vt 0.916503906 0.439453125
v 0.019000996 0.476035565 -0.301971465
vt 0.909912109 0.421875000
vn 0.196600810 -0.102232300 0.975139380
v 0.015575400 0.487049073 -0.291503936
vt 0.912353516 0.417968750
vn 0.938113689 0.260149211 0.228615806
v 0.025489800 0.478453606 -0.284851104
vt 0.916992188 0.420654297
vn 0.996086299 -0.015810855 -0.086960047
v 0.017851826 0.471147448 -0.262573272
vt 0.925781250 0.419921875
vn 0.512941420 0.102588318 0.852271616
v 0.004718537 0.434600800 -0.277984649
vt 0.925048828 0.434326172
vn -0.440726250 -0.472206831 0.763401091
vt 0.723144531 0.085693359
vt 0.752197266 0.081298828
vt 0.760986328 0.085205078
vt 0.729980469 0.081787109
vt 0.744140625 0.089355469
vt 0.864746094 0.463867188
vt 0.870605469 0.467041016
v 0.001955504 0.412467927 -0.290435821
vt 0.861816406 0.467773438
vn -0.888854921 -0.259577125 0.377566844
vt 0.857666016 0.446533203
vt 0.856933594 0.482421875
vt 0.853027344 0.447509766
vt 0.863525391 0.473632812
vt 0.862304688 0.481201172
vt 0.870361328 0.488281250
vt 0.848632812 0.490478516
vt 0.848632812 0.483642578
vt 0.451416016 0.986083984
vt 0.453857422 0.983886719
vt 0.459228516 0.994873047
vt 0.460693359 0.985839844
vt 0.451904297 0.993164062
vt 0.443603516 0.985351562
vt 0.445312500 0.994628906
vt 0.197509766 0.100585938
vt 0.205078125 0.093261719
vt 0.204589844 0.097656250
v 0.063808426 0.475896806 -0.322113067
vt 0.203613281 0.117675781
vn 0.583455622 0.007884594 0.812106848
vt 0.204345703 0.131347656
vt 0.199462891 0.125000000
vt 0.191406250 0.092773438
vt 0.926025391 0.671386719
vt 0.926025391 0.697753906
vt 0.922607422 0.669677734
vt 0.926025391 0.656982422
vt 0.873291016 0.401611328
vt 0.873779297 0.363525391
vt 0.879394531 0.356689453
vt 0.877929688 0.389404297
v 0.064052567 0.490858048 -0.303283721
vt 0.978027344 0.010986328
vn 0.243905410 -0.062943399 -0.967754245
v 0.077789299 0.490627259 -0.283477813
vt 0.985351562 0.010986328
vn 0.826746225 -0.062990122 0.559037685
v 0.068687432 0.417331666 -0.296020538
vt 0.980712891 0.033447266
vn 0.714500546 -0.486802608 -0.502506018
v 0.072494499 0.519386232 -0.296051055
vt 0.510742188 0.890136719
vn 0.978595018 0.015783824 -0.205189407
vt 0.514404297 0.900390625
vt 0.506835938 0.898681641
v 0.055107106 0.520694673 -0.299530059
vt 0.503417969 0.887939453
vn -0.141780749 -0.102397181 -0.984587789
v 0.057235710 0.465983361 -0.288909942
vt 0.499267578 0.906494141
vn -0.795818448 -0.323055029 0.512160540
v 0.063659653 0.570083559 -0.302429229
vt 0.510253906 0.872314453
vn 0.836540878 0.110486545 -0.536648989
vt 0.496826172 0.892822266
v 0.049922928 0.563896120 -0.304534942
vt 0.503417969 0.872558594
vn -0.102806240 -0.482398152 -0.869898260
vt 0.509033203 0.862304688
vt 0.515869141 0.856201172
v 0.038471207 0.572837770 -0.306701690
vt 0.498535156 0.869628906
vn -0.062861830 0.125723347 -0.990071774
vt 0.488037109 0.886718750
vt 0.498291016 0.858398438
vt 0.657714844 0.053710938
vt 0.689941406 0.071044922
vt 0.674316406 0.072265625
vt 0.666748047 0.053222656
vt 0.678466797 0.053955078
v 0.047016125 0.590347230 -0.322937042
vt 0.653076172 0.056396484
vn 0.438949257 -0.094060466 0.893574953
vt 0.665039062 0.077880859
vt 0.650878906 0.061035156
vt 0.982421875 0.424560547
v 0.043903336 0.521877229 -0.318328887
vt 0.975830078 0.428466797
vn 0.700961411 0.078759752 0.708837092
vt 0.974121094 0.418701172
vt 0.968261719 0.422851562
vt 0.964843750 0.416748047
vt 0.965087891 0.426269531
vt 0.973632812 0.431884766
vt 0.975830078 0.444335938
vt 0.159179688 0.167480469
vt 0.166259766 0.159912109
vt 0.162597656 0.173095703
v 0.018822657 0.546142519 -0.304229766
vt 0.170166016 0.181396484
vn -0.047385462 0.086873055 -0.995091856
vt 0.170898438 0.159912109
vt 0.176513672 0.162841797
v 0.005363450 0.542945802 -0.311553985
vt 0.176025391 0.181152344
vn -0.086751573 0.070978388 -0.993698299
vt 0.181396484 0.165771484
v -0.009145750 0.537139833 -0.308410674
vt 0.181396484 0.180175781
vn 0.157867283 0.039466817 -0.986671388
vt 0.184326172 0.166503906
vt 0.203857422 0.159179688
v 0.023344021 0.581100404 -0.328521758
vt 0.841064453 0.656005859
vn -0.983368337 0.015733844 -0.180939645
vt 0.839355469 0.628173828
vt 0.847167969 0.621093750
v 0.029977782 0.614395082 -0.310577422
vt 0.846923828 0.668457031
vn -0.227718920 -0.007852348 0.973695338
vt 0.979248047 0.706054688
vt 0.994140625 0.719238281
vt 0.984619141 0.718994141
vt 0.979003906 0.725585938
vt 0.663330078 0.112304688
v 0.054393761 0.522563875 -0.279083282
vt 0.656005859 0.100341797
vn 0.117935017 -0.188695759 0.974928319
vt 0.673339844 0.107666016
vt 0.664550781 0.096679688
vt 0.654785156 0.110595703
v 0.073387139 0.577957094 -0.276397735
vt 0.635009766 0.103271484
vn 0.863682032 0.157033145 0.478950799
vt 0.635742188 0.113525391
v 0.047309864 0.580032289 -0.263946563
vt 0.635986328 0.093261719
vn -0.102732182 0.300294429 0.948298156
v 0.035106651 0.549171388 -0.278320342
vt 0.650146484 0.090576172
vn -0.157285273 -0.290977985 0.943712533
vt 0.667236328 0.086669922
v 0.024950018 0.539688051 -0.281585723
vt 0.652832031 0.087158203
vn -0.709255219 -0.070925526 0.701374829
v 0.018083559 0.578887880 -0.289245635
vt 0.638916016 0.081054688
vn -0.251937151 0.118095636 0.960510910
vt 0.672607422 0.082519531
vt 0.826660156 0.966552734
v 0.013566008 0.526328981 -0.283996612
vt 0.812255859 0.963134766
vn 0.569050074 0.023710474 0.821960986
v 0.008992902 0.499906510 -0.280273467
vt 0.822021484 0.962158203
vn -0.284099251 -0.149941310 0.946998000
vt 0.828857422 0.960693359
vt 0.830078125 0.970703125
vt 0.824462891 0.955078125
vt 0.827392578 0.954589844
v -0.012163173 0.557197511 -0.282531768
vt 0.802490234 0.952392578
vn -0.102093406 -0.102093503 0.989522040
vt 0.792968750 0.964355469
v 0.003030288 0.576133668 -0.284393340
vt 0.794921875 0.958007812
vn 0.133605987 0.039295893 0.990255177
v -0.027439129 0.560867250 -0.281066924
vt 0.799316406 0.947021484
vn -0.590166986 0.086557865 0.802627325
v 0.006873833 0.587737978 -0.283630401
vt 0.790527344 0.958984375
vn 0.110321887 -0.457047224 0.882574022
v 0.037242875 0.595741212 -0.293731719
vt 0.784667969 0.969726562
vn 0.931591928 -0.205265939 0.300004035
v -0.018592848 0.586738527 -0.284606963
vt 0.790527344 0.949218750
vn -0.534357369 -0.243604153 0.809394479
v -0.027431503 0.563514650 -0.303558379
vt 0.794189453 0.940185547
vn -0.843960047 0.007887416 -0.536348224
v -0.031871811 0.602279603 -0.295196563
vt 0.784423828 0.943115234
vn 0.802552819 -0.448485315 0.393408120
v -0.039375313 0.399009645 -0.321289092
vt 0.736083984 0.410644531
vn 0.094385959 0.094385885 0.991051257
v -0.029285438 0.400077760 -0.320709258
vt 0.733154297 0.410644531
vn -0.837036252 0.189517647 0.513277113
v -0.034523021 0.420204103 -0.327117950
vt 0.731933594 0.404785156
vn -0.521303535 0.023695635 0.853042364
vt 0.735839844 0.415527344
v -0.041061413 0.460688531 -0.320800811
vt 0.738769531 0.394531250
vn 0.227726221 0.000000053 0.973725319
vt 0.736816406 0.372558594
vt 0.740478516 0.410888672
vt 0.739013672 0.425292969
v -0.055019390 0.449315965 -0.325836211
vt 0.745117188 0.398437500
vn -0.941357493 0.007844620 0.337319881
vt 0.744628906 0.412597656
vt 0.744628906 0.311767578
vt 0.750732422 0.304199219
vt 0.756347656 0.314453125
v -0.032028206 0.423534334 -0.303588897
vt 0.750244141 0.322509766
vn -0.989674628 0.023563644 0.141382217
vt 0.759765625 0.337890625
v -0.028125774 0.543159425 -0.291778594
vt 0.761230469 0.356201172
vn -0.827747345 -0.039416552 0.559714973
vt 0.761230469 0.324462891
vt 0.760498047 0.309082031
vt 0.768310547 0.606689453
vt 0.760742188 0.619873047
vt 0.762451172 0.611328125
v -0.019809734 0.455524385 -0.313293487
vt 0.753417969 0.629394531
vn -0.329333395 0.078412622 -0.940952182
vt 0.769042969 0.661132812
vt 0.753662109 0.624023438
vt 0.756835938 0.617431641
vt 0.726806641 0.630859375
vt 0.311279297 0.982910156
vt 0.311523438 0.998046875
v 0.001742357 0.412689179 -0.290130645
vt 0.306640625 0.991455078
vn 0.672130942 0.253037572 -0.695853412
vt 0.298339844 0.990966797
vt 0.012207031 0.165039062
vt 0.010498047 0.171630859
vt 0.002929688 0.165039062
vt 0.004150391 0.170410156
v -0.037918091 0.373626649 -0.262542754
vt 0.615966797 0.014160156
vn 0.023540404 -0.737601042 -0.674826384
vt 0.630859375 0.017822266
v -0.047790531 0.387962282 -0.274047881
vt 0.617919922 0.018066406
vn -0.259192646 0.502676368 -0.824703515
v -0.021970749 0.391616762 -0.256622344
vt 0.608154297 0.025146484
vn 0.545390666 0.656049609 0.521677971
vt 0.627441406 0.024902344
vt 0.184082031 0.989501953
vt 0.170410156 0.988037109
vt 0.170410156 0.982421875
vt 0.165771484 0.980957031
vt 0.164306641 0.974609375
vt 0.164062500 0.988769531
vt 0.761230469 0.298828125
vt 0.758300781 0.304687500
v -0.026630417 0.572959840 -0.314544708
vt 0.759521484 0.252197266
vn -0.748774588 -0.031527359 0.662074566
vt 0.755615234 0.297851562
vt 0.078857422 0.526123047
v -0.050247211 0.575294435 -0.336090118
vt 0.082275391 0.487792969
vn -0.827747464 0.039416477 -0.559714735
vt 0.083496094 0.541992188
v -0.053047195 0.524665773 -0.329376251
vt 0.061523438 0.511230469
vn -0.880498707 0.047169562 0.471695930
vt 0.060058594 0.529541016
vt 0.061523438 0.483886719
vt 0.061767578 0.538085938
v -0.042652145 0.559364259 -0.320220977
vt 0.066894531 0.523437500
vn -0.512112677 0.015757332 0.858773828
vt 0.651367188 0.952148438
vt 0.648681641 0.982177734
vt 0.646972656 0.948486328
v -0.017372137 0.475779504 -0.266143829
vt 0.954345703 0.014892578
vn -0.543492317 0.086643741 0.834930539
vt 0.969482422 0.009277344
vt 0.958007812 0.024169922
vt 0.949218750 0.010009766
vt 0.947265625 0.017822266
vt 0.947265625 0.022949219
vt 0.897705078 0.945312500
v -0.011650104 0.598358095 -0.330596954
vt 0.904785156 0.970214844
vn 0.912255287 0.023592832 -0.408942163
vt 0.880371094 0.945800781
v -0.022623083 0.593818605 -0.335662872
vt 0.907958984 0.967773438
vn 0.023579555 0.055019230 -0.998206854
v -0.011285800 0.630676210 -0.316314727
vt 0.902832031 0.982421875
vn 0.981820107 0.078545645 -0.172800481
v -0.018455522 0.585914552 -0.310852081
vt 0.890625000 0.979003906
vn 0.921431303 -0.118132167 0.370147496
vt 0.618652344 0.333007812
vt 0.622802734 0.284667969
vt 0.623535156 0.343017578
vt 0.623046875 0.350097656
vt 0.692626953 0.825439453
vt 0.705322266 0.820800781
vt 0.748046875 0.825195312
vt 0.978515625 0.816894531
vt 0.976806641 0.827148438
vt 0.958007812 0.828125000
vt 0.958496094 0.818847656
vt 0.954101562 0.824218750
vt 0.952148438 0.817871094
vt 0.791259766 0.669433594
vt 0.795410156 0.662109375
vt 0.795654297 0.712402344
v -0.051101696 0.479492128 -0.308929473
vt 0.121093750 0.081298828
vn -0.965842903 -0.259128600 0.000000138
v -0.042945877 0.527751863 -0.312652618
vt 0.108886719 0.088134766
vn 0.912820101 -0.173121035 -0.369849652
v -0.050121319 0.546981752 -0.296295196
vt 0.101074219 0.081787109
vn -0.015757667 -0.212730318 0.976983905
vt 0.086669922 0.093017578
v -0.055542007 0.566932619 -0.315948516
vt 0.105224609 0.101318359
vn -0.604633451 -0.133490533 -0.785238087
v -0.039573688 0.609863222 -0.318573028
vt 0.090087891 0.103271484
vn 0.843042493 -0.283640474 -0.456976444
vt 0.986083984 0.604003906
vt 0.997314453 0.608886719
vt 0.995849609 0.617187500
v 0.048080418 0.519134462 -0.403137237
vt 0.996582031 0.594482422
vn -0.625214577 -0.395705432 -0.672699094
vt 0.982666016 0.608154297
vt 0.799316406 0.093750000
vt 0.811279297 0.082031250
v 0.059600815 0.510044038 -0.341339141
vt 0.807617188 0.091308594
vn 0.762598515 0.227993399 0.605361521
v 0.052951794 0.553207338 -0.341735870
vt 0.808837891 0.101074219
vn 0.991757214 0.023613317 0.125937283
v 0.064529404 0.557571352 -0.345489532
vt 0.814941406 0.099609375
vn 0.707085073 0.007856560 0.707084835
vt 0.823486328 0.106445312
v 0.057834607 0.588867128 -0.341095001
vt 0.811767578 0.112792969
vn 0.995930731 0.055329535 0.071137778
vt 0.802978516 0.112060547
v 0.066303231 0.617034853 -0.348053008
vt 0.818359375 0.117431641
vn 0.196188733 -0.211883634 0.957400382
v 0.092658974 0.580871522 -0.355957061
vt 0.833984375 0.111083984
vn 0.848187983 -0.510483384 -0.141364723
vt 0.704833984 0.033935547
vt 0.694335938 0.033447266
v 0.075759865 0.586341798 -0.368438751
vt 0.698730469 0.029052734
vn -0.260028094 -0.441259682 -0.858880341
v 0.073364228 0.636535585 -0.378479034
vt 0.704101562 0.011230469
vn -0.078740276 -0.236220524 -0.968503952
v 0.040286995 0.583007753 -0.363525420
vt 0.879882812 0.837402344
vn 0.582586825 0.055109564 -0.810898066
vt 0.888427734 0.836425781
vt 0.878417969 0.849365234
vt 0.859375000 0.866943359
vt 0.872314453 0.837646484
v 0.032342888 0.613433778 -0.368896514
vt 0.878906250 0.826904297
vn -0.055221040 -0.094664462 -0.993976474
vt 0.871826172 0.826660156
vt 0.852783203 0.009765625
vt 0.848632812 0.015625000
vt 0.848876953 0.001953125
v 0.044967629 0.643981874 -0.345153838
vt 0.903320312 0.162109375
vn -0.730068982 -0.023550669 -0.682967544
vt 0.918945312 0.163818359
vt 0.923339844 0.178466797
vt 0.911865234 0.179931641
vt 0.908935547 0.182617188
v 0.040607430 0.640212953 -0.331787139
vt 0.899169922 0.165527344
vn -0.440562785 -0.039336011 -0.896859646
vt 0.904052734 0.183593750
vt 0.921386719 0.156250000
v 0.059474923 0.649139345 -0.347869903
vt 0.901611328 0.156738281
vn -0.638488352 0.417776406 0.646371067
v 0.061012242 0.661941469 -0.370513946
vt 0.899414062 0.147705078
vn -0.910230994 0.188323587 -0.368800372
vt 0.911132812 0.143310547
vt 0.925781250 0.151855469
v 0.139945969 0.587257326 -0.317657530
vt 0.634765625 0.319580078
vn 0.370480835 0.465071827 -0.804022551
v 0.079795823 0.627990663 -0.301818877
vt 0.633300781 0.346435547
vn 0.495679021 0.818263769 0.291112989
v 0.136131272 0.580459535 -0.303680480
vt 0.629150391 0.320068359
vn -0.322494864 -0.857364655 0.401152313
v 0.047817212 0.635223329 -0.312164336
vt 0.629150391 0.282470703
vn 0.739859402 -0.590313315 -0.322704673
vt 0.282958984 0.522705078
vt 0.282714844 0.528808594
v 0.052104935 0.582954347 -0.294403106
vt 0.272949219 0.529296875
vn -0.039309245 0.998453617 -0.039309237
vt 0.279541016 0.517578125
vt 0.300781250 0.523681641
vt 0.279052734 0.537109375
v 0.049640641 0.565711915 -0.304687530
vt 0.270751953 0.523681641
vn 0.647377431 0.742115617 0.173686519
vt 0.257324219 0.519287109
vt 0.265625000 0.534912109
v 0.022184357 0.591628969 -0.301116973
vt 0.257568359 0.526611328
vn -0.133552372 -0.133552298 -0.982001901
vt 0.252197266 0.546386719
vt 0.254882812 0.560791016
v 0.017825114 0.580627382 -0.289550811
vt 0.253662109 0.530517578
vn 0.244117051 0.047248457 -0.968594074
v 0.007649853 0.583801210 -0.305145293
vt 0.249023438 0.527587891
vn 0.361991465 0.188865155 -0.912848413
vt 0.244140625 0.542968750
v -0.001124396 0.580352724 -0.296661407
vt 0.244628906 0.524414062
vn 0.189730614 -0.055338167 -0.980275512
vt 0.236083984 0.541992188
vt 0.234375000 0.520019531
vt 0.227294922 0.528808594
vt 0.227294922 0.521972656
v -0.028274555 0.619979799 -0.306365997
vt 0.206298828 0.515625000
vn -0.963621795 -0.252753288 0.086884066
vt 0.015380859 0.961425781
vt 0.031982422 0.947509766
vt 0.019775391 0.965576172
vt 0.031738281 0.931396484
v 0.030965785 0.606841981 -0.336151153
vt 0.018798828 0.937988281
vn -0.236690685 0.047338057 -0.970431149
vt 0.011474609 0.965332031
vt 0.010986328 0.941650391
vt 0.000000000 0.783691406
vt 0.002929688 0.768554688
vt 0.006103516 0.783447266
vt 0.012207031 0.780761719
v 0.012640931 0.558265626 -0.372375518
vt 0.957031250 0.292968750
vn 0.819227874 -0.456877083 -0.346596509
vt 0.958740234 0.304931641
vt 0.947265625 0.288330078
v -0.003129032 0.579246461 -0.391113311
vt 0.965576172 0.284423828
vn -0.031471815 -0.023603808 -0.999225974
v -0.002528211 0.536765993 -0.363128692
vt 0.946533203 0.285156250
vn -0.978320897 -0.197242156 -0.063117340
vt 0.936523438 0.278564453
v -0.000166439 0.572303712 -0.364837676
vt 0.937500000 0.277587891
vn -0.940720916 -0.188144222 0.282216400
v 0.025634741 0.582725465 -0.377532989
vt 0.035888672 0.962890625
vn 0.743297756 0.324204385 -0.585149527
vt 0.036132812 0.953125000
vt 0.047119141 0.966796875
vt 0.030517578 0.964599609
v 0.003147102 0.593170106 -0.365051299
vt 0.033935547 0.969970703
vn -0.267683476 0.307048559 -0.913272619
v -0.012262369 0.584892213 -0.380035430
vt 0.043701172 0.972900391
vn -0.979816318 0.189641818 -0.063213840
vt 0.058837891 0.981445312
vt 0.036865234 0.979248047
vt 0.045410156 0.981445312
vt 0.041992188 0.982421875
v -0.012002967 0.585777223 -0.363403350
vt 0.040283203 0.978027344
vn -0.835059941 -0.480553418 0.267849565
vt 0.684570312 0.363525391
vt 0.687988281 0.383056641
vt 0.685546875 0.424316406
vt 0.792480469 0.562500000
vt 0.794677734 0.511962891
vt 0.794677734 0.556152344
vt 0.790039062 0.552490234
vt 0.112792969 0.017333984
vt 0.119873047 0.016113281
vt 0.133544922 0.017089844
vt 0.571044922 0.021972656
v 0.007258139 0.582870424 -0.307098418
vt 0.577880859 0.010742188
vn 0.858640492 -0.023632247 0.512033165
v -0.001740472 0.552131593 -0.329620391
vt 0.579589844 0.023925781
vn -0.462279528 -0.611149430 0.642490447
v 0.001099091 0.584968507 -0.333068877
vt 0.587402344 0.015380859
vn -0.989919007 0.141416952 -0.007856376
vt 0.583496094 0.027587891
v 0.001872518 0.609558046 -0.344390899
vt 0.595947266 0.012207031
vn -0.346790016 0.007881620 0.937909663
vt 0.272216797 0.982666016
vt 0.272216797 0.996337891
vt 0.268310547 0.989013672
vt 0.608642578 0.013427734
vt 0.608642578 0.000244141
vt 0.612548828 0.004638672
vt 0.843505859 0.486083984
vt 0.837646484 0.519287109
vt 0.837402344 0.471923828
vt 0.845214844 0.510742188
vt 0.895996094 0.999267578
vt 0.895996094 0.986572266
vt 0.905029297 0.988769531
vt 0.957031250 0.813476562
vt 0.941162109 0.808105469
v 0.102012612 0.644668519 -0.346954376
vt 0.962890625 0.799804688
vn 0.710846484 -0.292236805 0.639761627
v 0.108596772 0.669326723 -0.377471954
vt 0.960937500 0.784179688
vn 0.759278834 -0.181910574 -0.624823391
vt 0.941650391 0.784912109
vt 0.329589844 0.125732422
v 0.111106850 0.670364320 -0.347290069
vt 0.312500000 0.124755859
vn 0.691863239 0.589656234 0.416690230
vt 0.305419922 0.116455078
v 0.081474282 0.650375307 -0.332275420
vt 0.295410156 0.127929688
vn -0.023612402 0.015741730 0.999597251
v 0.085517853 0.677627504 -0.386779815
vt 0.322753906 0.137695312
vn -0.015797203 0.695071399 -0.718767107
vt 0.330322266 0.153076172
vt 0.312988281 0.144531250
v 0.080268838 0.687667787 -0.348815948
vt 0.309082031 0.134765625
vn -0.337662756 0.848083377 0.408336431
vt 0.296875000 0.143798828
vt 0.122558594 0.246826172
vt 0.128417969 0.260498047
vt 0.110595703 0.243652344
vt 0.136962891 0.241943359
vt 0.134765625 0.252441406
v 0.053993199 0.672470033 -0.352935821
vt 0.137939453 0.264404297
vt 0.131347656 0.256835938
v 0.057540871 0.681655824 -0.337036163
vt 0.133544922 0.269287109
vn 0.785262346 0.164905131 0.596799254
v 0.056159951 0.656753480 -0.327301055
vt 0.121826172 0.266601562
vn 0.966051459 0.086394899 0.243476257
vt 0.103271484 0.246093750
vt 0.098876953 0.253173828
vt 0.112548828 0.271484375
v 0.048793778 0.632247865 -0.295837432
vt 0.105957031 0.275146484
vn 0.322305650 -0.385194391 0.864722133
v 0.025043469 0.627609193 -0.315399200
vt 0.092773438 0.263671875
vn -0.694033206 -0.299696177 -0.654599309
vt 0.100097656 0.311035156
vt 0.100830078 0.286376953
v 0.029069884 0.648681581 -0.300262481
vt 0.100830078 0.271728516
vn -0.118073612 0.747799814 0.653340816
vt 0.453613281 0.146240234
v 0.036754582 0.688980043 -0.352020293
vt 0.449951172 0.160400391
vn -0.615089118 -0.110400625 0.780690193
vt 0.444091797 0.153564453
v 0.024938559 0.679763734 -0.343933135
vt 0.448730469 0.168457031
vn 0.268249393 0.039448477 0.962541521
v 0.020018551 0.708831728 -0.346801788
vt 0.455810547 0.169677734
vn 0.094797388 0.015799589 0.995371222
v 0.035295464 0.668350160 -0.351989776
vt 0.445312500 0.164550781
vn 0.966319621 0.054993846 0.251400083
v 0.040325139 0.674194276 -0.359802276
vt 0.443359375 0.161132812
vn -0.047220800 -0.275453985 -0.960153878
v 0.060138676 0.662856996 -0.371002227
vt 0.435546875 0.156494141
vn 0.733375669 -0.678175211 0.047314491
v 0.053054780 0.674941957 -0.382110626
vt 0.432861328 0.161865234
vn -0.805852175 -0.308120012 -0.505632579
v 0.072723351 0.695434511 -0.423461944
vt 0.412841797 0.156982422
vn 0.181723043 -0.703189492 -0.687387288
v 0.074867219 0.702224672 -0.404296905
vt 0.418701172 0.146484375
vn 0.841841519 0.432722300 0.322574615
v 0.058181733 0.684310853 -0.370483428
vt 0.436279297 0.149902344
vn 0.417297065 0.716491103 0.559020400
v 0.051376317 0.698455751 -0.362915069
vt 0.439697266 0.146728516
vn 0.417258054 0.078727931 -0.905371547
vt 0.637939453 0.165771484
v 0.047485333 0.671585023 -0.293243438
vt 0.640625000 0.153320312
vn 0.652009130 -0.424198598 0.628442347
vt 0.647705078 0.163818359
v 0.049266797 0.700012147 -0.303833038
vt 0.627685547 0.154541016
vn 0.583455384 0.480956554 -0.654416323
v 0.035453774 0.658340394 -0.326660186
vt 0.629882812 0.168457031
vn -0.645269454 0.322634608 -0.692484140
v 0.027179699 0.680343568 -0.305603057
vt 0.619873047 0.161865234
vn -0.882519364 0.244268671 -0.401861340
vt 0.624023438 0.181884766
vt 0.615966797 0.174804688
v 0.025711043 0.710357606 -0.268402129
vt 0.603271484 0.153564453
vn -0.945732474 -0.204908744 0.252195448
vt 0.603759766 0.173095703
vt 0.610595703 0.182128906
vt 0.552246094 0.269775391
vt 0.549560547 0.279541016
vt 0.526855469 0.281982422
vt 0.545410156 0.268798828
v 0.032070134 0.642333925 -0.364837676
vt 0.531738281 0.288085938
vn 0.408739775 0.039301891 -0.911804438
vt 0.520019531 0.274169922
vt 0.543701172 0.262451172
v 0.013533089 0.709472597 -0.344848663
vt 0.510742188 0.269775391
vn 0.070688993 0.000000047 0.997498453
vt 0.536865234 0.259521484
vt 0.537841797 0.250976562
vt 0.524414062 0.249267578
vt 0.543945312 0.285888672
v 0.023353551 0.617584169 -0.371307403
vt 0.541259766 0.289306641
vn -0.487584919 -0.015728600 -0.872933984
vt 0.549072266 0.289794922
v 0.015969248 0.703384340 -0.361022979
vt 0.528076172 0.311279297
vn -0.055033006 0.007861793 -0.998453617
vt 0.552978516 0.291748047
v 0.007507190 0.734710634 -0.365081817
vt 0.527587891 0.322509766
vn -0.055019405 -0.023579733 -0.998206854
vt 0.555664062 0.294677734
v 0.037866570 0.590499818 -0.345306426
vt 0.374511719 0.863281250
vn -0.252595842 0.197340354 -0.947233975
vt 0.395019531 0.857421875
vt 0.382080078 0.864257812
vt 0.400390625 0.853515625
v 0.047107674 0.668914735 -0.329345733
vt 0.406250000 0.855712891
vn -0.596284747 0.298142403 0.745356023
vt 0.405517578 0.847412109
vt 0.415039062 0.864746094
vt 0.411376953 0.852294922
v 0.041694615 0.722076356 -0.351287872
vt 0.427978516 0.862548828
vn -0.292273194 0.031597145 0.955812812
vt 0.994140625 0.864746094
vt 0.989746094 0.847656250
vt 0.994140625 0.844726562
vt 0.011718750 0.928710938
vt 0.014648438 0.925537109
vt 0.024414062 0.928466797
vt 0.010253906 0.912841797
vt 0.001708984 0.934570312
vt 0.001708984 0.917968750
v 0.004653911 0.603103578 -0.332916290
vt 0.709228516 0.021484375
vn -0.047181286 -0.833535433 -0.550447822
v 0.008250574 0.647277772 -0.321411163
vt 0.709228516 0.004150391
vn 0.619193673 0.360543221 -0.697572827
v 0.010891657 0.640747011 -0.311767608
vt 0.713623047 0.005615234
vn 0.829010487 0.126325414 -0.544778466
vt 0.482666016 0.754150391
vt 0.470458984 0.739257812
vt 0.478271484 0.739746094
v 0.001355153 0.642288148 -0.313293487
vt 0.466552734 0.740722656
vn -0.731920660 -0.078701198 -0.676829636
vt 0.474365234 0.760009766
vt 0.460449219 0.745605469
vt 0.465087891 0.761718750
vt 0.489501953 0.751953125
v 0.050769791 0.617599428 -0.284790069
vt 0.491455078 0.739746094
vn 0.911325812 -0.306394011 -0.274969101
vt 0.488281250 0.731933594
v 0.041511524 0.632949769 -0.267303497
vt 0.499023438 0.736083984
vn 0.590039313 0.440562665 0.676578224
v 0.025861729 0.623733461 -0.263519317
vt 0.503662109 0.744384766
vn 0.180962294 -0.275377154 0.944150448
vt 0.500732422 0.757812500
v -0.019596111 0.631088197 -0.262298614
vt 0.520751953 0.750976562
vn -0.315038651 0.086635694 0.945116401
vt 0.508789062 0.763183594
vt 0.932128906 0.522949219
vt 0.923095703 0.522949219
vt 0.925537109 0.516845703
v 0.004173742 0.647216737 -0.274932891
vt 0.937500000 0.510742188
vn 0.031363167 0.886008859 0.462606341
v 0.002669317 0.649856508 -0.298370391
vt 0.928222656 0.510253906
vn -0.308119982 0.948061347 0.079005107
vt 0.947021484 0.523681641
vt 0.938232422 0.530761719
vt 0.949707031 0.515625000
vt 0.942382812 0.500244141
v -0.021461504 0.643539369 -0.293182403
vt 0.928466797 0.500488281
vn 0.529714704 0.237185717 0.814337313
vt 0.921630859 0.502197266
v -0.036067978 0.625640810 -0.283020049
vt 0.935302734 0.493164062
vn -0.094794177 -0.126392365 0.987440705
vt 0.569335938 0.092773438
vt 0.565917969 0.093505859
v 0.015842423 0.680770814 -0.277679473
vt 0.573486328 0.074218750
vn 0.936398506 -0.330493540 0.118033320
v 0.008394226 0.671722353 -0.274719268
vt 0.577392578 0.077880859
vn 0.094266489 -0.667720020 0.738419831
vt 0.577636719 0.089355469
v -0.000874533 0.696563661 -0.257202178
vt 0.579589844 0.064941406
vn -0.692999303 -0.551249504 0.464624703
vt 0.582763672 0.093261719
vt 0.585693359 0.100341797
v -0.004591958 0.705627382 -0.266723663
vt 0.586181641 0.063476562
vn -0.927095592 0.204275221 -0.314269572
vt 0.010742188 0.376708984
vt 0.012207031 0.359375000
v -0.027381919 0.585479677 -0.360839874
vt 0.014648438 0.387207031
vn -0.773117006 0.063111521 -0.631115794
v -0.028076194 0.603561342 -0.351074249
vt 0.021240234 0.390625000
vn -0.919522583 0.078591660 0.385099351
vt 0.016601562 0.360107422
vt 0.020507812 0.355957031
vt 0.242431641 0.478759766
vt 0.139160156 0.480224609
vt 0.215332031 0.476318359
vt 0.224121094 0.481445312
vt 0.432861328 0.723632812
vt 0.419189453 0.722900391
v -0.013683341 0.651946962 -0.343780547
vt 0.372558594 0.706298828
vn -0.110376477 0.031536214 0.993389487
vt 0.431396484 0.712890625
vt 0.413085938 0.711914062
vt 0.371093750 0.695312500
vt 0.872070312 0.995117188
vt 0.885742188 0.993896484
vt 0.891601562 0.994628906
vt 0.390869141 0.989013672
vt 0.387451172 0.998291016
vt 0.386962891 0.984619141
vt 0.604492188 0.639160156
vt 0.598632812 0.680664062
vt 0.588867188 0.683105469
v -0.007795361 0.722625673 -0.348205596
vt 0.567871094 0.696533203
vn 0.110400751 -0.023657227 0.993605554
vt 0.602783203 0.686035156
vt 0.624755859 0.700927734
vt 0.859619141 0.130615234
vt 0.891601562 0.139648438
vt 0.883300781 0.142578125
v -0.031402607 0.582527101 -0.328521758
vt 0.860595703 0.137207031
vn -0.811325610 -0.141785100 -0.567140043
vt 0.873535156 0.146972656
vt 0.867675781 0.152832031
v -0.056861900 0.540573061 -0.364563018
vt 0.217529297 0.129150391
vn -0.825442195 -0.550294816 -0.125781521
vt 0.211425781 0.115722656
vt 0.226562500 0.125488281
vt 0.211669922 0.131591797
vt 0.216308594 0.135986328
v -0.050518058 0.623351991 -0.350463897
vt 0.198486328 0.154785156
vn -0.899956346 -0.323668569 0.292091250
vt 0.862548828 0.012939453
vt 0.868652344 0.007080078
vt 0.866943359 0.015625000
vt 0.879638672 0.024414062
vt 0.856201172 0.015625000
vt 0.669189453 0.244140625
vt 0.669189453 0.305175781
vt 0.664794922 0.240966797
v -0.054702777 0.552207887 -0.348754913
vt 0.739013672 0.001464844
vn -0.520865202 -0.047351431 -0.852324665
vt 0.743164062 0.007324219
vt 0.738769531 0.010498047
vt 0.750244141 0.007568359
vt 0.787841797 0.459716797
vt 0.784179688 0.502441406
vt 0.784179688 0.452636719
vt 0.045898438 0.523437500
vt 0.040527344 0.552734375
vt 0.039550781 0.513671875
vt 0.717529297 0.662841797
vt 0.717529297 0.721679688
vt 0.714355469 0.717041016
vt 0.020019531 0.633789062
vt 0.014892578 0.640869141
vt 0.016845703 0.605224609
vt 0.654052734 0.975830078
vt 0.654052734 0.989257812
v -0.050197620 0.629104555 -0.326171905
vt 0.976562500 0.334716797
vn -0.913612425 -0.291410923 0.283535033
vt 0.966064453 0.339599609
vt 0.949951172 0.337646484
vt 0.968261719 0.331787109
v -0.067642227 0.619522035 -0.296508819
vt 0.381347656 0.895751953
vn -0.930056989 -0.141873136 0.338919193
vt 0.400634766 0.888183594
vt 0.432128906 0.890869141
vt 0.408203125 0.897216797
vt 0.463378906 0.816650391
vt 0.463623047 0.825195312
v -0.001620320 0.695159853 -0.361602813
vt 0.432373047 0.823242188
vn -0.062859893 -0.015714984 -0.997898698
vt 0.424072266 0.816894531
vt 0.463378906 0.831054688
v -0.010910062 0.683959901 -0.365600616
vt 0.432861328 0.827880859
vn -0.086946473 0.023712590 -0.995930731
vt 0.472412109 0.842529297
vt 0.458496094 0.845947266
v -0.020298030 0.673202455 -0.359893829
vt 0.433593750 0.837158203
vn -0.565371513 -0.023557203 -0.824500024
v -0.019231824 0.724945009 -0.362304717
vt 0.425048828 0.820800781
vn 0.118121095 -0.039373782 -0.992218256
v -0.028919246 0.685150087 -0.363098174
vt 0.429687500 0.834716797
vn -0.450244993 -0.023697158 -0.892590642
v -0.038875606 0.650207460 -0.362945586
vt 0.426269531 0.839111328
vn 0.715449452 -0.228000373 -0.660414994
vt 0.451660156 0.850097656
v -0.022398019 0.667205751 -0.351867706
vt 0.432128906 0.840576172
vn -0.094485126 -0.149601623 0.984221458
vt 0.436767578 0.847167969
vt 0.417968750 0.848388672
v -0.033344291 0.641235292 -0.346588165
vt 0.924804688 0.199951172
vn 0.943391562 -0.031446360 -0.330187172
vt 0.906982422 0.192626953
vt 0.915283203 0.186035156
v -0.064567588 0.618743837 -0.353668243
vt 0.926269531 0.186279297
vn 0.165349334 -0.669270575 0.724387050
v -0.031051654 0.619018495 -0.332000762
vt 0.914794922 0.203125000
vn 0.699185193 -0.007856015 -0.714897454
vt 0.902587891 0.197265625
v -0.028675102 0.652526796 -0.330810577
vt 0.926269531 0.207275391
vn 0.912735224 0.110157728 -0.393420488
vt 0.904785156 0.203369141
v -0.013631841 0.632888734 -0.327514678
vt 0.916992188 0.212402344
vt 0.904296875 0.208496094
vt 0.915527344 0.216308594
vt 0.917724609 0.225830078
vt 0.088378906 0.678222656
vt 0.082519531 0.687988281
vt 0.085937500 0.669677734
vt 0.093017578 0.667968750
vt 0.087402344 0.683105469
vt 0.084228516 0.657714844
v -0.032199886 0.729492128 -0.344879180
vt 0.081054688 0.632324219
vn 0.189730868 0.055338182 0.980275512
vt 0.099121094 0.661621094
v -0.040061973 0.661239564 -0.325134307
vt 0.102783203 0.656738281
vn -0.604186356 0.337402791 0.721885145
v -0.047916438 0.686325014 -0.344055206
vt 0.097900391 0.641601562
vn -0.998361051 0.055027731 0.015722349
v -0.044231433 0.634384096 -0.324707061
vt 0.108642578 0.653564453
vn -0.994440794 0.102600984 -0.023677034
v -0.035137199 0.681259096 -0.327575713
vt 0.111328125 0.658691406
vn -0.560936391 0.189612210 -0.805852056
v -0.047943138 0.665359437 -0.322204620
vt 0.105712891 0.655029297
vn -0.392861515 -0.023571743 -0.919295609
v -0.022653602 0.686798036 -0.322906524
vt 0.114013672 0.661376953
vn 0.880798280 0.039321367 -0.471856385
v -0.049091365 0.702651918 -0.334594756
vt 0.120849609 0.652587891
vn -0.267286122 -0.723244607 -0.636769593
vt 0.202880859 0.892578125
vt 0.214843750 0.896728516
v -0.046520256 0.648467958 -0.346527129
vt 0.208496094 0.903564453
vn -0.676892579 0.669021785 0.306962997
v -0.045764949 0.654815614 -0.376159698
vt 0.220947266 0.897949219
vn 0.788551271 0.465245277 -0.402161300
v -0.056282073 0.644302309 -0.375030547
vt 0.227539062 0.892822266
vn 0.330667555 -0.314921618 -0.889653504
vt 0.220947266 0.879394531
vt 0.231201172 0.881103516
v -0.077163726 0.675765932 -0.390991241
vt 0.229980469 0.907226562
vn 0.087057784 0.696463227 -0.712292075
v -0.090194732 0.663009584 -0.383697540
vt 0.236328125 0.907958984
vn -0.395532131 -0.174034148 -0.901812911
v -0.105133079 0.671661317 -0.358734161
vt 0.232910156 0.921142578
vn -0.961196363 0.275752991 -0.007878545
v -0.060279876 0.676956117 -0.359191924
vt 0.219238281 0.910156250
vn 0.346984178 0.883232474 0.315440059
v -0.066131614 0.641967714 -0.320495635
vt 0.205078125 0.916748047
vn -0.864508569 0.227915809 -0.447972447
v -0.091949485 0.663574159 -0.339233428
vt 0.220214844 0.926513672
vn -0.408034503 -0.070621349 0.910231113
vt 0.202636719 0.927734375
vt 0.845214844 0.369384766
vt 0.849365234 0.346679688
vt 0.852539062 0.360595703
vt 0.856689453 0.344726562
vt 0.829833984 0.372802734
vt 0.845458984 0.372558594
vt 0.855957031 0.380615234
vt 0.860351562 0.368896484
vt 0.868408203 0.396728516
vt 0.861083984 0.359619141
vt 0.974853516 0.063232422
vt 0.978027344 0.045654297
vt 0.978515625 0.072753906
vt 0.988769531 0.642578125
vt 0.988769531 0.635253906
vt 0.997070312 0.639160156
vt 0.458984375 0.141845703
v -0.085289024 0.557388246 -0.364654571
vt 0.476806641 0.124511719
vn -0.668587029 -0.684318483 -0.291031897
vt 0.459472656 0.154785156
vt 0.470703125 0.164794922
vt 0.438232422 0.139892578
vt 0.870361328 0.751220703
vt 0.870361328 0.710449219
vt 0.881835938 0.752929688
vt 0.889404297 0.747314453
vt 0.695556641 0.020507812
vt 0.675781250 0.017089844
vt 0.681884766 0.005859375
vt 0.674804688 0.002197266
vt 0.695800781 0.002929688
vt 0.996826172 0.255859375
vt 0.996826172 0.273437500
vt 0.045898438 0.617675781
vt 0.039550781 0.602539062
vt 0.045654297 0.599609375
vt 0.039550781 0.613769531
vt 0.040283203 0.623535156
vt 0.041503906 0.638671875
vt 0.849365234 0.132568359
vt 0.404296875 0.159667969
vt 0.407958984 0.164794922
vt 0.395751953 0.163818359
vt 0.399414062 0.171875000
vt 0.408447266 0.138183594
v -0.051769271 0.673553407 -0.275573760
vt 0.376953125 0.163574219
vn -0.213273764 -0.102687389 0.971581042
vt 0.382812500 0.142089844
v -0.072349563 0.676330507 -0.291503936
vt 0.370605469 0.156738281
vn -0.927983940 0.259520888 0.267385304
vt 0.372070312 0.139160156
v -0.069191001 0.675231874 -0.319885284
vt 0.364501953 0.148925781
vn -0.652532756 0.385230064 -0.652532578
vt 0.900634766 0.215820312
vt 0.897460938 0.217285156
vt 0.894775391 0.203613281
vt 0.891845703 0.218750000
v 0.008759005 0.708770692 -0.279449493
vt 0.895751953 0.245361328
vn 0.007897187 0.726552308 -0.687065840
vt 0.886962891 0.238769531
vt 0.902343750 0.246582031
v -0.023836156 0.682647645 -0.314697295
vt 0.155761719 0.668945312
vn 0.393164724 0.691970170 -0.605473995
vt 0.146972656 0.650146484
vt 0.156738281 0.654785156
vt 0.161376953 0.667480469
v -0.018550891 0.713378847 -0.293853790
vt 0.149414062 0.681884766
vn 0.503874421 0.582604945 -0.637716234
v -0.012367265 0.699478090 -0.278228790
vt 0.137695312 0.676513672
vn 0.975773275 -0.133775309 0.173120931
vt 0.133544922 0.654541016
v -0.025726333 0.686462343 -0.279968292
vt 0.130615234 0.672851562
vn 0.109947026 -0.447640866 0.887428463
vt 0.124511719 0.668212891
vt 0.127929688 0.647705078
v -0.044063583 0.687805116 -0.279327422
vt 0.124511719 0.676269531
vn -0.670101941 0.378410578 0.638567865
vt 0.114990234 0.668945312
v -0.048374195 0.691818178 -0.308715850
vt 0.114013672 0.678710938
vn -0.550226808 0.699573994 -0.455902100
vt 0.104736328 0.676513672
vt 0.104003906 0.683349609
vt 0.093994141 0.682128906
vt 0.992431641 0.348876953
vt 0.978759766 0.369140625
vt 0.979248047 0.349365234
vt 0.995361328 0.356933594
vt 0.994384766 0.365234375
vt 0.663574219 0.995361328
vt 0.663574219 0.980712891
vt 0.669433594 0.994873047
vt 0.293701172 0.997314453
vt 0.290527344 0.995605469
vt 0.292724609 0.985595703
vt 0.024169922 0.849121094
vt 0.011962891 0.857910156
v 0.055557217 0.705093324 -0.415679961
vt 0.017333984 0.847900391
vn -0.817884147 0.566227376 -0.102235429
vt 0.021484375 0.831054688
vt 0.012207031 0.832519531
vt 0.022949219 0.824218750
vt 0.010986328 0.822998047
vt 0.914794922 0.845947266
vt 0.921875000 0.837646484
vt 0.917236328 0.849365234
v 0.022940606 0.747894228 -0.366546661
vt 0.922119141 0.877685547
vn -0.339637339 -0.126376703 -0.932027638
vt 0.839355469 0.028076172
vt 0.844238281 0.020019531
v 0.034221619 0.742004335 -0.367889434
vt 0.843994141 0.044189453
vn -0.598722339 -0.504187167 -0.622355938
vt 0.290039062 0.240234375
vt 0.303222656 0.242187500
vt 0.271728516 0.256347656
v 0.017852752 0.784149110 -0.361053497
vt 0.314697266 0.235107422
vn 0.851847291 -0.165636957 -0.496911049
v 0.004271237 0.779083192 -0.366699249
vt 0.311279297 0.228271484
vn -0.235578746 -0.675325572 -0.698883414
v 0.007235676 0.779663026 -0.463562042
vt 0.345947266 0.215576172
vn -0.244390115 -0.946026325 -0.212855846
v -0.005482706 0.791503847 -0.367340118
vt 0.310058594 0.222656250
vn -0.965634465 0.235520557 -0.109909490
v -0.005182296 0.749023378 -0.359527618
vt 0.296875000 0.226806641
vn -0.007873903 -0.000000044 -0.999969006
v 0.005469529 0.750305116 -0.371002227
vt 0.291748047 0.230468750
vn 0.620051503 0.266857624 0.737782657
vt 0.289306641 0.229980469
vt 0.276367188 0.218750000
vt 0.271972656 0.213623047
vt 0.289550781 0.217285156
vt 0.527343750 0.837158203
vt 0.497802734 0.853027344
vt 0.526367188 0.831787109
v 0.033721894 0.756286561 -0.368652374
vt 0.530273438 0.834228516
vn 0.165349096 0.669270575 -0.724387109
v 0.017907107 0.781463563 -0.391632110
vt 0.528320312 0.809814453
vn -0.266833037 0.109872326 -0.957459331
v 0.024606662 0.780212343 -0.448364288
vt 0.568359375 0.846435547
vn -0.703189433 0.687387288 0.181723163
v 0.048755612 0.760192811 -0.390197784
vt 0.542968750 0.833984375
vn 0.621085346 0.762598455 0.180822209
v 0.051261872 0.750640810 -0.365142852
vt 0.789306641 0.324218750
vn 0.362328202 0.322944790 -0.874314010
vt 0.780761719 0.339111328
vt 0.781982422 0.323974609
v 0.055740327 0.748779237 -0.356048614
vt 0.791259766 0.327148438
vn 0.992218256 -0.070872679 0.102371588
v 0.041503873 0.748138368 -0.403381377
vt 0.785156250 0.312255859
vn 0.623654008 -0.734174967 -0.268408090
v 0.028814271 0.769866884 -0.468750030
vt 0.780517578 0.289550781
vn -0.511604965 -0.779213727 -0.362058789
vt 0.791503906 0.315429688
v 0.041847184 0.783477724 -0.467163116
vt 0.788818359 0.288818359
vn 0.955097854 0.197334304 -0.221014515
vt 0.040283203 0.212158203
vt 0.034423828 0.218017578
vt 0.034912109 0.180908203
vt 0.920410156 0.100097656
vt 0.928222656 0.100341797
vt 0.919189453 0.106689453
v 0.047695130 0.794372499 -0.356292754
vt 0.903564453 0.102783203
vn 0.716158032 0.086568572 -0.692548692
v 0.017244305 0.813964784 -0.364563048
vt 0.902343750 0.115478516
vn -0.023647860 0.299537748 -0.953791440
vt 0.911865234 0.117919922
vt 0.921386719 0.121582031
vt 0.916259766 0.132324219
v 0.051200833 0.828765810 -0.354095519
vt 0.893554688 0.106689453
vn 0.731512845 0.432615131 -0.527004004
v 0.044410676 0.812316835 -0.342010558
vt 0.895019531 0.098632812
vn -0.102093570 0.989522040 0.102093510
v 0.033834424 0.834320009 -0.356140196
vt 0.889404297 0.111572266
vn -0.370342970 0.914037824 -0.165472358
v 0.024307221 0.820587099 -0.343383849
vt 0.886962891 0.102050781
vn 0.047146372 0.408601046 0.911494613
vt 0.392089844 0.829345703
vt 0.419189453 0.840820312
vt 0.407714844 0.840087891
vt 0.417480469 0.834472656
v 0.044071171 0.756988466 -0.343597442
vt 0.390136719 0.821777344
vn 0.495786548 0.212479964 0.842049956
v 0.081314057 0.780883729 -0.367767364
vt 0.378906250 0.833496094
vn 0.173013851 -0.424670666 -0.888662577
v 0.122520410 0.791076601 -0.382812560
vt 0.364501953 0.840087891
vn -0.497763425 0.434555233 -0.750595450
vt 0.403808594 0.822998047
v 0.031263322 0.771453798 -0.343811065
vt 0.391845703 0.814697266
vn -0.196935788 -0.701091766 0.685336947
v 0.045295686 0.791015625 -0.335174590
vt 0.387939453 0.809814453
vn 0.831839740 -0.400224656 0.384529561
v 0.028139088 0.728607118 -0.343872100
vt 0.403808594 0.814697266
vn 0.054973580 -0.047120046 0.997375369
vt 0.414550781 0.814941406
vt 0.411621094 0.809814453
v 0.017354935 0.781402528 -0.348571807
vt 0.392089844 0.807128906
vn -0.039527103 -0.079054430 0.996086419
v 0.023693055 0.792144716 -0.340606719
vt 0.388183594 0.806152344
vn -0.970038831 0.197162300 0.141957015
v 0.054904923 0.720245302 -0.259979278
vt 0.205322266 0.961914062
vn 0.986794353 -0.118415266 0.110520847
vt 0.185791016 0.964111328
vt 0.190185547 0.955810547
v 0.045658097 0.740356445 -0.264953643
vt 0.209228516 0.954833984
vn 0.329728693 0.737964511 -0.588801622
v 0.048633561 0.765258789 -0.230804488
vt 0.222900391 0.957763672
vn 0.393932730 0.716957867 -0.575142145
v 0.054862965 0.748870850 -0.226226851
vt 0.220703125 0.963378906
vn 0.811905146 -0.480836958 0.331067979
v 0.054256428 0.786743164 -0.204925582
vt 0.230957031 0.964599609
vn 0.891035259 -0.134049535 -0.433689892
v 0.023958195 0.767791748 -0.217254683
vt 0.226562500 0.947021484
vn -0.610151172 0.681467414 -0.404125988
v 0.039909352 0.766174316 -0.202224776
vt 0.230712891 0.951904297
vn -0.714654922 0.612561226 -0.337693989
v 0.031772595 0.726867676 -0.279998809
vt 0.202392578 0.949462891
vn -0.620797694 0.534357429 -0.573648393
vt 0.186035156 0.944091797
vt 0.202148438 0.941162109
v 0.021110520 0.719283998 -0.249725372
vt 0.208496094 0.936279297
vn 0.904726803 -0.031468738 -0.424828410
v 0.013168327 0.761047363 -0.194320723
vt 0.231445312 0.939208984
vn -0.290144891 0.799858570 -0.525397301
vt 0.687988281 0.682128906
vt 0.686035156 0.680419922
vt 0.702880859 0.680419922
vt 0.679931641 0.704345703
v 0.006090135 0.783874452 -0.344970733
vt 0.677734375 0.703369141
vn 0.000000136 -0.487645090 0.873042047
vt 0.677490234 0.649169922
v 0.019264193 0.793457031 -0.335205108
vt 0.677978516 0.709472656
vn 0.915459991 -0.268324435 0.299891949
vt 0.679199219 0.708740234
vt 0.046386719 0.825439453
vt 0.035400391 0.822753906
vt 0.035400391 0.811279297
v 0.013809195 0.717895448 -0.216705367
vt 0.042968750 0.802246094
vn 0.708727419 -0.590606034 0.385862589
v 0.023979178 0.742034912 -0.205551192
vt 0.036865234 0.795166016
vn 0.655231476 -0.623654008 0.426295102
v 0.004359238 0.725708008 -0.200393721
vt 0.045166016 0.795654297
vn -0.023632202 -0.858640432 0.512033343
v 0.022704117 0.754089355 -0.185394332
vt 0.035400391 0.788085938
vn 0.685869157 -0.670101941 0.283807844
v 0.001050462 0.712081850 -0.224090621
vt 0.048339844 0.804443359
vn -0.590221882 -0.700396717 0.401351064
vt 0.053466797 0.815673828
v -0.008284577 0.743682861 -0.201995894
vt 0.051269531 0.791992188
vn -0.724746466 -0.590826035 0.354495704
vt 0.057861328 0.814697266
vt 0.982910156 0.554931641
vt 0.995117188 0.546142578
vt 0.997070312 0.549316406
vt 0.873291016 0.257812500
vt 0.880615234 0.269775391
vt 0.873291016 0.273681641
vt 0.878417969 0.302978516
vt 0.343994141 0.026855469
vt 0.373535156 0.026855469
vt 0.359130859 0.031494141
vt 0.924560547 0.338134766
vt 0.952148438 0.345458984
vt 0.944335938 0.350341797
vt 0.952636719 0.352050781
vt 0.209716797 0.183105469
v 0.013684703 0.800018251 -0.469482452
vt 0.209716797 0.175048828
vn 0.345345050 0.910455287 -0.227613911
vt 0.245361328 0.190185547
vt 0.175781250 0.189453125
v 0.056026429 0.799926758 -0.338806182
vt 0.454101562 0.704101562
vn 0.999690175 -0.023614686 -0.007871706
vt 0.465576172 0.691650391
vt 0.463378906 0.701904297
vt 0.455810547 0.708984375
vt 0.451904297 0.700683594
v 0.051067326 0.823852539 -0.317901671
vt 0.444335938 0.713623047
vn 0.912820101 0.173121095 -0.369849652
v 0.043422673 0.809722900 -0.304229766
vt 0.437744141 0.708251953
vn 0.978320897 0.063117526 0.197241977
v 0.077766389 0.853759766 -0.304107726
vt 0.446289062 0.734375000
vn 0.157110468 0.204243734 -0.966230273
v 0.042533856 0.800415039 -0.267913848
vt 0.425048828 0.700927734
vn 0.675888538 -0.683747649 0.275070846
v 0.044025410 0.821075439 -0.205246016
vt 0.397216797 0.694335938
vn 0.883314848 -0.457430840 0.102527507
v 0.008565870 0.804382265 -0.361999542
vt 0.816650391 0.362060547
vn 0.290753245 0.911550999 -0.290753394
vt 0.809082031 0.360351562
vt 0.823730469 0.323974609
vt 0.813232422 0.365722656
vt 0.823486328 0.361328125
v -0.007141146 0.809722841 -0.364593536
vt 0.820800781 0.367431641
vn 0.347189277 0.867973447 -0.355080128
v -0.005131754 0.796661317 -0.363739043
vt 0.822265625 0.363037109
vn 0.055007253 -0.031432830 -0.997991085
v -0.019506488 0.817474306 -0.362274230
vt 0.824218750 0.372314453
vn 0.039309062 0.039309151 -0.998453617
v 0.012088745 0.804962099 -0.348419219
vt 0.902587891 0.028564453
vn 0.086354889 0.973455250 0.211961985
vt 0.896972656 0.041503906
v 0.017054528 0.784271181 -0.348846465
vt 0.897460938 0.033691406
vn -0.669270575 0.338572204 0.661396921
v 0.023908585 0.819518983 -0.343963683
vt 0.890869141 0.029785156
vn -0.802850902 0.440780938 0.401425570
vt 0.895263672 0.041992188
vt 0.890136719 0.029541016
vt 0.882812500 0.037353516
vt 0.884277344 0.020996094
vt 0.896728516 0.023681641
vt 0.905761719 0.020019531
v -0.000488311 0.798675478 -0.347808868
vt 0.906982422 0.028320312
vn -0.393067747 0.911917031 -0.117920294
v -0.003700286 0.791778505 -0.350189239
vt 0.910400391 0.027587891
vn -0.701091707 -0.512033343 0.496278554
v 0.034782376 0.835571229 -0.356262267
vt 0.952148438 0.421142578
vn -0.915317476 0.228829294 -0.331407905
v 0.075736962 0.910980165 -0.363800108
vt 0.952392578 0.394287109
vn 0.007860003 0.353695393 0.935327649
v 0.081573449 0.906555116 -0.383148253
vt 0.960449219 0.395263672
vn 0.070610374 -0.133375436 -0.988547087
v 0.052169766 0.830230653 -0.354339659
vt 0.959960938 0.422363281
vn 0.838501692 -0.419250757 0.348057181
vt 0.340087891 0.041992188
vt 0.332031250 0.067382812
vt 0.332763672 0.039794922
vt 0.339599609 0.069580078
vt 0.157470703 0.949951172
vt 0.129638672 0.950439453
vt 0.134765625 0.945312500
v 0.026054364 0.808563232 -0.251800567
vt 0.157958984 0.958251953
vn -0.796932518 -0.552329540 0.244603202
vt 0.130371094 0.957031250
v 0.026159270 0.828491211 -0.231185958
vt 0.164062500 0.970214844
vn -0.853388488 0.505711615 -0.126427829
v 0.034486745 0.810485840 -0.310760528
vt 0.139404297 0.967529297
vn -0.598796666 0.772132397 -0.212730318
vt 0.125732422 0.968505859
vt 0.034667969 0.834960938
vt 0.039306641 0.831054688
v 0.015439966 0.811889648 -0.278839141
vt 0.038085938 0.854492188
vn 0.951311946 0.306621224 -0.031448469
vt 0.044677734 0.831542969
v 0.001898269 0.827148438 -0.259307921
vt 0.042968750 0.862792969
vn 0.007871954 0.834438682 -0.551044464
v 0.012867432 0.827880859 -0.245849654
vt 0.036865234 0.866455078
vn 0.981184721 -0.086344220 -0.172688648
v -0.001241702 0.823516846 -0.243560836
vt 0.047851562 0.866943359
vn -0.932930231 -0.339966148 0.118592978
vt 0.047607422 0.829589844
v 0.039154027 0.831878662 -0.303405821
vt 0.398681641 0.792968750
vn -0.732351720 0.677228332 -0.070872672
vt 0.387939453 0.796875000
vt 0.395263672 0.786621094
vt 0.393798828 0.799804688
vt 0.406494141 0.803466797
v 0.079383828 0.865966797 -0.289825499
vt 0.411865234 0.800781250
vn -0.322106421 0.086418860 0.942750990
vt 0.398681641 0.784423828
v 0.034011826 0.835388184 -0.225677535
vt 0.385253906 0.761718750
vn 0.314950824 0.921231389 -0.228339493
v 0.118453957 0.880432129 -0.287048399
vt 0.427246094 0.802246094
vn 0.699120700 -0.581291258 0.416330218
vt 0.418212891 0.786376953
v 0.059200268 0.789337158 -0.263031036
vt 0.662597656 0.016845703
vn 0.275453985 -0.960153759 0.047220681
v 0.048686955 0.785186768 -0.313232452
vt 0.663085938 0.000000000
vn -0.920546770 -0.346188575 -0.180962056
v 0.067649812 0.787628174 -0.316528350
vt 0.670410156 0.001708984
vn 0.970763564 0.110493459 -0.213094592
v 0.055530526 0.804107666 -0.272277862
vt 0.669677734 0.017578125
vn -0.158049747 0.972005606 -0.173854694
vt 0.997070312 0.433349609
vt 0.980957031 0.433349609
vt 0.996826172 0.426513672
vt 0.333251953 0.460937500
vt 0.336914062 0.431884766
vt 0.341064453 0.438232422
v 0.007898255 0.814239502 -0.233871505
vt 0.320800781 0.474609375
vn -0.133849874 -0.936949790 0.322814703
vt 0.330566406 0.428222656
vt 0.315185547 0.470703125
v -0.003521949 0.789184511 -0.349029571
vt 0.332031250 0.428466797
vn -0.173314214 0.015755884 0.984740555
v -0.010103256 0.783264101 -0.344848663
vt 0.337402344 0.427246094
vn 0.925383627 -0.156844616 0.345058173
v -0.019210845 0.802581787 -0.339233428
vt 0.334960938 0.419921875
vn 0.284631759 0.553450525 0.782737076
v -0.010705980 0.832214296 -0.350402892
vt 0.325195312 0.412353516
vn 0.748472512 0.480598181 0.456961989
v -0.051418338 0.867248476 -0.354156554
vt 0.330810547 0.394775391
vn -0.314648539 0.157324359 0.936079800
v -0.042125739 0.874359071 -0.368164122
vt 0.316894531 0.394775391
vn 0.754410267 0.345771402 -0.557949364
v -0.051116977 0.856780946 -0.364990294
vt 0.334228516 0.393554688
vn -0.769557178 -0.447599620 -0.455452055
v -0.028190643 0.802886903 -0.353576690
vt 0.339843750 0.416015625
vn -0.974085748 0.212099284 0.078555420
v -0.071830787 0.903350770 -0.383239806
vt 0.323730469 0.370849609
vn -0.777481735 -0.172773764 -0.604707837
v -0.064117469 0.913146913 -0.364196837
vt 0.323730469 0.386718750
vn 0.377660215 0.700244963 0.605829775
vt 0.240722656 0.982421875
v 0.040489174 0.754272461 -0.295898467
vt 0.265380859 0.981933594
vn 0.739310086 0.259545058 0.621334851
v 0.033779126 0.800018311 -0.257415801
vt 0.244873047 0.984375000
vn -0.679783523 -0.632356763 -0.371509492
vt 0.247802734 0.988037109
vt 0.273925781 0.009277344
vt 0.293701172 0.010498047
v 0.107513398 0.900909424 -0.285034239
vt 0.273681641 0.019287109
vn -0.237104282 0.750829816 -0.616470814
vt 0.291259766 0.019287109
vt 0.539794922 0.019531250
vt 0.529296875 0.004882812
vt 0.538085938 0.000244141
v -0.039485961 0.726226747 -0.364410430
vt 0.358886719 0.916259766
vn -0.899284124 -0.055219259 -0.433865011
vt 0.351562500 0.916992188
vt 0.349853516 0.905273438
vt 0.356933594 0.900878906
v -0.041664150 0.750091493 -0.345459014
vt 0.371826172 0.915771484
vn -0.922834635 0.070987254 0.378598988
v -0.032848388 0.792846620 -0.357818633
vt 0.375732422 0.931884766
vn -0.965634465 0.109909572 0.235520735
v -0.035446197 0.793304443 -0.338531524
vt 0.381347656 0.928222656
vn -0.980822146 -0.149085000 0.125545368
vt 0.379394531 0.934326172
v -0.048866306 0.800628603 -0.375701934
vt 0.370605469 0.938964844
vn -0.752484143 0.015676752 0.658423781
v -0.056396522 0.810272157 -0.385253936
vt 0.369873047 0.944824219
vn 0.455733150 0.062859744 -0.887894154
vt 0.383544922 0.939208984
vt 0.209472656 0.055664062
vt 0.229492188 0.069335938
vt 0.213378906 0.065917969
vt 0.223388672 0.072753906
vt 0.228759766 0.071289062
v -0.029312164 0.747100770 -0.366577178
vt 0.218750000 0.053222656
vn 0.268449724 0.007895554 -0.963261366
vt 0.211425781 0.049560547
vt 0.239257812 0.066406250
vt 0.242431641 0.048583984
v -0.032287627 0.792144716 -0.358245879
vt 0.233398438 0.058349609
vn 0.532666028 -0.023499992 -0.845999300
v -0.030200988 0.743957460 -0.366912872
vt 0.144042969 0.041259766
vn 0.511225045 0.747175038 0.424709976
v -0.039726287 0.726653993 -0.365234405
vt 0.144531250 0.048828125
vn -0.710248411 -0.702356875 0.047350019
v -0.034927409 0.761230409 -0.432189971
vt 0.121582031 0.040771484
vn 0.872286856 -0.345771402 -0.345771492
v -0.056396529 0.765014589 -0.454162627
vt 0.112792969 0.047363281
vn -0.511225045 -0.747175038 -0.424709976
vt 0.915771484 0.572509766
vt 0.914550781 0.555664062
vt 0.924072266 0.531494141
vt 0.923583984 0.571289062
vt 0.522460938 0.149414062
vt 0.520751953 0.152343750
vt 0.499267578 0.157958984
v -0.018592861 0.726531982 -0.339660674
vt 0.500976562 0.162841797
vn 0.172566414 -0.094127007 0.980490208
vt 0.478027344 0.152832031
v -0.021730451 0.771514893 -0.340515167
vt 0.517822266 0.156982422
vn -0.205592915 -0.703760743 0.680038512
vt 0.504150391 0.167968750
vt 0.512939453 0.165771484
vt 0.504394531 0.188232422
vt 0.525878906 0.156982422
vt 0.073242188 0.041015625
vt 0.069824219 0.047119141
v -0.049621623 0.775573671 -0.439605743
vt 0.041748047 0.040771484
vn -0.557949245 0.754410326 0.345771432
vt 0.016601562 0.424804688
vt 0.010498047 0.428222656
vt 0.011718750 0.393310547
v -0.045997646 0.717117250 -0.337829620
vt 0.017578125 0.436279297
vn 0.614020884 0.614021003 -0.495940149
vt 0.022216797 0.433593750
v -0.119560272 0.761169374 -0.364624023
vt 0.022216797 0.467773438
vn 0.251937151 0.118095562 -0.960510910
v -0.096244842 0.747924745 -0.341156036
vt 0.015625000 0.457031250
vn 0.229473263 0.783374071 0.577639341
v -0.043766044 0.707046449 -0.321594268
vt 0.011718750 0.432861328
vn -0.418088108 -0.047330718 0.907172620
v -0.130378753 0.754730165 -0.355102539
vt 0.724121094 0.977294922
vn -0.668690383 -0.645089626 0.369746625
vt 0.711181641 0.981201172
vt 0.733398438 0.952880859
vt 0.732666016 0.982421875
vt 0.740966797 0.963134766
vt 0.744384766 0.950195312
v -0.029819511 0.746978760 -0.293579131
vt 0.954833984 0.179199219
vn -0.692162693 -0.204502627 0.692162931
v -0.029266380 0.711700380 -0.322296172
vt 0.957031250 0.194580078
vn -0.755741715 0.645529211 -0.110212259
vt 0.947509766 0.200927734
vt 0.958251953 0.199218750
vt 0.964599609 0.200195312
vt 0.944335938 0.199218750
v -0.027236961 0.763824463 -0.294616729
vt 0.954101562 0.173339844
vn 0.922605097 0.252336472 -0.291764140
vt 0.799560547 0.012939453
vt 0.804687500 0.013183594
vt 0.796875000 0.034423828
vt 0.969238281 0.034179688
vt 0.971191406 0.052001953
vt 0.962158203 0.029052734
vt 0.974365234 0.027587891
vt 0.970703125 0.023925781
vt 0.434570312 0.994873047
vt 0.430664062 0.986083984
vt 0.438964844 0.985107422
vt 0.426025391 0.990722656
vt 0.421875000 0.979980469
vt 0.756835938 0.118408203
vt 0.756835938 0.104003906
vt 0.765869141 0.105712891
v -0.038120285 0.746093750 -0.254303008
vt 0.771972656 0.128906250
vn -0.541931391 0.667596459 -0.510514915
v -0.040447250 0.714096010 -0.264007598
vt 0.776855469 0.118652344
vn -0.736965895 -0.415523350 0.533124387
v -0.033275615 0.752471924 -0.213623092
vt 0.781494141 0.138916016
vn 0.394226700 -0.906721354 -0.149806142
vt 0.775146484 0.107910156
v -0.020879757 0.751678467 -0.212036178
vt 0.787353516 0.137207031
vn -0.512049139 -0.850789487 0.118165314
vt 0.780761719 0.107421875
v -0.017169965 0.725097656 -0.242797896
vt 0.787353516 0.123291016
vn 0.291293561 -0.740042806 0.606205285
vt 0.793701172 0.137451172
vt 0.787597656 0.108642578
v -0.010437025 0.751312256 -0.239517257
vt 0.796386719 0.125244141
vn 0.721019924 0.501579165 -0.478067756
vt 0.794189453 0.104248047
vt 0.010986328 0.244384766
vt 0.013183594 0.220703125
vt 0.020019531 0.217285156
vt 0.017822266 0.210693359
vt 0.830566406 0.873291016
vt 0.834960938 0.880371094
vt 0.830322266 0.886474609
vt 0.836914062 0.885498047
vt 0.829833984 0.905273438
vt 0.837402344 0.902832031
vt 0.830810547 0.919921875
vt 0.844970703 0.884521484
vt 0.857177734 0.875488281
vt 0.862792969 0.873291016
v -0.033855468 0.820617676 -0.330535948
vt 0.860595703 0.883056641
vn -0.062821090 0.848083258 -0.526125789
v -0.028636958 0.809020996 -0.306304961
vt 0.851318359 0.885253906
vn -0.078487568 0.996791542 -0.015697537
v -0.038841274 0.836914062 -0.308502257
vt 0.858886719 0.892333984
vn 0.486937642 0.534060657 -0.691137493
v -0.036674522 0.819458008 -0.294525206
vt 0.850341797 0.891113281
vn 0.353608131 -0.023573810 0.935096622
v -0.090103179 0.897247314 -0.285369933
vt 0.864013672 0.918945312
vn 0.701461852 0.622645974 0.346790016
vt 0.923828125 0.793212891
v -0.016786590 0.811492920 -0.234130904
vt 0.919189453 0.833251953
vn 0.642806232 -0.729036272 0.235172957
vt 0.917724609 0.793212891
v -0.010732668 0.820648193 -0.238449141
vt 0.923339844 0.833007812
vn 0.985413551 0.165549517 -0.039416678
vt 0.924804688 0.922119141
vt 0.918212891 0.917724609
v -0.014335655 0.814392090 -0.286346495
vt 0.921630859 0.898681641
vn 0.646210372 0.732897222 -0.212776750
vt 0.916015625 0.905517578
vt 0.925781250 0.882080078
vt 0.174316406 0.230957031
v -0.026229877 0.798126221 -0.267395049
vt 0.165283203 0.224365234
vn -0.566648126 -0.787011385 0.243973628
vt 0.157226562 0.200439453
v -0.034194965 0.809906006 -0.269470245
vt 0.157226562 0.226562500
vn -0.998607934 -0.047178373 0.023589296
vt 0.145751953 0.202148438
vt 0.145507812 0.217285156
v -0.023017902 0.829986572 -0.242706344
vt 0.163818359 0.237792969
vn -0.015702901 0.965723753 -0.259096622
vt 0.148193359 0.225341797
v -0.044948604 0.820251465 -0.306579649
vt 0.138183594 0.214599609
vn -0.895668685 -0.377123713 -0.235702172
vt 0.138427734 0.217773438
v -0.081192039 0.859375000 -0.291290343
vt 0.115966797 0.215087891
vn -0.752276242 -0.587715924 -0.297775894
v -0.099655174 0.889282227 -0.279052794
vt 0.100830078 0.217041016
vn -0.282964885 -0.212223738 0.935356617
vt 0.845947266 0.417724609
vt 0.846923828 0.427490234
vt 0.839599609 0.425292969
vt 0.839843750 0.410888672
vt 0.845947266 0.408203125
vt 0.839599609 0.392333984
v -0.100952178 0.893432617 -0.297271788
vt 0.846191406 0.380371094
vn -0.402023852 0.047296852 -0.914406896
vt 0.114746094 0.002197266
vt 0.135498047 0.002197266
vt 0.119873047 0.005615234
v -0.044796005 0.787078857 -0.248107955
vt 0.976318359 0.602783203
vn -0.794856787 0.417103142 0.440712780
v -0.056541465 0.799957275 -0.289184600
vt 0.961425781 0.601318359
vn -0.133837402 -0.771533966 0.621950924
v -0.059425376 0.784118652 -0.297760040
vt 0.960937500 0.594726562
vn 0.832814634 0.549971998 -0.062854074
v -0.033000961 0.801544189 -0.233963057
vt 0.978515625 0.611328125
vn 0.873339236 -0.416999817 -0.251773566
v -0.054370895 0.811859131 -0.230026275
vt 0.972412109 0.617919922
vn -0.110486656 0.678702950 -0.726054430
vt 0.080322266 0.246337891
vt 0.052978516 0.276367188
vt 0.075683594 0.242675781
vt 0.081054688 0.238281250
vt 0.096435547 0.245849609
vt 0.052246094 0.216308594
v 0.036785111 0.721618652 -0.248580977
vt 0.311279297 0.956054688
vn 0.259963542 -0.724746525 0.638092041
vt 0.309082031 0.978515625
vt 0.304199219 0.959472656
vt 0.316162109 0.963378906
vt 0.317626953 0.957519531
vt 0.318603516 0.940917969
vt 0.303222656 0.945312500
v 0.039882649 0.765258789 -0.202285811
vt 0.309570312 0.935058594
vn 0.442359686 -0.766230047 0.466057390
v 0.057128899 0.765594482 -0.196289107
vt 0.303710938 0.933349609
vn -0.535184324 -0.377777189 -0.755554199
v -0.041790016 0.670623720 -0.205337569
vt 0.792480469 0.643310547
vn 0.975773275 -0.173121020 0.133775249
v -0.049190525 0.625915468 -0.205688506
vt 0.789550781 0.660156250
vn 0.062737964 -0.862645626 0.501902938
v -0.043704998 0.757781982 -0.225128219
vt 0.788330078 0.609619141
vn 0.102027364 -0.164813682 -0.981033564
vt 0.061523438 0.328857422
vt 0.055419922 0.355468750
vt 0.056640625 0.327636719
vt 0.053222656 0.317138672
v -0.028327949 0.769073486 -0.198043868
vt 0.067138672 0.327636719
vn -0.062797628 -0.635827243 0.769272506
v -0.044410713 0.777252197 -0.185195968
vt 0.075439453 0.324218750
vn 0.834464729 -0.330636859 0.440849125
vt 0.054931641 0.369140625
v -0.061141975 0.757141113 -0.185699493
vt 0.082519531 0.335693359
vn -0.920974314 -0.275505185 0.275505275
vt 0.773437500 0.377685547
v -0.059700020 0.668014467 -0.205673248
vt 0.777099609 0.361816406
vn -0.986149132 -0.165673092 0.007889330
v -0.059234627 0.742767334 -0.217880279
vt 0.791503906 0.336914062
vn -0.369415253 -0.133618295 -0.919607818
vt 0.774169922 0.327148438
vt 0.599365234 0.254150391
v -0.073974624 0.803314209 -0.220840484
vt 0.638671875 0.238769531
vn -0.823105574 -0.062712863 -0.564415038
vt 0.624267578 0.251708984
v -0.076248176 0.812377930 -0.197128326
vt 0.634277344 0.228271484
vn -0.978077412 0.165642083 0.126203671
vt 0.611083984 0.231201172
v -0.048816696 0.795471191 -0.228820845
vt 0.639892578 0.244628906
vn 0.440562546 -0.039335974 -0.896859765
vt 0.632324219 0.251708984
vt 0.639160156 0.293212891
v -0.034938823 0.770843506 -0.221527144
vt 0.636474609 0.252197266
vn 0.549615741 0.502505898 -0.667390704
v 0.075302117 0.714279115 -0.181396544
vt 0.878662109 0.524658203
vn 0.604633212 -0.133490473 -0.785238147
v 0.067882538 0.619903564 -0.168869063
vt 0.880615234 0.555664062
vn 0.965366781 -0.251152307 0.070636466
v 0.061260223 0.644332826 -0.171646163
vt 0.874023438 0.552246094
vn -0.125847861 -0.456198215 -0.880934477
v 0.070625305 0.703689575 -0.154007018
vt 0.853271484 0.560546875
vn 0.347135484 -0.165678173 0.923064351
v 0.057884216 0.678466797 -0.162094161
vt 0.860839844 0.554687500
vn -0.764040053 -0.196917549 0.614382923
v 0.062385552 0.731903076 -0.190277144
vt 0.054443359 0.058349609
vn 0.550703168 -0.165210992 -0.818187833
vt 0.088378906 0.056396484
v 0.053096768 0.670104921 -0.180923507
vt 0.078369141 0.060546875
vn -0.938814104 -0.118337959 -0.323456824
vt 0.081298828 0.067871094
vt 0.015136719 0.318359375
v 0.068996422 0.741424561 -0.182632506
vt 0.013427734 0.353027344
vn 0.416844875 -0.149435028 -0.896610022
vt 0.010742188 0.343505859
vt 0.017333984 0.350097656
vt 0.849609375 0.875488281
vt 0.849365234 0.839355469
v 0.086029045 0.740661621 -0.165588439
vt 0.857421875 0.829833984
vt 0.860839844 0.845214844
v 0.041694637 0.781860352 -0.157028243
vt 0.923095703 0.702636719
vn -0.905063093 -0.424986184 -0.015740089
vt 0.923095703 0.743164062
vt 0.916748047 0.739013672
v -0.032901771 0.785217285 -0.168350264
vt 0.832031250 0.719238281
vn 0.780641615 -0.544083416 0.307525396
v -0.052764893 0.651412964 -0.166015655
vt 0.832031250 0.767089844
vn 0.425104737 -0.204679936 0.881698430
v -0.058380127 0.666305542 -0.169891387
vt 0.828857422 0.761962891
vn -0.063133307 -0.378799260 -0.923323095
v 0.037343979 0.759399414 -0.144668624
vt 0.870605469 0.174072266
vn -0.810898066 -0.173201576 -0.558968365
v 0.057338715 0.729370117 -0.151794478
vt 0.874267578 0.187255859
vn -0.550430834 -0.723423421 -0.416754693
v 0.053821567 0.652465820 -0.134872481
vt 0.837646484 0.191650391
vn 0.401861548 -0.764324725 0.504296720
v 0.033811569 0.783447266 -0.134368941
vt 0.875244141 0.165039062
vn -0.337444276 -0.823992133 0.455157608
v 0.049365997 0.743438721 -0.122024588
vt 0.855712891 0.164306641
vn -0.070826493 -0.165262088 0.983703256
vt 0.880371094 0.169433594
vt 0.880615234 0.205078125
vt 0.872070312 0.197998047
v 0.077247620 0.791625977 -0.145080626
vt 0.422363281 0.267822266
vn 0.936891854 -0.047238190 0.346413672
vt 0.461914062 0.306640625
vt 0.430419922 0.291259766
vt 0.418701172 0.304199219
vt 0.410400391 0.287841797
v 0.073959351 0.789215088 -0.130554259
vt 0.428710938 0.264648438
vn 0.737714708 -0.015695995 0.674930215
vt 0.449707031 0.266845703
v 0.046459198 0.784698486 -0.112907462
vt 0.438476562 0.257324219
vn 0.297922552 -0.290082365 0.909447372
vt 0.447265625 0.253906250
v 0.067504883 0.802093506 -0.135604918
vt 0.425292969 0.257812500
vn 0.971823573 -0.055306975 0.229128972
v 0.091537468 0.787872314 -0.169769347
vt 0.411376953 0.270019531
vn 0.953880250 0.275915772 0.118249476
v 0.069168083 0.801940918 -0.170196593
vt 0.411865234 0.260253906
vn 0.638905346 0.741445780 -0.205080852
v 0.061302174 0.806091309 -0.186813399
vt 0.405761719 0.256347656
vn 0.852192044 0.481330752 -0.205157474
v 0.072410583 0.822906494 -0.100837760
vt 0.429443359 0.245361328
vn 0.937560260 -0.078786559 -0.338782430
v 0.084289543 0.784179688 -0.183914244
vt 0.405029297 0.270507812
vn 0.686039507 0.055198595 -0.725467384
vt 0.397949219 0.292236328
vt 0.391845703 0.283447266
vt 0.386230469 0.283447266
vt 0.391845703 0.270263672
vt 0.393798828 0.259277344
v 0.064994797 0.799041748 -0.246292174
vt 0.384033203 0.248535156
vn 0.979999900 0.197580665 -0.023709813
vt 0.381103516 0.265869141
v -0.043796536 0.708267212 -0.133331344
vt 0.294677734 0.535644531
vn 0.416343004 -0.157110631 -0.895530522
v -0.039390560 0.680450439 -0.123519927
vt 0.289306641 0.548339844
vn 0.922805965 -0.149857312 0.354925245
v -0.044872276 0.631668091 -0.123710662
vt 0.271484375 0.554199219
vn 0.834464669 -0.551061451 -0.000000085
v -0.050453182 0.698059082 -0.114807159
vt 0.291259766 0.558837891
vn -0.463519037 -0.157125115 0.872044623
v -0.052333828 0.660659790 -0.126297027
vt 0.277099609 0.560791016
vn -0.890371323 -0.181226060 -0.417607635
v -0.033283234 0.816864014 -0.099868812
vt 0.342041016 0.548828125
vn 0.458401471 -0.142262429 0.877285302
v -0.019710543 0.821594238 -0.125717208
vt 0.340087891 0.536132812
vn 0.991542220 0.031477571 -0.125910252
v -0.021663666 0.795196533 -0.123741187
vt 0.350097656 0.546142578
vn 0.842389286 0.228311136 0.488113254
v -0.035446167 0.825927734 -0.100418128
vt 0.352294922 0.531494141
vn 0.927869141 -0.157265887 0.338121682
v -0.035793308 0.805877686 -0.150192305
vt 0.333251953 0.524169922
vn 0.912481129 0.007866240 -0.409043431
v -0.039787296 0.826446533 -0.150405928
vt 0.341308594 0.519531250
vn 0.552191973 0.780957341 -0.291873038
v -0.031608593 0.813354492 -0.191162154
vt 0.336669922 0.505615234
vn 0.534704208 0.841372967 -0.078633085
v -0.045188904 0.843078613 -0.108711280
vt 0.354736328 0.527343750
vn 0.110634714 0.979908049 -0.165952221
v -0.052909855 0.827850342 -0.150222808
vt 0.344970703 0.515869141
vn -0.490275621 0.854028523 0.173968807
v -0.066642761 0.833465576 -0.096130408
vt 0.363037109 0.521972656
vn -0.959530056 0.228084952 -0.165164888
vt 0.216308594 0.023193359
vt 0.245605469 0.023193359
vt 0.234619141 0.026123047
vt 0.710449219 0.264892578
v -0.070831306 0.806976318 -0.144989043
vt 0.701904297 0.317626953
vn -0.577314079 -0.126534626 0.806658208
vt 0.705566406 0.269531250
v -0.068641663 0.726226807 -0.164199859
vt 0.698486328 0.289550781
vn -0.984587908 -0.141780689 -0.102397002
v -0.047641758 0.798583984 -0.143981978
vt 0.716308594 0.319335938
vn 0.590826094 -0.354495525 0.724746466
vt 0.729248047 0.316650391
vt 0.719726562 0.322753906
vt 0.705322266 0.479492188
vt 0.708740234 0.460449219
v -0.062339783 0.790191650 -0.141555816
vt 0.716796875 0.510498047
vn -0.462933928 -0.164773107 -0.870943189
v -0.074340820 0.812042236 -0.129821807
vt 0.726318359 0.517578125
vn -0.991910815 -0.015744653 0.125957057
vt 0.719482422 0.517578125
vt 0.710205078 0.514892578
vt 0.704345703 0.518066406
v 0.000006191 0.760467529 -0.192733809
vt 0.409667969 0.056640625
vn 0.417258084 0.771533966 -0.480240613
vt 0.395751953 0.029052734
vt 0.403076172 0.029052734
vt 0.404296875 0.058837891
vt 0.389892578 0.039794922
vt 0.415039062 0.041748047
vt 0.423339844 0.034667969
v -0.010278713 0.768035889 -0.216613814
vt 0.416748047 0.051757812
vn 0.522494674 0.791658640 -0.316663563
vt 0.454345703 0.585937500
vt 0.457519531 0.574707031
vt 0.463623047 0.580322266
vt 0.437011719 0.575195312
vt 0.446777344 0.590087891
vt 0.422851562 0.623046875
vt 0.432617188 0.564697266
v 0.011369228 0.765594482 -0.127975509
vt 0.441406250 0.554443359
vn 0.212119043 -0.887757063 0.408525378
vt 0.472656250 0.568359375
v 0.031803139 0.783569336 -0.085319564
vt 0.423095703 0.544189453
vn 0.267385274 -0.927983940 0.259520918
vt 0.932128906 0.637695312
vt 0.930419922 0.619628906
vt 0.942138672 0.617919922
vt 0.936523438 0.606445312
vt 0.930419922 0.608886719
vt 0.944824219 0.608886719
v -0.021112449 0.684005678 -0.207229659
vt 0.395263672 0.011962891
vn -0.694097757 -0.607335627 0.386486411
vt 0.419189453 0.011962891
vt 0.416015625 0.017578125
vt 0.021728516 0.199218750
vt 0.023681641 0.177001953
vt 0.024169922 0.211181641
v 0.066715255 0.712493896 -0.068161055
vt 0.367675781 0.960205078
vn 0.134137064 -0.339288145 -0.931069732
v 0.047676094 0.792327881 -0.074104361
vt 0.338623047 0.953369141
vn -0.881698549 -0.204680055 -0.425104499
v 0.068599701 0.789886475 -0.091529898
vt 0.347167969 0.940917969
vn 0.126105413 -0.323145390 -0.937909722
v 0.090057380 0.819519043 -0.077743582
vt 0.350830078 0.921875000
vn 0.994874716 -0.078958265 0.063166521
v 0.059608471 0.700073242 -0.060306598
vt 0.372802734 0.965332031
vn 0.149941474 -0.284099340 0.946997941
v 0.042663582 0.828704834 -0.051036883
vt 0.323242188 0.959228516
vn -0.798949540 -0.268953323 0.537906766
v -0.007425312 0.764434814 -0.155365035
vt 0.812988281 0.500488281
vn -0.719463110 -0.640401304 0.268810511
vt 0.814208984 0.478759766
vt 0.822265625 0.476318359
vt 0.824218750 0.509033203
v -0.013835903 0.780792236 -0.094162032
vt 0.818847656 0.526855469
vn -0.369654953 -0.896609962 0.243815094
v -0.020944595 0.794708252 -0.123344466
vt 0.806152344 0.517822266
vn -0.910147011 0.329535931 -0.251074910
vt 0.802001953 0.483642578
v -0.014087681 0.788635254 -0.148162887
vt 0.802490234 0.507568359
vn 0.141767383 0.952992380 -0.267783016
vt 0.797119141 0.498291016
vt 0.794433594 0.489013672
vt 0.789306641 0.506347656
vt 0.758300781 0.230712891
vt 0.753173828 0.240722656
vt 0.747802734 0.192626953
vt 0.744628906 0.244628906
vt 0.948730469 0.561767578
vt 0.943115234 0.541015625
vt 0.949951172 0.529296875
vt 0.602294922 0.579345703
vt 0.593017578 0.596191406
v -0.072616585 0.814270020 -0.186416656
vt 0.586181641 0.553955078
vn -0.904922962 0.354100257 -0.236066744
v -0.078086860 0.818328857 -0.154663116
vt 0.570068359 0.558593750
vn -0.918275595 -0.094182141 0.384577096
v -0.067359932 0.827117920 -0.162231475
vt 0.570800781 0.554443359
vn 0.141556725 0.621277332 -0.770698488
vt 0.588867188 0.552490234
v -0.035675064 0.821716309 -0.210449263
vt 0.589599609 0.529785156
vn 0.417322785 0.897637784 -0.141732380
vt 0.583740234 0.536865234
vt 0.598876953 0.534179688
vt 0.600097656 0.542236328
vt 0.604003906 0.529541016
vt 0.497314453 0.444580078
vt 0.476318359 0.507568359
vt 0.475830078 0.490478516
v -0.063224792 0.819488525 -0.101905860
vt 0.484375000 0.437988281
vn -0.670852780 -0.213094458 0.710314929
vt 0.472167969 0.438964844
vt 0.505126953 0.432373047
vt 0.482910156 0.431396484
vt 0.505126953 0.440673828
v 0.042022694 0.798919678 -0.209854171
vt 0.021972656 0.708007812
vn -0.982487082 0.086458810 -0.165057689
vt 0.011962891 0.743652344
vt 0.011962891 0.725341797
vt 0.021728516 0.730712891
vt 0.115234375 0.357910156
vt 0.121093750 0.356445312
vt 0.118408203 0.375976562
vt 0.100830078 0.347656250
vt 0.108642578 0.343994141
v 0.040607445 0.792388916 -0.183334395
vt 0.120849609 0.342285156
vn -0.888882518 0.440508097 -0.125859365
v 0.052101128 0.810729980 -0.182388350
vt 0.128173828 0.348876953
vn -0.329840720 0.934548557 -0.133506939
vt 0.127685547 0.384765625
vt 0.132080078 0.377197266
vt 0.133300781 0.351562500
v 0.025230402 0.783142090 -0.165481612
vt 0.118652344 0.327392578
vn -0.315440238 0.883232474 -0.346984178
vt 0.095947266 0.339355469
vt 0.099609375 0.326904297
vt 0.116455078 0.308105469
vt 0.094970703 0.321289062
v 0.047458645 0.800720215 -0.141494796
vt 0.134765625 0.321777344
vn -0.598276913 0.787206352 -0.149569169
v 0.044979092 0.812255859 -0.137085006
vt 0.140869141 0.321289062
vn -0.986333430 0.157813296 0.047344130
v 0.011065721 0.790985107 -0.127212569
vt 0.129394531 0.307861328
vn -0.071164660 0.972582757 -0.221400976
vt 0.122070312 0.295410156
v -0.010652540 0.801208496 -0.098854110
vt 0.129150391 0.290527344
vn 0.047338035 0.970431209 -0.236690596
v 0.034000397 0.795013428 -0.115760848
vt 0.140625000 0.307861328
vn -0.031445451 0.998391926 0.047168083
v 0.057945251 0.806457520 -0.104263358
vt 0.151367188 0.306152344
vn -0.282702982 -0.738169253 0.612523556
vt 0.982421875 0.891113281
vt 0.977783203 0.885742188
vt 0.982177734 0.881103516
vt 0.978515625 0.906250000
vt 0.257812500 0.993164062
vt 0.264160156 0.988769531
vt 0.262939453 0.997070312
vt 0.380371094 0.032958984
vt 0.379150391 0.037597656
vt 0.372314453 0.032958984
vt 0.382812500 0.060791016
vt 0.122802734 0.133789062
vt 0.135742188 0.139648438
v -0.028278362 0.770477295 -0.198669478
vt 0.126953125 0.144042969
vn 0.188207716 0.870461166 -0.454835594
v -0.025604255 0.789855957 -0.181106612
vt 0.122070312 0.155029297
vn 0.896415889 0.401028186 -0.188719273
vt 0.145019531 0.150634766
vt 0.147460938 0.142578125
vt 0.107666016 0.156005859
vt 0.114746094 0.132568359
vt 0.113037109 0.165527344
vt 0.129394531 0.164306641
vt 0.139648438 0.164550781
vt 0.150634766 0.159667969
vt 0.526123047 0.406005859
vt 0.545410156 0.367431641
vt 0.532226562 0.403808594
vt 0.533447266 0.418701172
v -0.126976028 0.877838135 -0.165527374
vt 0.492675781 0.420898438
vn 0.173335925 0.590917766 0.787890255
vt 0.527587891 0.423583984
v -0.124961868 0.877960205 -0.181259185
vt 0.490966797 0.427490234
vn 0.236956045 0.213260531 -0.947824776
vt 0.537597656 0.420654297
vt 0.545654297 0.437988281
vt 0.532714844 0.439453125
vt 0.922607422 0.051269531
vt 0.911376953 0.048095703
vt 0.923339844 0.040771484
vt 0.931884766 0.051757812
v 0.056812290 0.808624268 -0.092681937
vt 0.923339844 0.055908203
vn -0.181181088 -0.638072312 -0.748356342
vt 0.911132812 0.055664062
vt 0.899902344 0.055664062
vt 0.904296875 0.041503906
v 0.025920875 0.792419434 -0.066276595
vt 0.334472656 0.899169922
vn 0.449348569 -0.859280527 0.244382516
vt 0.344482422 0.905761719
v 0.046386722 0.802337646 -0.085334830
vt 0.334960938 0.909423828
vn 0.994595706 0.102617063 -0.015787369
vt 0.341308594 0.920166016
v 0.040431984 0.803649902 -0.056556750
vt 0.325927734 0.902832031
vn 0.619422138 0.784078717 -0.039204050
v 0.023283008 0.805786133 -0.088363692
vt 0.329101562 0.916748047
vn 0.015703239 0.973605216 -0.227698043
vt 0.340087891 0.931640625
v 0.008687979 0.810180664 -0.070594832
vt 0.320556641 0.916503906
vn 0.299027205 0.952165782 -0.062953189
v 0.026613243 0.803649902 -0.054981280
vt 0.322509766 0.905761719
vn -0.779503405 0.606280386 0.157475501
vt 0.318115234 0.905761719
v 0.006690148 0.798461914 -0.090911910
vt 0.326416016 0.924072266
vn -0.031371906 0.948997796 -0.313718289
vt 0.324462891 0.931640625
v -0.016836161 0.808593750 -0.073082015
vt 0.312988281 0.923828125
vn -0.408853590 0.912057996 -0.031450264
v 0.001616014 0.815582275 -0.017480895
vt 0.296142578 0.914062500
vn -0.134250075 0.987132728 0.086867653
v 0.001018533 0.798950195 -0.045829818
vt 0.298095703 0.927734375
vn -0.903023779 -0.408323824 0.133490607
v -0.012088768 0.791351318 -0.067306563
vt 0.307373047 0.928710938
vn 0.204496399 -0.943829238 0.259553045
v 0.006860379 0.797271729 -0.091117904
vt 0.732177734 0.543701172
vn -0.023592720 -0.912255406 0.408942103
vt 0.733398438 0.520507812
vt 0.741210938 0.543945312
vt 0.724121094 0.541015625
v 0.007637001 0.792327881 -0.068321273
vt 0.732177734 0.554931641
vn 0.102514908 -0.993605554 0.047314581
vt 0.739746094 0.554199219
v 0.016102804 0.799835205 -0.016744660
vt 0.749267578 0.573486328
vn 0.881370842 0.472162992 -0.015738901
vt 0.722900391 0.553466797
vt 0.719970703 0.560791016
vt 0.686279297 0.042480469
vt 0.695556641 0.039550781
vt 0.692138672 0.048095703
v 0.047481541 0.802764893 -0.085540824
vt 0.696289062 0.044921875
vn -0.881370902 -0.236081541 -0.409207761
vt 0.693115234 0.052001953
v 0.044494633 0.827728271 -0.077301078
vt 0.706787109 0.047607422
vn -0.995216072 0.023695573 -0.094782360
vt 0.711914062 0.038818359
vt 0.695068359 0.066894531
v 0.049747471 0.845886230 -0.066764884
vt 0.714843750 0.045410156
vn 0.487901628 0.786938250 -0.377730459
v 0.053756714 0.832977295 -0.119903617
vt 0.707519531 0.064453125
vn -0.362418324 0.890288293 -0.275752962
v 0.073684700 0.839874268 -0.071113639
vt 0.722656250 0.052978516
vn 0.567140102 0.803448558 -0.181169897
vt 0.439453125 0.868408203
v 0.073059089 0.833587646 -0.042797141
vt 0.491455078 0.858154297
vn 0.582316399 -0.062953047 0.810521185
vt 0.490478516 0.870605469
vt 0.482177734 0.844726562
v 0.043304455 0.791992188 -0.041240741
vt 0.617919922 0.104736328
vn 0.861882329 -0.498152167 -0.094886221
vt 0.627441406 0.103759766
vt 0.623046875 0.110107422
v 0.028827680 0.787872314 -0.023616837
vt 0.615478516 0.095947266
vn -0.408853531 -0.912057996 -0.031450182
v 0.040500659 0.806091309 0.015793752
vt 0.599121094 0.109863281
vn 0.181933284 0.972947896 -0.142382681
v 0.027734777 0.787597656 0.036296796
vt 0.593261719 0.089111328
vn -0.541680634 -0.839997709 0.031401891
v 0.028081909 0.795166016 0.001053763
vt 0.609130859 0.089111328
vn -0.938609660 0.339161426 -0.063099705
v 0.041629814 0.788452148 0.035140943
vt 0.591552734 0.098388672
vn -0.031464908 -0.818086505 -0.574233770
v 0.057430286 0.802764893 0.013677546
vt 0.593750000 0.108886719
vn 0.803149521 -0.417322844 -0.425196946
v 0.048164386 0.818756104 0.017799327
vt 0.588867188 0.114257812
vn -0.678745389 0.260448724 -0.686637580
v 0.028585447 0.787475586 -0.024227187
vt 0.559570312 0.474365234
vn 0.834335387 0.094453089 -0.543105245
v 0.012405885 0.787963867 -0.024433179
vt 0.564697266 0.471923828
vn 0.643974662 -0.761774898 -0.070680194
vt 0.560302734 0.478515625
v 0.028047577 0.794952393 0.000679834
vt 0.549560547 0.471435547
vn 0.825289190 -0.463733852 0.322255671
vt 0.574951172 0.484375000
v 0.012000103 0.790100098 0.021865802
vt 0.545654297 0.461425781
vn 0.970672905 -0.220966130 0.094699673
v 0.005578770 0.780181885 -0.018827481
vt 0.566650391 0.465820312
vn -0.322315454 -0.943362474 -0.078613445
v 0.008047426 0.780883789 0.063003495
vt 0.527587891 0.451904297
vn 0.078565054 -0.989919007 0.117847539
vt 0.577880859 0.478271484
v -0.000471578 0.793670654 -0.011265798
vt 0.576904297 0.462646484
vn -0.812132120 -0.551934540 -0.189234540
v 0.004380482 0.788421631 0.012742952
vt 0.574218750 0.453613281
vn -0.565528274 -0.824728906 0.000000110
v -0.014944060 0.787750244 0.005403001
vt 0.588134766 0.453857422
vn -0.958818555 -0.275070906 0.070732653
v -0.003597246 0.803466797 -0.008008046
vt 0.582031250 0.463378906
vn -0.947499692 0.110541560 -0.300041437
vt 0.590332031 0.467529297
v -0.000172124 0.822784424 -0.004598185
vt 0.589111328 0.463378906
vn -0.895641029 0.424250990 -0.133560389
v -0.003910051 0.803161621 -0.006890817
vt 0.594970703 0.461669922
vn -0.708310246 0.605998695 0.362025291
v 0.004557150 0.788574219 0.012324289
vt 0.593994141 0.449707031
vn -0.937182248 0.165385082 0.307143897
vt 0.047363281 0.033447266
vt 0.058837891 0.028808594
vt 0.062744141 0.033203125
vt 0.038330078 0.031005859
vt 0.034423828 0.021972656
vt 0.060546875 0.021972656
v 0.014257446 0.809204102 0.002738192
vt 0.119384766 0.591796875
vn 0.526906073 0.849341214 0.031456973
vt 0.111816406 0.606933594
vt 0.113281250 0.581787109
vt 0.093017578 0.559082031
vt 0.095214844 0.553466797
vt 0.118652344 0.577880859
vt 0.124267578 0.586425781
v -0.000650382 0.806304932 0.071723893
vt 0.165283203 0.600341797
vn -0.402712494 0.900180817 0.165822789
vt 0.507568359 0.631103516
vt 0.512939453 0.640625000
v -0.030349728 0.801544189 -0.083076514
vt 0.497802734 0.631103516
vn -0.991634309 -0.102311522 -0.078701004
vt 0.499267578 0.640869141
vt 0.498291016 0.624511719
vt 0.488525391 0.635986328
v -0.031181324 0.795745850 -0.029520074
vt 0.479003906 0.621826172
vn -0.922834694 -0.378598899 -0.070987143
v -0.015686026 0.812133789 -0.042594951
vt 0.488281250 0.618652344
vn 0.227726012 0.973725259 -0.000000072
vt 0.500732422 0.616455078
v -0.022701252 0.809906006 -0.028755229
vt 0.482910156 0.614013672
vn -0.180911839 0.983216226 0.023597170
v -0.028381329 0.787933350 0.021156274
vt 0.460937500 0.612304688
vn -0.709299326 -0.693537235 0.126097783
v -0.023569083 0.790130615 0.067970239
vt 0.450927734 0.595458984
vn -0.780690074 -0.615089238 -0.110400483
v -0.015148146 0.788421631 0.004394490
vt 0.462646484 0.622070312
vn 0.582316279 -0.810521245 -0.062953144
vt 0.465332031 0.637451172
v -0.004706368 0.802917480 -0.005795522
vt 0.460205078 0.630371094
vn 0.980942965 0.133408278 -0.141255915
v -0.009735085 0.799652100 0.052970845
vt 0.444824219 0.630371094
vn 0.946762204 0.307697743 -0.094676360
vt 0.104736328 0.486572266
vt 0.093750000 0.457275391
vt 0.111328125 0.485351562
v 0.036468502 0.859252930 -0.122108512
vt 0.097656250 0.526367188
vn -0.180338144 0.972257555 -0.148974955
v 0.045738216 0.846252441 -0.134948775
vt 0.092529297 0.519287109
vn 0.930172563 0.354726851 -0.094593957
v 0.024787899 0.844726562 -0.131393477
vt 0.105224609 0.520019531
vn -0.997898698 -0.062859803 0.015715072
vt 0.124267578 0.485595703
v 0.033370961 0.821960449 -0.190017745
vt 0.121093750 0.507324219
vn -0.220780581 -0.946202815 0.236550778
v 0.030693058 0.846710205 -0.070121810
vt 0.101074219 0.544921875
vn -0.561690569 -0.822758079 0.087022610
vt 0.128906250 0.481933594
vt 0.135009766 0.480957031
vt 0.130126953 0.506103516
vt 0.668945312 0.693115234
vt 0.649414062 0.649902344
vt 0.666992188 0.666992188
vt 0.648437500 0.677246094
v 0.042449955 0.845031738 -0.082725577
vt 0.646972656 0.631103516
vn 0.550226748 -0.833200514 0.055022638
vt 0.670166016 0.658203125
vt 0.319824219 0.648681641
vt 0.323242188 0.655517578
vt 0.305175781 0.644042969
v 0.007323394 0.826293945 -0.216644332
vt 0.332763672 0.655273438
vn 0.259697735 -0.920746267 0.291176170
v 0.022610646 0.833618164 -0.246383712
vt 0.320800781 0.645019531
vn 0.997252405 -0.062819004 -0.039262030
vt 0.323242188 0.664062500
v 0.021715157 0.853424072 -0.157897994
vt 0.360107422 0.645019531
vn 0.833612680 -0.487584710 0.259520799
v -0.002499587 0.851593018 -0.147766158
vt 0.363281250 0.654785156
vn -0.361789912 -0.841554999 0.401115060
v 0.008448595 0.861267090 -0.138397262
vt 0.370849609 0.649414062
vn 0.078749947 0.881999195 0.464624524
v -0.005621919 0.860595703 -0.166717574
vt 0.362060547 0.664062500
vn -0.849525154 0.527020156 0.023598010
v -0.006851211 0.830718994 -0.221176192
vt 0.332763672 0.663818359
vn -0.912509382 -0.377590179 0.157329351
v -0.010429399 0.820800781 -0.238098189
vt 0.325439453 0.666503906
vn -0.906045616 -0.386054248 -0.173330337
vt 0.318847656 0.669189453
v -0.007552166 0.838958740 -0.244674727
vt 0.325927734 0.674316406
vn -0.753109276 0.564831793 -0.337330073
v -0.000035776 0.820465088 -0.208419845
vt 0.931884766 0.004394531
vn 0.894620061 -0.227578700 0.384529531
v 0.007646485 0.796630859 -0.240127608
vt 0.914550781 0.004394531
v 0.008024557 0.814483643 -0.230575606
vt 0.922363281 0.000488281
vt 0.076416016 0.639892578
vt 0.073486328 0.644287109
v 0.014358502 0.842926025 -0.247024581
vt 0.070800781 0.639160156
vn 0.157168701 0.880145371 -0.447931170
vt 0.064208984 0.647460938
vt 0.060546875 0.639404297
v 0.012806404 0.864959717 -0.175857589
vt 0.068603516 0.609619141
vn 0.394226611 0.906721354 -0.149806231
vt 0.076416016 0.602783203
vt 0.066894531 0.594726562
vt 0.059326172 0.606445312
v -0.003717436 0.852935791 -0.209472701
vt 0.062011719 0.624023438
vn -0.541931331 0.808969855 -0.227768183
vt 0.054443359 0.630615234
vt 0.880126953 0.786865234
vt 0.875488281 0.759277344
vt 0.885009766 0.757568359
vt 0.888671875 0.777099609
vt 0.871093750 0.758300781
vt 0.871582031 0.799804688
vt 0.326416016 0.346679688
vt 0.332275391 0.358886719
vt 0.339843750 0.390625000
vt 0.334960938 0.365478516
vt 0.340576172 0.363037109
vt 0.334960938 0.350830078
vt 0.332763672 0.334960938
vt 0.318359375 0.339599609
v 0.074516311 0.847015381 -0.011060770
vt 0.335205078 0.320068359
vn 0.976256907 -0.204698980 -0.070857473
v 0.074638382 0.864624023 -0.000343796
vt 0.329833984 0.313232422
vn 0.631115794 0.773116827 -0.063111700
v 0.047401432 0.856140137 -0.069450431
vt 0.313476562 0.337402344
vn 0.748681664 0.630468845 0.204902202
v 0.063365951 0.847991943 0.043304391
vt 0.340576172 0.299316406
vn 0.402211249 0.875400960 0.268140733
v 0.067459121 0.838989258 0.015273041
vt 0.344238281 0.310546875
vn 0.512160301 -0.007879406 -0.858853757
v 0.048667923 0.861145020 0.023191400
vt 0.326904297 0.301269531
vn 0.780860126 0.496911049 0.378598750
v 0.053527843 0.860137939 -0.002802663
vt 0.320556641 0.310058594
vn 0.323597848 0.836619139 -0.441987514
v 0.041419990 0.870910645 -0.032211356
vt 0.310302734 0.320312500
vn 0.331068009 0.938026190 -0.102473535
v 0.043548595 0.874877930 0.002787061
vt 0.313964844 0.306152344
vn 0.150086239 0.979510546 -0.134287789
v 0.038623810 0.864379883 -0.086265616
vt 0.305175781 0.338378906
vn -0.378893644 0.915659547 0.134191483
v 0.024248134 0.861480713 -0.005375911
vt 0.303710938 0.309082031
vn -0.998607934 0.047178283 0.023589293
v 0.025568029 0.860534668 0.063499406
vt 0.300048828 0.286621094
vn -0.810095072 0.582010031 0.070785083
v 0.027833946 0.866729736 -0.031715445
vt 0.302734375 0.318847656
vn 0.015693573 0.988699138 -0.149089605
v 0.023410801 0.855621338 -0.076644942
vt 0.297851562 0.333984375
vn -0.236396581 0.370354384 -0.898306429
v 0.047496803 0.891235352 -0.026737267
vt 0.291503906 0.313964844
vn -0.274757117 0.949874580 0.149153844
vt 0.802734375 0.233154297
vt 0.806640625 0.276123047
vt 0.802001953 0.281250000
v 0.124855034 0.921539307 -0.132919371
vt 0.489013672 0.173339844
vn 0.118095502 -0.456636310 -0.881780446
v 0.123832695 0.922363281 -0.116424628
vt 0.491699219 0.177978516
vn 0.565249503 -0.031402681 0.824322045
v 0.047851562 0.853698730 -0.090789847
vt 0.442626953 0.177734375
vn 0.529202104 -0.410724074 -0.742462814
v 0.113082878 0.931335449 -0.122581549
vt 0.494140625 0.166259766
vn -0.644870281 0.495449007 -0.581955969
vt 0.446533203 0.189941406
vt 0.441406250 0.183593750
vt 0.441650391 0.193359375
vt 0.424804688 0.168212891
vt 0.430908203 0.166015625
v 0.036697384 0.860473633 -0.119300894
vt 0.053955078 0.998046875
vn 0.457317024 -0.157695591 -0.875210464
v 0.029949186 0.889831543 -0.094879195
vt 0.043212891 0.988281250
vn 0.927840471 0.306659192 -0.212302640
v 0.037956238 0.865081787 -0.087440543
vt 0.053955078 0.985595703
vn 0.510263324 -0.478862345 0.714368403
v 0.006857273 0.890655518 -0.108268782
vt 0.037353516 0.997314453
vn -0.455916375 0.267261207 -0.848947465
vt 0.103271484 0.711425781
vt 0.135986328 0.687500000
vt 0.106933594 0.716308594
vt 0.129882812 0.680419922
vt 0.095703125 0.705078125
vt 0.098632812 0.716308594
vt 0.104492188 0.729736328
vt 0.100830078 0.736572266
vt 0.285888672 0.768798828
vt 0.255615234 0.756835938
vt 0.260986328 0.753173828
v 0.010565764 0.853973389 -0.048183486
vt 0.250000000 0.743164062
vn -0.070732437 -0.958818555 0.275070906
v -0.027446743 0.830230713 -0.075210609
vt 0.261718750 0.724609375
vn 0.117655285 -0.964772701 0.235310450
v -0.010459894 0.858581543 -0.051029250
vt 0.250000000 0.730957031
v -0.028930660 0.847442627 -0.065322913
vt 0.254638672 0.720947266
vn -0.361611038 -0.904027700 0.227972299
v -0.012290943 0.857391357 -0.013489767
vt 0.238281250 0.727539062
vn 0.814006865 -0.561111391 0.150156528
v 0.039684303 0.846527100 -0.052692462
vt 0.247070312 0.756347656
vn -0.498152107 -0.790717721 0.355823100
vt 0.243652344 0.768310547
vt 0.256347656 0.762207031
vt 0.251708984 0.768798828
v 0.046882641 0.827301025 -0.033481646
vt 0.240478516 0.765380859
vn -0.268157363 0.047321942 0.962212265
vt 0.225341797 0.770263672
v 0.019277573 0.874298096 -0.097625777
vt 0.046875000 0.727294922
vn -0.480598122 -0.866652429 0.133937284
vt 0.057861328 0.721435547
vt 0.055175781 0.730957031
vt 0.039306641 0.719970703
vt 0.045654297 0.737792969
v -0.003262519 0.890930176 -0.083313033
vt 0.028564453 0.726806641
vn -0.976135910 -0.149569258 0.157441407
v 0.001716132 0.912261963 -0.115036063
vt 0.031250000 0.712402344
vn 0.086267181 0.995994210 0.023527369
v 0.017358780 0.889068604 -0.078796431
vt 0.037841797 0.739990234
vn 0.376612633 0.407996953 0.831686020
v 0.036643982 0.922088623 -0.075607359
vt 0.039306641 0.754150391
vn 0.007861803 0.998453617 0.055032831
v 0.011271003 0.872009277 -0.071098372
vt 0.037841797 0.732666016
vn -0.197328016 -0.781419396 0.591984451
vt 0.316650391 0.256347656
vt 0.297363281 0.251953125
vt 0.315673828 0.245361328
v -0.012723932 0.843658447 -0.170089766
vt 0.346679688 0.254150391
vn 0.813042462 0.568340421 -0.126297995
v -0.024044041 0.854492188 -0.141693160
vt 0.360595703 0.249023438
vn -0.299361229 0.905961275 -0.299361140
v -0.012935648 0.827728271 -0.182708785
vt 0.340332031 0.260253906
vn 0.730925322 -0.660190463 0.172906995
vt 0.317382812 0.260986328
v -0.025981914 0.814117432 -0.211334273
vt 0.326904297 0.264648438
vn -0.102661721 -0.955544472 0.276397169
v -0.025932316 0.833496094 -0.145156905
vt 0.353759766 0.272949219
vn -0.331232727 -0.922719896 0.197162464
v -0.012498857 0.843658447 -0.113876387
vt 0.368408203 0.264404297
vn 0.935558975 -0.338059098 0.102203824
v -0.017808916 0.859161377 -0.111663863
vt 0.376708984 0.262695312
vn 0.573082507 0.816446304 -0.070654117
v -0.034168251 0.870330811 -0.141708419
vt 0.369628906 0.251708984
vn -0.378799289 0.923323095 -0.063133188
v -0.031543735 0.853363037 -0.114730872
vt 0.375000000 0.246337891
vn -0.988699138 0.149089515 -0.015693516
vt 0.172119141 0.766601562
vt 0.180908203 0.765136719
vt 0.167724609 0.781738281
v -0.031528484 0.829772949 -0.187576339
vt 0.191650391 0.762207031
vn -0.983703256 -0.165262178 0.070826761
vt 0.199707031 0.748535156
vt 0.213134766 0.742919922
vt 0.173583984 0.786621094
vt 0.208740234 0.752685547
v -0.029460918 0.838378906 -0.195053145
vt 0.195068359 0.767578125
vn -0.825442255 0.550294697 -0.125781581
vt 0.188476562 0.784667969
vt 0.940673828 0.578857422
vt 0.932373047 0.581298828
vt 0.929687500 0.570800781
v -0.048732750 0.850463867 -0.045440711
vt 0.939453125 0.602050781
vn -0.197137877 0.977803648 -0.070969641
v -0.042194359 0.834838867 -0.043659247
vt 0.931152344 0.602294922
vn 0.850710273 -0.456862837 0.259939134
vt 0.937011719 0.810791016
vt 0.929199219 0.811767578
v -0.130668655 0.865020752 -0.169342071
vt 0.928466797 0.783691406
vn -0.527395666 -0.653340816 -0.543138683
vt 0.936279297 0.780273438
vt 0.685546875 0.081298828
vt 0.715820312 0.086181641
vt 0.682617188 0.086425781
vt 0.677490234 0.081787109
vt 0.807373047 0.131835938
v 0.056495678 0.835540771 -0.026624732
vt 0.813720703 0.122314453
vn -0.243777245 -0.967245400 0.070774123
vt 0.815673828 0.140625000
vt 0.803222656 0.124267578
v 0.057254806 0.841766357 0.007687993
vt 0.802246094 0.116699219
vn 0.094714552 -0.962931275 -0.252572089
v 0.052776348 0.859161377 -0.003191286
vt 0.826171875 0.123291016
vn -0.600964248 -0.798649967 -0.031629588
v 0.034755718 0.853302002 -0.016000798
vt 0.828125000 0.132080078
vn -0.196533769 -0.943362474 0.267286062
vt 0.826171875 0.146728516
v 0.018116962 0.862213135 -0.020912219
vt 0.834228516 0.138183594
vn 0.528872371 0.615702093 0.584127605
vt 0.834716797 0.131347656
v 0.031684894 0.845916748 0.036025953
vt 0.842773438 0.117187500
vn -0.747174978 -0.621335030 -0.235949874
v 0.052089706 0.831604004 -0.003856234
vt 0.034423828 0.298583984
vn -0.997991085 -0.055007428 0.031432923
vt 0.026611328 0.293212891
v 0.056537643 0.790527344 -0.012246182
vt 0.041992188 0.283691406
vn 0.850631118 -0.519829988 0.078762040
vt 0.026611328 0.305664062
vt 0.036376953 0.304687500
vt 0.038330078 0.319580078
v 0.037426013 0.836547852 0.035850476
vt 0.040771484 0.318115234
vn -0.039496377 -0.979510665 -0.197481945
v 0.046531688 0.826660156 -0.032386828
vt 0.214355469 0.000000000
vn 0.805776834 0.426587790 0.410788000
v 0.051815048 0.831573486 -0.003524593
vt 0.223632812 0.006103516
vn -0.846597433 -0.530112445 -0.047472615
v 0.048431411 0.819030762 0.016168544
vt 0.222412109 0.015380859
vn 0.973455191 0.117756724 -0.196261272
v 0.058601398 0.803161621 0.012835451
vt 0.215332031 0.018554688
vn -0.910651684 0.400372684 0.102055892
vt 0.453369141 0.017578125
vt 0.459228516 0.000000000
vt 0.471435547 0.005859375
vt 0.489013672 0.761474609
vt 0.508789062 0.769531250
v 0.011281494 0.871093750 -0.069992110
vt 0.505615234 0.775634766
vn 0.125781581 0.935501158 -0.330176950
v -0.015707014 0.844909668 -0.083641097
vt 0.526367188 0.775878906
vn 0.505002618 -0.331408024 -0.796957493
vt 0.525390625 0.769287109
vt 0.529296875 0.768798828
vt 0.545898438 0.762451172
vt 0.553466797 0.771972656
vt 0.539306641 0.775878906
vt 0.536132812 0.781250000
v -0.010805124 0.858764648 -0.052459762
vt 0.513671875 0.785644531
vn 0.110496774 0.915545404 -0.386739045
v -0.005910868 0.873443604 -0.048206378
vt 0.505371094 0.785644531
vn -0.401749253 0.905905068 -0.133916378
v -0.031803124 0.868865967 -0.035377547
vt 0.508056641 0.799804688
vn -0.573029637 0.659376383 -0.486682564
vt 0.539306641 0.788330078
v -0.024131767 0.877746582 -0.028358504
vt 0.502441406 0.799804688
vn 0.496849179 0.867514491 0.023659384
vt 0.657226562 0.007080078
vt 0.654541016 0.022460938
vt 0.644287109 0.021240234
vt 0.642822266 0.008789062
vt 0.635498047 0.023437500
vt 0.635253906 0.008300781
v 0.094230652 0.938751221 -0.056415617
vt 0.473144531 0.083496094
vn -0.448902518 0.338645607 -0.826925457
v 0.041393287 0.871398926 -0.032020621
vt 0.474121094 0.050781250
vn 0.403051823 -0.734977007 -0.545305490
v 0.049312599 0.892517090 -0.027746255
vt 0.479003906 0.058105469
vn -0.643974662 0.651827991 0.400520861
v 0.088569649 0.921295166 -0.037208617
vt 0.480468750 0.076660156
vn 0.746690273 -0.385134935 0.542332768
vt 0.084472656 0.043212891
vt 0.107910156 0.049804688
vt 0.076171875 0.049072266
vt 0.102539062 0.042968750
vt 0.468017578 0.094726562
vt 0.474609375 0.095947266
vt 0.480224609 0.110351562
vt 0.482421875 0.088134766
vt 0.467773438 0.089599609
v 0.001163016 0.881744385 -0.011167573
vt 0.459716797 0.102539062
vn -0.063166671 0.994874597 0.078958265
v 0.015401855 0.870910645 0.021808576
vt 0.451171875 0.091552734
vn 0.903385937 -0.062844217 -0.424198776
v 0.018619556 0.866546631 0.042823743
vt 0.443603516 0.088134766
vn -0.023648409 0.788281858 0.614859760
v -0.002578720 0.862487793 0.024553254
vt 0.443603516 0.103271484
vn -0.959085226 0.007861299 -0.283008605
vt 0.469238281 0.114257812
v -0.003246297 0.861663818 -0.016387984
vt 0.458007812 0.110839844
vn -0.556764245 -0.823383868 0.109784625
vt 0.464111328 0.123291016
vt 0.456787109 0.119140625
vt 0.386474609 0.914794922
vt 0.378417969 0.906250000
vt 0.381835938 0.904785156
vt 0.366210938 0.900634766
v -0.056083672 0.830017090 -0.056522407
vt 0.400878906 0.903076172
vn -0.055255234 -0.947234035 0.315744698
vt 0.392333984 0.916748047
v -0.075386040 0.839630127 -0.058471713
vt 0.406005859 0.909912109
vn -0.731445074 0.676389933 -0.086514935
vt 0.390869141 0.927246094
v -0.069862358 0.827697754 -0.040485416
vt 0.409179688 0.901855469
vn -0.276070118 -0.378610581 0.883424819
vt 0.414550781 0.918945312
vt 0.722412109 0.030029297
vt 0.726562500 0.047363281
vt 0.714111328 0.030273438
vt 0.715576172 0.019775391
vt 0.726074219 0.020996094
vt 0.059326172 0.998046875
vt 0.059326172 0.985839844
vt 0.065673828 0.990966797
v -0.045135487 0.835052490 -0.011982957
vt 0.967773438 0.223632812
vn -0.181096718 -0.976347685 -0.118106514
vt 0.954345703 0.229248047
vt 0.955078125 0.222167969
v -0.066925034 0.852020264 -0.004489459
vt 0.970703125 0.233642578
vn -0.994998753 -0.031587310 -0.094761662
v -0.038501728 0.856689453 -0.006753485
vt 0.970458984 0.215332031
vn 0.559993327 -0.828159094 -0.023661723
vt 0.949218750 0.212402344
vt 0.969238281 0.204589844
v -0.056220993 0.833770752 0.015505753
vt 0.115478516 0.423828125
vn 0.125580013 -0.792724073 -0.596505165
vt 0.110351562 0.438964844
vt 0.101562500 0.438720703
v -0.053997029 0.865905762 0.002227506
vt 0.118408203 0.447265625
vn -0.386390179 0.914719522 0.118282720
v -0.047847729 0.851257324 0.045501672
vt 0.135009766 0.428955078
vn -0.031578414 0.971035898 0.236837983
v -0.058685288 0.845855713 0.026294671
vt 0.123291016 0.429199219
vn -0.819482207 0.543694854 -0.181231573
v -0.071746811 0.819366455 0.017032590
vt 0.116455078 0.415527344
vn -0.588638365 -0.000000061 -0.808396459
v -0.047748551 0.822174072 0.016227685
vt 0.111328125 0.420410156
vn 0.525963485 -0.133453444 -0.839971781
v -0.059265114 0.705642700 0.033706632
vt 0.103759766 0.357421875
vn 0.291329622 -0.944852650 0.149601668
v -0.038471203 0.834411621 0.035545312
vt 0.109375000 0.427490234
vn 0.937473059 -0.346628696 0.031511594
vt 0.596923828 0.117675781
vt 0.608642578 0.128173828
vt 0.591796875 0.124023438
vt 0.603759766 0.118408203
v -0.028827652 0.874725342 0.008869128
vt 0.614746094 0.114501953
vn -0.086673334 0.984923959 0.149708405
v -0.012027722 0.863342285 0.040264085
vt 0.630859375 0.114501953
vn 0.426467925 0.900321186 0.086873010
vt 0.626220703 0.121582031
v -0.024650555 0.848510742 0.045337636
vt 0.631591797 0.135253906
vn -0.133560449 -0.989919007 0.047139063
vt 0.610839844 0.139160156
vt 0.630126953 0.145019531
vt 0.620361328 0.150878906
vt 0.610107422 0.148681641
vt 0.945312500 0.725585938
vt 0.935302734 0.736083984
vt 0.945556641 0.706054688
vt 0.945800781 0.736572266
v -0.035045613 0.868927002 -0.018238109
vt 0.975830078 0.571044922
vn -0.966319621 -0.054993831 0.251400352
vt 0.977294922 0.562255859
vt 0.991210938 0.560058594
v -0.038722981 0.857757568 -0.006847422
vt 0.980957031 0.573242188
vn -0.474104792 0.821781397 -0.316069752
vt 0.982666016 0.580322266
vt 0.991210938 0.579589844
v -0.093803398 0.918304443 -0.009609259
vt 0.946777344 0.431396484
vn -0.661663592 -0.047261741 -0.748309851
vt 0.941406250 0.399169922
vt 0.947998047 0.401123047
vt 0.936279297 0.400634766
vt 0.113525391 0.229736328
vt 0.127929688 0.222412109
vt 0.126708984 0.232177734
v -0.076393120 0.908264160 0.001439653
vt 0.152832031 0.237792969
vn 0.440712780 0.385623634 0.810596466
vt 0.115722656 0.236328125
vt 0.094482422 0.235595703
vt 0.055175781 0.123046875
vt 0.062500000 0.128173828
vt 0.062011719 0.154785156
vt 0.085449219 0.122802734
v 0.083572470 0.025848359 0.272796631
vt 0.706787109 0.921630859
vn -0.236191094 -0.810923040 0.535366774
v 0.074119642 0.031799287 0.222625703
vt 0.714599609 0.950439453
vn -0.282485574 -0.384494185 -0.878843725
v 0.114013754 0.022216767 0.252044678
vt 0.700683594 0.934570312
vn 0.931243658 -0.031567559 -0.363027334
v 0.094017111 0.050109833 0.271484375
vt 0.691406250 0.929687500
vn 0.903804362 -0.306507528 0.298648268
v 0.079910360 0.056488007 0.260650635
vt 0.686523438 0.943115234
vn 0.353172004 0.604316652 -0.714192569
v 0.092025839 0.072265595 0.275573730
vt 0.681884766 0.933105469
vn 0.653037429 0.755320430 0.055075329
v 0.061969839 0.085021943 0.260284424
vt 0.675292969 0.952880859
vn 0.338278592 0.369746476 -0.865364194
v 0.063800901 0.070526093 0.281341553
vt 0.667724609 0.940673828
vn -0.110331900 -0.181259722 0.977226615
v 0.104065023 0.043487519 0.282684326
vt 0.669189453 0.920410156
vn 0.377859116 0.566788614 0.732101858
vt 0.410400391 0.094238281
v 0.058837973 0.043304414 0.260528564
vt 0.424072266 0.093017578
vn -0.905624151 -0.362249702 -0.220499665
vt 0.421630859 0.110107422
vt 0.433105469 0.097900391
vt 0.438964844 0.084716797
v 0.050468527 0.061675996 0.264984131
vt 0.428222656 0.085693359
vn -0.908162117 -0.244808972 -0.339573532
vt 0.420410156 0.079345703
vt 0.405761719 0.083984375
vt 0.401123047 0.079345703
v 0.122665487 0.032257050 0.275268525
vt 0.955322266 0.675048828
vn 0.701396406 -0.409804702 -0.583183706
vt 0.949462891 0.687500000
vt 0.940429688 0.686035156
vt 0.946044922 0.673583984
v 0.097564787 0.036102265 0.289520264
vt 0.958007812 0.687500000
vn -0.669021904 0.306962878 -0.676892519
vt 0.954345703 0.690185547
v 0.094093412 0.025726289 0.298431396
vt 0.964111328 0.686279297
vn -0.125607044 -0.965604722 0.227662951
v 0.079216093 0.046844453 0.313598633
vt 0.968261719 0.694091797
vn 0.822166443 -0.260879755 -0.505948782
vt 0.362792969 0.578857422
v 0.105285734 0.037811249 0.300903320
vt 0.360595703 0.569824219
vn 0.607468009 -0.654803097 0.449683994
vt 0.371826172 0.577636719
vt 0.366699219 0.568359375
v 0.100029081 0.073516816 0.328704834
vt 0.342773438 0.571777344
vn -0.094696976 0.654986501 -0.749683440
v 0.110092252 0.044738740 0.320373535
vt 0.354248047 0.565917969
vn -0.337402821 -0.878816724 -0.337402761
v 0.126655668 0.062866181 0.310546845
vt 0.350830078 0.560302734
vn 0.062943235 0.243905514 -0.967754304
vt 0.360351562 0.584472656
v 0.107879728 0.084686279 0.344604492
vt 0.334960938 0.564697266
vn 0.636494339 0.762221634 -0.117869444
v 0.075828642 0.069396943 0.339019775
vt 0.336669922 0.581542969
vn 0.423571646 0.439259589 -0.792236090
vt 0.347412109 0.591064453
v 0.065773100 0.110809296 0.315979004
vt 0.320068359 0.589355469
vn 0.765299261 0.126234934 -0.631174862
v 0.070747465 0.119811982 0.327636719
vt 0.316406250 0.580322266
vn 0.861021340 0.055294964 -0.505553961
v 0.096702665 0.097625732 0.346740723
vt 0.328857422 0.569335938
vn 0.589656115 0.416690409 -0.691863358
v 0.101791479 0.097076416 0.365570068
vt 0.326660156 0.561767578
vn 0.795226395 0.480285317 0.370055705
v 0.072319120 0.135711670 0.349578828
vt 0.310546875 0.570068359
vn 0.957459331 0.204048753 -0.204048857
v 0.081382848 0.113616943 0.367797852
vt 0.315185547 0.561523438
vn 0.903944075 0.125766188 0.408739775
v 0.076866239 0.197601318 0.349487275
vt 0.286376953 0.566162109
vn 0.951782763 0.000000028 -0.306773096
v 0.137840360 0.049194306 0.331542939
vt 0.352050781 0.794677734
vn 0.997744679 0.062850103 -0.023568904
v 0.133949369 0.030212373 0.323272675
vt 0.354003906 0.801025391
vn 0.362835109 -0.678343952 -0.638905466
vt 0.344970703 0.806152344
vt 0.366455078 0.806884766
v 0.133842558 0.060211152 0.314575166
vt 0.346191406 0.798828125
vn 0.747267425 0.660741806 -0.070793882
vt 0.333984375 0.788574219
v 0.121490568 0.073028564 0.348602265
vt 0.344726562 0.781982422
vn 0.704355597 0.609386325 0.364048809
v 0.144188017 0.039276123 0.344116181
vt 0.356445312 0.791259766
vn 0.614382863 -0.669519663 0.417465180
v 0.120323278 0.047882080 0.355194092
vt 0.363769531 0.783447266
vn 0.157675982 -0.985474706 -0.063070357
v 0.103424169 0.060577393 0.350463867
vt 0.371582031 0.789794922
vn -0.355378807 -0.908190489 0.221124724
v 0.120575048 0.030883789 0.393066406
vt 0.371093750 0.765625000
vn -0.699012697 -0.714720964 0.023562349
vt 0.367919922 0.813964844
v 0.103157140 0.064636230 0.355285645
vt 0.374023438 0.788085938
vn 0.965366781 0.094182171 0.243303686
v 0.140464887 0.026458740 0.407562226
vt 0.378173828 0.753662109
vn 0.574642956 0.590386569 0.566770971
v 0.082626440 0.054718018 0.346740723
vt 0.382324219 0.793701172
vn 0.740249336 -0.653624356 -0.157499924
vt 0.383544922 0.810302734
vt 0.374755859 0.817626953
vt 0.168457031 0.375488281
v 0.063026518 0.015960664 0.307769775
vt 0.180664062 0.387695312
vn 0.363015801 -0.426149070 -0.828623235
vt 0.166748047 0.387695312
v 0.071624853 0.011383027 0.336822510
vt 0.189453125 0.375976562
vn 0.363889456 -0.870170414 -0.332246900
v 0.078476049 0.011291504 0.354675293
vt 0.183837891 0.367675781
vn 0.670268595 -0.504672885 -0.544100523
vt 0.157226562 0.365478516
v 0.066280469 0.005554199 0.381378174
vt 0.187011719 0.354003906
vn 0.228085145 -0.668524981 0.707850039
vt 0.146484375 0.365722656
vt 0.148681641 0.370361328
vt 0.145263672 0.359130859
v 0.095779523 0.062652588 0.407073975
vt 0.152587891 0.341796875
vn 0.803373814 0.472572923 0.362305701
v 0.093414403 0.052001953 0.385040283
vt 0.162353516 0.346923828
vn 0.916487932 -0.395037860 -0.063206166
v 0.093467809 0.008911133 0.378326416
vt 0.177246094 0.356201172
vn 0.794955432 -0.432896435 0.425025612
v 0.070442297 0.042419434 0.379852295
vt 0.175537109 0.341064453
vn -0.054883692 -0.729170620 0.682127476
v 0.049057107 0.047485352 0.390075684
vt 0.184326172 0.337158203
vn -0.550686121 -0.574287117 0.605754972
v 0.032938104 0.002929688 0.385498047
vt 0.199707031 0.345703125
vn -0.385337234 -0.880771041 0.275241017
v 0.040077303 0.013275117 0.339447021
vt 0.204589844 0.375000000
vn -0.540947795 -0.807501793 -0.235194609
v 0.030313587 0.041625977 0.354034424
vt 0.217773438 0.368652344
vn -0.990744889 -0.133671969 0.023589300
v 0.026722046 0.019165009 0.323577881
vt 0.210693359 0.381347656
vn -0.338918954 -0.488674015 0.803947687
v 0.033422567 0.006805420 0.363403320
vt 0.211669922 0.353759766
vn -0.920917392 -0.283359230 -0.267616898
v 0.028942205 0.029846191 0.371032715
vt 0.219970703 0.351074219
vn 0.629122078 -0.149416536 -0.762810767
v 0.030405140 0.079162598 0.365447998
vt 0.234130859 0.366699219
vn 0.943391562 0.031446412 -0.330187172
v 0.029806230 0.048126191 0.335601807
vt 0.223388672 0.376220703
vn -0.997744679 0.023568731 0.062850192
v 0.023679823 0.094970673 0.324981689
vt 0.243408203 0.384277344
vn -0.125583783 0.078489974 0.988973260
v 0.035516828 0.100830048 0.330841064
vt 0.248779297 0.380859375
vn -0.987872243 0.039514851 0.150156721
v 0.026184173 0.127258301 0.357879639
vt 0.258544922 0.372314453
vn -0.995464504 0.007900472 0.094806276
v 0.028028578 0.165191650 0.351592988
vt 0.273681641 0.372314453
vn -0.991910815 0.015744567 -0.125956789
v 0.039421175 0.099700928 0.370361328
vt 0.248779297 0.364013672
vn -0.630527437 0.133987099 0.764514744
v 0.032169431 0.184478760 0.366424531
vt 0.282714844 0.369384766
vn -0.729709148 0.039231677 0.682631314
v 0.027916053 0.066223145 0.388153076
vt 0.240722656 0.357666016
vn 0.722775817 0.102131419 0.683494270
v 0.051574804 0.080871582 0.386260986
vt 0.250000000 0.356689453
vn -0.462734312 0.203916892 0.862725258
v 0.042800993 0.190612793 0.366882294
vt 0.280517578 0.362304688
vn -0.568570614 0.047380913 0.821268976
v 0.022632681 0.032348603 0.260772705
vt 0.208496094 0.852783203
vn 0.970038831 -0.236594796 -0.055205576
v 0.006610890 0.026428193 0.232986435
vt 0.201904297 0.840820312
vn -0.078801312 -0.772252381 -0.630410016
v 0.026920399 0.050262421 0.242416367
vt 0.213378906 0.844238281
vn 0.749053836 -0.015769552 -0.662321448
v 0.006877441 0.059997529 0.230834946
vt 0.212402344 0.834960938
vn -0.000000135 0.110431477 -0.993883729
v 0.006262379 0.120391816 0.243057236
vt 0.236083984 0.831054688
vn -0.055142183 0.165426090 -0.984679401
v 0.028442461 0.111114472 0.251831055
vt 0.235839844 0.842529297
vn 0.946290970 0.070971854 -0.315430462
v -0.000463401 0.028381318 0.272857666
vt 0.198730469 0.855468750
vn -0.794758379 -0.590167165 -0.141639963
v 0.025375446 0.151031464 0.270629853
vt 0.251220703 0.852539062
vn 0.896554530 0.047187105 -0.440412879
v 0.024925319 0.022857636 0.286895752
vt 0.203613281 0.863281250
vn 0.860055983 -0.433973163 -0.268274426
v 0.029115759 0.133270234 0.286895722
vt 0.244873047 0.865478516
vn 0.937182188 -0.307143718 -0.165385202
vt 0.260986328 0.804931641
vt 0.270019531 0.813476562
v -0.012136372 0.021667451 0.297424316
vt 0.258789062 0.816650391
vn -0.598964036 -0.646250546 -0.472866148
v -0.008884348 0.096801728 0.269805908
vt 0.230957031 0.799072266
vn -0.968503952 -0.078740209 -0.236220345
v -0.018184578 0.099670380 0.285949707
vt 0.226318359 0.806640625
vn -0.850631177 -0.078762203 -0.519829988
v -0.011501232 0.051544160 0.242507920
vt 0.251708984 0.789306641
vn -0.936079800 -0.062929787 -0.346113414
vt 0.265625000 0.787597656
v -0.009324949 0.130950898 0.255371064
vt 0.219482422 0.785888672
vn -0.878762662 0.078460887 -0.470765561
vt 0.253906250 0.778564453
vt 0.227050781 0.774169922
vt 0.539306641 0.540527344
v 0.028120130 0.020172089 0.310668945
vt 0.546630859 0.545166016
vn 0.527788162 -0.748356342 -0.401749223
vt 0.532470703 0.552246094
vt 0.547851562 0.550048828
v 0.032310572 0.070800751 0.298431396
vt 0.549316406 0.524658203
vn 0.830765963 -0.094048962 -0.548619092
v 0.042842954 0.019500703 0.315765381
vt 0.554931641 0.546386719
vn 0.252163887 -0.583129287 -0.772252202
vt 0.546142578 0.502929688
v 0.040947046 0.100219697 0.307250977
vt 0.555419922 0.513183594
vn 0.911804318 -0.039301891 -0.408740014
vt 0.551025391 0.555664062
v 0.055557344 0.023742646 0.335357666
vt 0.557128906 0.555664062
vn -0.141294926 -0.973365247 -0.180543497
vt 0.560791016 0.563720703
vt 0.564697266 0.549804688
v 0.045024961 0.061401337 0.314819336
vt 0.558837891 0.529785156
vn 0.102616876 0.015787194 -0.994595706
v 0.041442957 0.128814667 0.323089600
vt 0.567871094 0.504882812
vn 0.638547838 0.086716399 -0.764680982
v 0.042255484 0.157867402 0.298492402
vt 0.567382812 0.493896484
vn 0.980152965 -0.015808865 0.197611347
v 0.052742090 0.107879609 0.314086914
vt 0.572998047 0.515625000
vn -0.275070995 0.070732452 -0.958818495
v 0.062446680 0.081939667 0.307250977
vt 0.571533203 0.526367188
vn 0.023568638 0.062850013 -0.997744679
vt 0.575683594 0.541748047
vt 0.578125000 0.516113281
vt 0.819091797 0.214111328
v 0.004021019 0.083709687 0.330017090
vt 0.810058594 0.208007812
vn -0.141416863 -0.007856463 0.989919007
vt 0.821289062 0.184326172
v -0.008415131 0.020050019 0.322174072
vt 0.807128906 0.182861328
vn 0.102109417 -0.267055035 0.958256423
v 0.006953207 0.143676728 0.324829072
vt 0.807617188 0.230712891
vn 0.000000124 0.133709177 0.991020679
v 0.011641597 0.013732910 0.347625732
vt 0.833007812 0.571533203
vn 0.165349156 -0.724387109 -0.669270575
v -0.003762152 0.049163818 0.344024658
vt 0.820556641 0.559570312
vn -0.354451746 -0.102397189 -0.929450870
v 0.018359277 0.067016602 0.345214844
vt 0.832031250 0.553710938
vn 0.645569146 0.007872791 -0.763661325
v -0.006885436 0.083099365 0.347106934
vt 0.818847656 0.547851562
vn -0.701745391 0.063078165 -0.709629953
vt 0.845214844 0.566406250
v 0.013524622 0.130432129 0.346282929
vt 0.830810547 0.532958984
vn 0.337319613 -0.007844672 -0.941357493
v -0.001917749 0.126159668 0.347320557
vt 0.822753906 0.531494141
vn -0.588475287 -0.023539068 -0.808172464
v 0.017432302 0.151245117 0.357208222
vt 0.835693359 0.523681641
vn 0.943362415 0.078613564 -0.322315603
vt 0.845214844 0.548828125
v 0.031303499 0.139465332 0.370269746
vt 0.846923828 0.523925781
vn 0.955216885 0.205253243 -0.213147715
vt 0.924804688 0.092041016
v 0.059692465 0.108520478 0.278839111
vt 0.931396484 0.082519531
vn 0.954978824 0.260448813 -0.142063096
vt 0.932128906 0.094482422
v 0.032774054 0.160064667 0.275299042
vt 0.923095703 0.063476562
vn 0.378787279 0.181502268 -0.907511532
vt 0.915039062 0.095703125
vt 0.911865234 0.068603516
vt 0.902343750 0.095703125
vt 0.901611328 0.063232422
vt 0.895751953 0.084472656
vt 0.982666016 0.148681641
vt 0.982666016 0.125732422
vt 0.990478516 0.139648438
v 0.048694693 0.165771455 0.290649384
vt 0.200683594 0.028564453
vn 0.851132810 0.425566465 -0.307353675
vt 0.225830078 0.033447266
vt 0.194335938 0.036376953
vt 0.198974609 0.022705078
vt 0.306396484 0.833007812
v 0.017911989 0.136321992 0.251617402
vt 0.313232422 0.827880859
vn 0.644551218 0.196509570 -0.738875985
vt 0.310058594 0.836914062
v -0.000567362 0.211242646 0.258026093
vt 0.312744141 0.799804688
vn -0.331408143 0.228829294 -0.915317357
vt 0.298339844 0.824707031
v 0.007742420 0.231369004 0.266143769
vt 0.323730469 0.796386719
vn 0.180604637 0.062819012 -0.981547654
vt 0.323242188 0.827636719
v 0.030798035 0.225158677 0.276550263
vt 0.333740234 0.801757812
vn 0.752368689 0.023511527 -0.658322692
vt 0.328125000 0.827148438
vt 0.325927734 0.833740234
v 0.035438620 0.200042695 0.292388886
vt 0.338867188 0.813720703
vn 0.843330443 0.039407983 -0.535948455
vt 0.334472656 0.827880859
v 0.044052202 0.249267563 0.303863496
vt 0.356933594 0.811523438
vn 0.998885930 0.000000046 0.047191329
vt 0.252197266 0.869384766
v 0.036907282 0.178894013 0.323242158
vt 0.262451172 0.876220703
vn 0.999969006 0.007873815 -0.000000131
vt 0.242431641 0.877929688
vt 0.265380859 0.841796875
v 0.044468008 0.229309067 0.325561494
vt 0.279541016 0.882080078
vn -0.141417116 0.007856450 -0.989919007
vt 0.236083984 0.885253906
v 0.063022695 0.234359726 0.321197480
vt 0.280761719 0.890625000
vn 0.440685302 0.031477507 -0.897109687
vt 0.236328125 0.890869141
vt 0.239257812 0.897216797
vt 0.519775391 0.882080078
v 0.024725042 0.231719956 0.312957734
vt 0.526123047 0.925048828
vn -0.605604887 0.047190007 0.794365048
v 0.017158590 0.233840927 0.312194794
vt 0.522460938 0.925292969
vn 0.306309104 0.054978594 0.950343251
v 0.020755846 0.256378174 0.306915253
vt 0.519775391 0.930908203
vn -0.970038831 0.236594796 -0.055205345
vt 0.524902344 0.883056641
v 0.034538351 0.258056641 0.322601289
vt 0.538330078 0.928222656
v 0.032184687 0.227355942 0.341033906
vt 0.545898438 0.917236328
vn -0.999876022 -0.000000044 -0.015745949
vt 0.542724609 0.895263672
v 0.031425558 0.288467407 0.353301972
vt 0.561279297 0.930419922
vn -0.976347685 0.039368823 0.212591976
vt 0.552734375 0.894042969
vt 0.544433594 0.883544922
v 0.004341449 0.171936005 0.318359345
vt 0.294677734 0.803466797
vn -0.007844277 0.086288489 0.996239305
vt 0.276367188 0.804199219
v 0.006185017 0.252990723 0.318695039
vt 0.270996094 0.798095703
vn 0.363197029 0.007895642 0.931678951
v -0.002761761 0.244506821 0.311767548
vt 0.273681641 0.794433594
vn -0.779213548 0.078708440 0.621796846
v -0.013158713 0.147338837 0.317932099
vt 0.302246094 0.797363281
vn 0.229022071 0.063178517 0.971368909
v -0.009035030 0.253234863 0.311126679
vt 0.271728516 0.791015625
vn 0.729911625 0.031394105 0.682820320
v -0.020847239 0.251037598 0.322814912
vt 0.274414062 0.783203125
vn 0.925053060 0.015812930 0.379508793
v -0.021512896 0.096588105 0.331176758
vt 0.319580078 0.788085938
vn 0.989674628 0.023563730 0.141381949
v -0.016351620 0.297851562 0.329132050
vt 0.261718750 0.773681641
vn 0.965366721 -0.031394012 -0.259000957
v -0.019157324 0.199401826 0.338317841
vt 0.292480469 0.773925781
vn 0.995495498 0.000000039 -0.094809227
vt 0.896240234 0.194824219
vt 0.887207031 0.201171875
v 0.074050985 0.191619843 0.331817597
vt 0.889892578 0.173095703
vn 0.997375369 0.015706738 -0.070680276
v 0.069599241 0.227828965 0.332824677
vt 0.888916016 0.158203125
vn 0.900208890 0.031586301 -0.434311479
v 0.069923483 0.222396836 0.341644257
vt 0.893798828 0.160400391
vn 0.948653579 0.007905474 -0.316217989
vt 0.150878906 0.931640625
vt 0.173583984 0.925781250
vt 0.198242188 0.937011719
vt 0.184326172 0.925292969
vt 0.179687500 0.919189453
vt 0.197753906 0.902587891
vt 0.842773438 0.832763672
v 0.013948049 0.222167954 0.342956513
vt 0.833251953 0.865722656
vn 0.472162843 -0.015738783 -0.881370902
vt 0.833740234 0.833251953
v 0.018584339 0.198181152 0.349395722
vt 0.827880859 0.857910156
vn 0.941270530 -0.015687818 -0.337288737
vt 0.828857422 0.839843750
v 0.005191650 0.225524887 0.341583222
vt 0.837158203 0.867675781
vn -0.031479608 -0.007869914 -0.999473393
v -0.001071845 0.243957505 0.343597382
vt 0.839355469 0.874267578
vn -0.687065899 -0.007897370 -0.726552248
v -0.006838713 0.258926392 0.352539033
vt 0.842773438 0.879638672
vn -0.999690175 -0.007871619 0.023614859
vt 0.860595703 0.722412109
vt 0.864257812 0.679687500
vt 0.865722656 0.725341797
v 0.029466711 0.284271240 0.330657929
vt 0.734863281 0.880859375
vn -0.955544531 -0.039485358 -0.292191178
vt 0.746337891 0.878417969
vt 0.749267578 0.888427734
v 0.026208952 0.435562134 0.332336396
vt 0.699218750 0.892089844
vn -0.977074802 -0.007879669 0.212750301
v 0.035207827 0.394172668 0.344848603
vt 0.707763672 0.905517578
vn -0.999969006 -0.000000043 0.007873903
v 0.033680044 0.368316650 0.355682343
vt 0.715820312 0.907470703
vn -0.992710948 -0.023636013 0.118180007
vt 0.736572266 0.901611328
v 0.044078913 0.313858032 0.367034882
vt 0.731201172 0.909912109
vn -0.385862559 0.047248516 0.921345651
v 0.007118371 0.146636933 0.324768037
vt 0.324707031 0.897705078
vn 0.983216226 -0.023597140 0.180911660
v 0.004895769 0.275497437 0.328460664
vt 0.273437500 0.897705078
vn -0.987317383 0.015797043 0.157970920
v 0.004190053 0.169006318 0.318511933
vt 0.315673828 0.894775391
vn -0.989949524 -0.000000049 -0.141421214
vt 0.907958984 0.612304688
vt 0.908203125 0.655517578
vt 0.904052734 0.620117188
vt 0.903808594 0.648437500
vt 0.959472656 0.732177734
vt 0.950927734 0.704345703
vt 0.964599609 0.722412109
vt 0.950195312 0.732421875
vt 0.985351562 0.974121094
vt 0.982177734 0.983642578
vt 0.965820312 0.989013672
vt 0.781005859 0.407226562
v 0.118232831 0.028747559 0.428436279
vt 0.780517578 0.419677734
vn 0.905624092 0.157499880 -0.393749744
vt 0.769531250 0.408447266
v 0.086235151 0.024566650 0.410491943
vt 0.768554688 0.428710938
vn 0.015792632 -0.908077240 -0.418505162
vt 0.762207031 0.412109375
v 0.079910383 0.034210205 0.426269531
vt 0.759521484 0.432373047
vn -0.299027234 -0.952165782 -0.062953025
vt 0.750000000 0.411865234
v 0.059131730 0.020629883 0.433502197
vt 0.748535156 0.429931641
vn 0.180738568 -0.974416494 -0.133589342
v 0.106132612 0.024139404 0.440032959
vt 0.767333984 0.444824219
vn 0.582010150 -0.070784934 0.810094893
v 0.145256147 0.005249023 0.446868867
vt 0.779296875 0.457519531
vn 0.213367090 -0.964103103 -0.158049673
v 0.109520070 0.005157471 0.477813721
vt 0.754882812 0.458740234
vn 0.031562798 -0.678597271 0.733832061
v 0.075782888 0.036865234 0.453063965
vt 0.750000000 0.438476562
vn -0.513709545 -0.442580640 0.735000014
vt 0.012207031 0.480957031
vt 0.019287109 0.481689453
vt 0.010742188 0.497558594
vt 0.011230469 0.462402344
vt 0.510986328 0.725341797
v 0.074501142 0.051574707 0.446716309
vt 0.489990234 0.722656250
vn 0.220527187 0.661581457 0.716713190
v 0.088279828 0.048736572 0.439392090
vt 0.495849609 0.716552734
vn 0.565528452 0.659783125 0.494837284
v 0.075935461 0.084381104 0.398895264
vt 0.515869141 0.736328125
vn 0.172848374 0.817101240 0.549971938
vt 0.503173828 0.704101562
vt 0.494140625 0.685791016
vt 0.486816406 0.712890625
v 0.043064222 0.041748047 0.436157227
vt 0.473876953 0.726074219
vn -0.771533906 0.133837521 0.621950984
vt 0.468750000 0.708251953
v 0.047794446 0.062988281 0.424713135
vt 0.475341797 0.732666016
vn -0.777577460 -0.023562962 0.628345609
v 0.052867990 0.069000244 0.417358398
vt 0.472412109 0.734619141
vn -0.157793760 0.954651773 -0.252469867
vt 0.460449219 0.713867188
vt 0.453369141 0.734130859
v 0.036762342 0.033843994 0.415374756
vt 0.462890625 0.727539062
vn -0.717225075 -0.480777264 -0.504421890
v 0.035591230 0.023956299 0.431457520
vt 0.465820312 0.723388672
vn -0.690434933 -0.580593109 0.431521982
v 0.028114418 0.023010254 0.382385254
vt 0.239746094 0.149902344
vn 0.284064144 -0.741722703 0.607581377
vt 0.238769531 0.156738281
vt 0.221191406 0.157470703
vt 0.245361328 0.156250000
vt 0.260009766 0.157714844
v -0.012994668 0.022094727 0.382598877
vt 0.254638672 0.142822266
vn 0.063267417 -0.830383360 0.553588927
v 0.007028354 0.022155762 0.405273438
vt 0.243164062 0.137451172
vn 0.117669791 -0.878600359 0.462834120
v 0.008434160 0.043426514 0.409942627
vt 0.233154297 0.136230469
vn 0.684085846 -0.141534910 0.715537846
v 0.033733472 0.024536133 0.429870605
vt 0.240234375 0.122802734
vn -0.236308262 -0.189046681 0.953110576
v 0.038208105 0.062255859 0.391967773
vt 0.221679688 0.150390625
vn 0.433662921 -0.063078165 0.898864686
vt 0.211669922 0.154052734
v 0.006721539 0.063171387 0.414367676
vt 0.224365234 0.133789062
vn 0.402361482 0.023668371 0.915174842
vt 0.217285156 0.147949219
vt 0.431396484 0.329345703
vt 0.418457031 0.318359375
vt 0.428955078 0.314453125
vt 0.441894531 0.325439453
vt 0.429443359 0.301513672
v 0.071769811 0.093109131 0.383575439
vt 0.439697266 0.334228516
vn 0.394717813 0.276302457 0.876273274
v 0.062870115 0.209899902 0.377349824
vt 0.436523438 0.388671875
vn 0.308120072 0.079005174 0.948061287
vt 0.445068359 0.344726562
vt 0.455078125 0.336181641
vt 0.458007812 0.317138672
vt 0.625976562 0.030029297
vt 0.637695312 0.032714844
v 0.031026937 0.135955811 0.403411835
vt 0.625976562 0.057373047
vn 0.922805965 0.149857432 0.354925245
vt 0.639404297 0.059082031
v 0.019277671 0.124725342 0.411193848
vt 0.618896484 0.053466797
vn 0.448679954 -0.086587280 0.889488041
vt 0.612548828 0.029785156
v -0.003456971 0.131195068 0.415069550
vt 0.610595703 0.058837891
vn -0.480285108 0.244079381 0.842467546
v 0.000254732 0.069427490 0.406585693
vt 0.608642578 0.033691406
vn -0.434514493 -0.007900245 0.900630295
vt 0.037109375 0.041503906
v 0.072609052 0.105987549 0.468109131
vt 0.010498047 0.046142578
vn -0.748937607 0.662218451 0.023650734
v 0.083984487 0.102111816 0.478912354
vt 0.005859375 0.041748047
vn 0.866921544 -0.157622024 0.472866148
vt 0.926513672 0.851806641
vt 0.951416016 0.851318359
vt 0.953369141 0.867919922
vt 0.953613281 0.836425781
vt 0.241455078 0.029785156
vt 0.266357422 0.030273438
vt 0.265380859 0.035400391
vt 0.237060547 0.034912109
v 0.128257841 0.188415527 0.421600282
vt 0.067138672 0.022216797
vn -0.465549260 -0.047343988 0.883754849
v 0.078888029 0.232498154 0.368926972
vt 0.095458984 0.021972656
vn -0.448902428 -0.732419729 -0.511906147
v 0.142402738 0.187255859 0.413665712
vt 0.066894531 0.030029297
vn 0.605361521 -0.227993339 -0.762598515
v 0.091674894 0.242218003 0.376220673
vt 0.094970703 0.030273438
vn 0.731920540 0.676829815 -0.078701265
vt 0.321533203 0.187011719
vt 0.285400391 0.188232422
vt 0.287841797 0.184082031
v 0.038784113 0.280685425 0.362853974
vt 0.249755859 0.186523438
vn -0.441698551 -0.102537170 0.891284883
vt 0.749023438 0.283203125
vt 0.744873047 0.273437500
vt 0.745849609 0.248779297
v 0.076698385 0.267456055 0.350250214
vt 0.744873047 0.301025391
vn 0.994224012 0.031562708 -0.102578789
v 0.042324159 0.240035996 0.406768769
vt 0.062988281 0.859130859
vn 0.180911928 0.023597239 0.983216226
v 0.015240765 0.160644531 0.402496308
vt 0.096191406 0.856933594
vn 0.519830227 -0.330800921 0.787621319
v 0.028432939 0.196228027 0.387634248
vt 0.082031250 0.864746094
vn 0.595643401 -0.078374155 -0.799416363
v 0.037445158 0.255798340 0.396423310
vt 0.057861328 0.864990234
vn -0.627745628 0.470809072 -0.619898617
v 0.001681899 0.167602539 0.393096894
vt 0.052246094 0.827636719
vn -0.907257259 0.386570454 0.165673167
vt 0.957519531 0.741455078
vt 0.967285156 0.740966797
v 0.018701646 0.157226562 0.387237519
vt 0.962402344 0.751464844
vn 0.709101260 0.669706762 0.220609143
v 0.013148876 0.163757324 0.363708466
vt 0.970458984 0.745605469
vn 0.463176310 0.282616049 0.839997530
vt 0.951171875 0.753417969
vt 0.955322266 0.767089844
v 0.002637958 0.155120850 0.388580292
vt 0.966308594 0.711669922
vn -0.456410050 0.889212668 -0.031476531
vt 0.958984375 0.703369141
v -0.018287566 0.154205322 0.381347626
vt 0.973388672 0.706298828
vn -0.970280230 0.228765205 0.078884691
vt 0.974609375 0.723632812
vt 0.981201172 0.512207031
vt 0.986083984 0.497070312
vt 0.992431641 0.496582031
vt 0.979736328 0.496093750
vt 0.040527344 0.562011719
vt 0.046386719 0.556152344
vt 0.047607422 0.562500000
vt 0.042236328 0.595214844
v 0.020032968 0.277755737 0.356628388
vt 0.797607422 0.183837891
vn 0.979999900 0.023709727 0.197580487
vt 0.793701172 0.233886719
vt 0.792236328 0.215087891
vt 0.797119141 0.229248047
v 0.001695724 0.159393311 0.365600556
vt 0.295898438 0.270263672
vn -0.726665556 0.102681004 0.679274440
vt 0.294677734 0.276123047
v 0.000978080 0.265899658 0.365478486
vt 0.253906250 0.269042969
vn -0.463062018 -0.259000868 0.847639263
v 0.015062418 0.269638062 0.364288300
vt 0.250732422 0.273437500
vn 0.543560028 -0.409639299 0.732624233
vt 0.247070312 0.276367188
vt 0.257568359 0.260986328
vt 0.306152344 0.272949219
v -0.003703980 0.138488770 0.359008759
vt 0.307617188 0.264160156
vt 0.311279297 0.260742188
v -0.013135815 0.092071533 0.374084473
vt 0.326416016 0.273681641
vn -0.891839802 0.047354266 -0.449865937
vt 0.090332031 0.128417969
vt 0.109130859 0.132080078
vt 0.104492188 0.135009766
vt 0.067138672 0.133789062
v -0.070976175 0.025054902 0.229797363
vt 0.415283203 0.620849609
vn 0.322255671 -0.463733912 -0.825289190
v -0.042083658 0.052520722 0.258209229
vt 0.392089844 0.624023438
vn 0.677585483 0.063031219 -0.732738018
v -0.040450964 0.041046113 0.269897461
vt 0.391113281 0.618896484
vn 0.750220954 -0.655456126 -0.086867757
v -0.037673865 0.056091279 0.282958984
vt 0.380126953 0.617431641
vn 0.565511048 -0.274901062 0.777577460
v -0.058845438 0.031188935 0.275238037
vt 0.395019531 0.612792969
vn 0.055198718 -0.725467205 0.686039686
v -0.130042955 0.015380830 0.245193481
vt 0.426025391 0.591796875
vn -0.794758320 -0.590167165 0.141640231
v -0.081535257 0.048736542 0.269897461
vt 0.397705078 0.597412109
vn -0.895668566 0.377123594 0.235702381
v -0.088622965 0.057464570 0.284240723
vt 0.389892578 0.599853516
vn -0.473631680 0.221028179 0.852537274
v -0.057670511 0.078277558 0.263916016
vt 0.373046875 0.588623047
vn -0.432575107 0.558414936 -0.707849979
v -0.048450388 0.080718964 0.280151367
vt 0.372802734 0.604736328
vn -0.541663885 0.164854258 0.824271381
v -0.033450998 0.144073457 0.291656464
vt 0.343994141 0.613525391
vn -0.511779189 0.039367653 0.858214557
v -0.023315346 0.115997285 0.287353516
vt 0.355468750 0.622558594
vn 0.621854663 -0.495909244 0.606111288
vt 0.434326172 0.658935547
vt 0.432128906 0.644042969
vt 0.453613281 0.640380859
v -0.030925669 0.089752167 0.265075684
vt 0.421875000 0.658447266
vn 0.637064874 -0.007865005 -0.770770073
vt 0.421875000 0.640625000
vt 0.407958984 0.663085938
v -0.074355997 0.046417207 0.252563477
vt 0.448974609 0.653808594
vn -0.472206861 0.700440049 -0.535167634
vt 0.475585938 0.651855469
vt 0.451171875 0.663085938
vt 0.264160156 0.249267578
vt 0.248535156 0.256347656
vt 0.231933594 0.252929688
v -0.029510409 0.021423310 0.316528320
vt 0.245605469 0.268310547
vn -0.015689872 -0.447158605 -0.894317150
v -0.029544741 0.087341279 0.316864014
vt 0.215087891 0.279052734
vn -0.794635475 -0.039338447 -0.605811059
v -0.020355137 0.019714326 0.287292480
vt 0.222900391 0.256835938
vn -0.913839281 -0.126046851 -0.386018157
vt 0.184814453 0.250976562
vt 0.481201172 0.641113281
v -0.019390015 0.031982392 0.317199707
vt 0.484619141 0.649902344
vn -0.070686631 -0.997467637 0.007854129
vt 0.482177734 0.655029297
v -0.025100615 0.021240205 0.327453613
vt 0.490234375 0.651367188
vn 0.204679981 -0.881698489 -0.425104618
v -0.014638808 0.022918671 0.331787109
vt 0.488037109 0.644775391
vn 0.973725379 -0.164905041 0.157052338
v -0.026431944 0.011993378 0.341217041
vt 0.497070312 0.648681641
vn 0.244268715 -0.882519305 -0.401861459
v -0.028884791 0.005004883 0.360382080
vt 0.506347656 0.645751953
vn 0.283429414 -0.936891675 -0.204698995
v -0.042671110 0.013610810 0.334869385
vt 0.498046875 0.656982422
vn 0.102330498 -0.968203902 -0.228275672
v -0.064941309 0.009613037 0.356567383
vt 0.512939453 0.664062500
vn -0.513709664 -0.734999955 -0.442580551
v -0.068092249 0.057342529 0.346710205
vt 0.515136719 0.687255859
vn -0.680741131 -0.728234768 -0.079155833
v -0.066085726 0.034454316 0.325378418
vt 0.499511719 0.680908203
vn -0.645269334 -0.747568190 0.157382905
v -0.057098299 0.033996552 0.322143555
vt 0.494628906 0.678466797
vn -0.537150979 -0.703035831 -0.466057330
v -0.045909792 0.015655488 0.306213379
vt 0.487548828 0.664794922
vn -0.157033190 -0.478951007 -0.863682091
v -0.060035616 0.044952363 0.307525635
vt 0.483642578 0.678466797
vn -0.401861578 0.244268671 -0.882519245
v -0.035922915 0.078155488 0.312194824
vt 0.467529297 0.678222656
vn 0.291836470 -0.063099831 -0.954384565
vt 0.456298828 0.676269531
v -0.044425879 0.099243134 0.308349609
vt 0.453369141 0.689697266
vn -0.471929312 0.235964552 -0.849472463
v -0.047119055 0.115814179 0.315979004
vt 0.447509766 0.689941406
vn -0.559523702 0.047283623 -0.827464461
v -0.036308203 0.071899384 0.295379639
vt 0.460449219 0.679687500
vn 0.535300195 0.062976494 -0.842310905
vt 0.070556641 0.782226562
vt 0.078613281 0.814453125
vt 0.068359375 0.784912109
vt 0.102294922 0.819580078
vt 0.100585938 0.791748047
v -0.015466595 0.048919678 0.349884033
vt 0.065185547 0.798339844
vn 0.889405370 -0.023612514 -0.456509084
v -0.016258148 0.099853516 0.345001221
vt 0.072753906 0.818115234
vn 0.894399643 0.007845631 -0.447199970
v -0.007647421 0.086090088 0.358398438
vt 0.066406250 0.813476562
vn 0.881043613 0.031465899 0.471987486
v -0.008333117 0.154205322 0.355682343
vt 0.060791016 0.837402344
vn 0.986671269 0.063146994 -0.149974167
vt 0.060058594 0.799072266
vt 0.063232422 0.811767578
v -0.094566256 0.022827119 0.284149170
vt 0.942382812 0.106201172
vn -0.660353601 -0.644630969 0.385206461
v -0.084762484 0.040222138 0.290679932
vt 0.934570312 0.100585938
vn 0.141978845 0.749333501 -0.646793187
v -0.081451327 0.029876679 0.284515381
vt 0.944580078 0.100830078
vn 0.598128557 -0.629609108 -0.495817214
vt 0.950439453 0.090820312
v -0.093444735 0.051971406 0.312591553
vt 0.935058594 0.120605469
vn -0.818466544 -0.228226289 -0.527281165
vt 0.961425781 0.096679688
vt 0.961425781 0.121337891
vt 0.960937500 0.100585938
vt 0.842041016 0.050537109
v -0.104347140 0.044952363 0.316192627
vt 0.843505859 0.057861328
vn 0.039241377 -0.996730208 -0.070634380
v -0.111244112 0.056945771 0.309082061
vt 0.837890625 0.058837891
vn -0.274901241 0.565510869 -0.777577460
v -0.082610995 0.076019257 0.331207275
vt 0.829589844 0.044677734
vn -0.102413118 0.866571665 -0.488431334
vt 0.860839844 0.046875000
v -0.090492152 0.061248779 0.353454590
vt 0.862060547 0.056640625
vn -0.584273279 -0.773767352 0.244763240
v -0.062217623 0.092742890 0.333435059
vt 0.532958984 0.860351562
vn -0.891978741 0.189446747 -0.410467923
vt 0.555664062 0.850585938
v -0.063308626 0.064392090 0.341583252
vt 0.548828125 0.864990234
vn -0.157329291 0.912509382 -0.377590090
vt 0.571044922 0.852294922
vt 0.559326172 0.870361328
vt 0.573242188 0.860839844
vt 0.533935547 0.844482422
vt 0.528320312 0.848144531
v -0.095847994 0.083068848 0.352294922
vt 0.520751953 0.871826172
vn -0.823814631 0.423675984 -0.376600832
vt 0.729003906 0.659667969
vt 0.727294922 0.652832031
v -0.125587374 0.060302705 0.330047637
vt 0.741210938 0.655273438
vn -0.786840796 0.582262158 -0.204578519
vt 0.739013672 0.676025391
vt 0.748535156 0.674072266
vt 0.739990234 0.687988281
v -0.116660975 0.039550751 0.340423614
vt 0.737548828 0.644531250
vn 0.251462340 -0.950841904 -0.180738524
v -0.144493014 0.030975342 0.344390899
vt 0.749267578 0.639892578
vn -0.926067173 -0.266832948 0.266833037
vt 0.721923828 0.635009766
vt 0.785156250 0.153320312
vt 0.786376953 0.148925781
v -0.019136349 0.141235322 0.275817841
vt 0.803710938 0.153076172
vn -0.520411670 0.063080125 -0.851582468
vt 0.793212891 0.148681641
v -0.009477539 0.192993134 0.268737763
vt 0.821289062 0.165771484
vn -0.851582587 -0.141930461 -0.504641354
v -0.022441782 0.160156220 0.294799775
vt 0.814941406 0.149658203
vn -0.931243777 0.110486493 -0.347243309
v -0.032195963 0.146453828 0.277709931
vt 0.807861328 0.144287109
vn -0.685443342 0.425447494 -0.590899289
v -0.019166866 0.196197480 0.288604707
vt 0.827392578 0.158935547
vn -0.834930480 -0.543492496 -0.086643592
v -0.028873362 0.198394746 0.300262421
vt 0.830322266 0.154541016
vn -0.953939557 -0.015767649 -0.299584180
vt 0.530029297 0.983642578
vt 0.547607422 0.974609375
vt 0.543212891 0.984375000
vt 0.544433594 0.968750000
vt 0.520019531 0.979248047
vt 0.519775391 0.969482422
vt 0.529785156 0.018310547
v -0.027774725 0.130248994 0.306671143
vt 0.509765625 0.018310547
vn -0.849761844 -0.000000060 -0.527166903
vt 0.520996094 0.005126953
vt 0.286132812 0.923828125
vt 0.289062500 0.916748047
vt 0.291748047 0.928955078
vt 0.286132812 0.940917969
vt 0.297607422 0.953613281
vt 0.279785156 0.935791016
vt 0.278564453 0.940185547
vt 0.252929688 0.938964844
vt 0.770751953 0.956542969
vt 0.755615234 0.975585938
vt 0.741699219 0.979492188
vt 0.779785156 0.956054688
vt 0.024169922 0.036132812
v -0.061149515 0.202972382 0.290863007
vt 0.005859375 0.022949219
vn -0.683304667 -0.149227500 -0.714720845
vt 0.031982422 0.031494141
v -0.015304487 0.216369599 0.279418916
vt 0.025390625 0.023437500
vn -0.694033206 0.528411508 -0.488977849
vt 0.973632812 0.899414062
vt 0.973144531 0.921386719
vt 0.967285156 0.914306641
v -0.065864481 0.206909150 0.312011689
vt 0.966796875 0.893798828
vn 0.110157810 0.393420398 0.912735283
vt 0.203613281 0.729248047
vt 0.183105469 0.733154297
v -0.021293556 0.170532197 0.316314667
vt 0.196289062 0.722167969
vn -0.994688690 0.007894306 -0.102626480
v -0.034690771 0.172729462 0.317871064
vt 0.189941406 0.718261719
vn -0.102093674 0.102093488 -0.989522040
v -0.027625956 0.258331299 0.324859589
vt 0.204833984 0.697265625
vn -0.408437252 -0.054981984 -0.911128938
v -0.048992075 0.228607163 0.320617646
vt 0.193603516 0.698730469
vn -0.402273893 0.031550825 -0.914975584
vt 0.173583984 0.729248047
v -0.058906473 0.194488496 0.330383271
vt 0.180175781 0.702636719
vn -0.897443116 0.015744558 -0.440849125
v -0.058036722 0.276931763 0.338134736
vt 0.187744141 0.678222656
vn -0.889625967 -0.007872854 -0.456622005
v -0.060119539 0.134185761 0.335998505
vt 0.167480469 0.719482422
vn -0.912594140 0.204546884 -0.354023457
vt 0.151367188 0.734619141
v -0.057639986 0.213287354 0.342834443
vt 0.175781250 0.693115234
vn -0.987440705 -0.000000050 -0.157990366
v -0.087486170 0.100708008 0.360382080
vt 0.150146484 0.726074219
vn -0.769201398 0.565127492 0.298261851
v -0.063720614 0.226654038 0.354553193
vt 0.169433594 0.683349609
v -0.060104281 0.134765625 0.350555390
vt 0.161621094 0.715576172
vn -0.967754245 0.157358348 -0.196697861
v -0.068183802 0.109130859 0.366455078
vt 0.150390625 0.719970703
vn -0.920746267 0.259697616 0.291176289
v -0.064895540 0.172973633 0.367645234
vt 0.157714844 0.698242188
vn -0.866034269 0.062984303 0.496001601
v -0.062385477 0.275115967 0.358612031
vt 0.172119141 0.670654297
vn -0.717046738 -0.070916712 0.693408072
v -0.052535918 0.164581299 0.380493134
vt 0.148925781 0.697265625
vn -0.494806677 0.149227470 0.856094360
v -0.057533167 0.126770020 0.381103516
vt 0.145751953 0.710449219
vn -0.653847337 0.023633046 0.756257355
v -0.062225245 0.096008301 0.379364014
vt 0.144287109 0.721191406
vn -0.314153284 0.596891403 0.738260388
vt 0.912597656 0.668457031
vt 0.918212891 0.666748047
vt 0.917236328 0.707763672
vt 0.804687500 0.320556641
v -0.031452101 0.295104980 0.306823701
vt 0.796386719 0.334716797
vn -0.986948133 -0.031582393 -0.157911569
vt 0.803710938 0.285400391
vt 0.796142578 0.296142578
vt 0.945312500 1.000000000
vt 0.945312500 0.988769531
vt 0.956542969 0.995849609
v -0.102897547 0.072265625 0.358642578
vt 0.286376953 0.852294922
vn -0.266341180 0.673686683 0.689353824
vt 0.282226562 0.857177734
vt 0.269775391 0.841308594
vt 0.291992188 0.860839844
v -0.083328150 0.075714111 0.388824463
vt 0.277343750 0.873779297
vn -0.914264858 0.323145300 0.244329512
v -0.080879115 0.054565430 0.381378174
vt 0.287597656 0.874755859
vn -0.860618651 -0.442152739 0.252658844
v -0.107154749 0.029541016 0.388305694
vt 0.310546875 0.843994141
vn 0.817606151 -0.330187023 0.471695751
v -0.113510035 0.048034668 0.359985381
vt 0.307861328 0.859619141
vn -0.880934536 -0.456198275 0.125847921
v -0.129112139 0.031860352 0.399200469
vt 0.321777344 0.840576172
vn -0.818491757 0.377765447 0.432856351
vt 0.309570312 0.866210938
vt 0.322265625 0.872070312
vt 0.997070312 0.975585938
vt 0.989501953 0.964599609
vt 0.997314453 0.958007812
vt 0.001953125 0.160156250
vt 0.011230469 0.141357422
vt 0.011474609 0.160644531
vt 0.001708984 0.142333984
v -0.009706400 0.035491943 0.360504150
vt 0.536132812 0.714111328
vn -0.935935020 -0.173030064 -0.306734890
vt 0.524414062 0.720703125
vt 0.530273438 0.704101562
vt 0.534667969 0.726318359
vt 0.538085938 0.724853516
v -0.018133068 0.042480469 0.361541748
vt 0.540039062 0.720947266
vn 0.989674628 -0.141382039 -0.023563806
vt 0.563720703 0.701171875
v -0.001128103 0.100036621 0.367492676
vt 0.568359375 0.706787109
vn -0.968203843 0.055100974 -0.244018704
vt 0.564697266 0.718750000
vt 0.587402344 0.702636719
vt 0.539550781 0.694091797
v -0.026607417 0.069091797 0.381835938
vt 0.556640625 0.689208984
vn 0.463476270 0.534176052 0.706997633
v -0.016437432 0.005706787 0.372100830
vt 0.524658203 0.699707031
vn 0.762834251 -0.644870102 -0.047185693
vt 0.524414062 0.691406250
vt 0.528320312 0.681884766
vt 0.538330078 0.686767578
vt 0.128662109 0.884277344
vt 0.132080078 0.877197266
v -0.051917925 0.000000000 0.397766113
vt 0.151855469 0.885009766
vn -0.117655091 -0.588276029 0.800055504
v -0.078712367 0.006225586 0.377746582
vt 0.144042969 0.899414062
vn -0.680123448 -0.537772119 0.498230189
v -0.057701014 0.041839600 0.377563477
vt 0.160156250 0.906005859
vn -0.590899289 -0.070907906 0.803623199
vt 0.156005859 0.919189453
vt 0.131591797 0.900146484
vt 0.143310547 0.926025391
v -0.084350489 0.010437012 0.357543945
vt 0.137939453 0.905273438
vn -0.580236137 -0.329323202 -0.744897544
vt 0.128906250 0.922851562
v -0.020627873 0.034576416 0.406585693
vt 0.649414062 0.430908203
vn 0.361611158 -0.904027700 0.227972209
vt 0.657226562 0.419677734
vt 0.660156250 0.431152344
v -0.018966576 0.047088623 0.382995605
vt 0.649902344 0.419189453
vn -0.920318842 -0.377566755 -0.102257513
v -0.057754420 0.039001465 0.395843506
vt 0.660888672 0.392578125
vn 0.015795182 -0.971399188 0.236926690
v -0.041004077 0.027160645 0.428131104
vt 0.639404297 0.429199219
vn -0.956021607 -0.292337209 0.023703154
v -0.010301488 0.042694092 0.405151367
vt 0.653320312 0.438720703
vn 0.023603896 -0.031471640 0.999225974
v -0.028438464 0.050659180 0.416046143
vt 0.639892578 0.437744141
vn -0.425870746 0.875400960 0.228708372
v -0.029487506 0.078399658 0.425506592
vt 0.633300781 0.453125000
vn 0.580754101 0.266832948 0.769106567
v -0.011146447 0.072235107 0.395416260
vt 0.652587891 0.455810547
vn -0.946026385 0.102486163 0.307458699
vt 0.660156250 0.454589844
vt 0.664062500 0.453369141
vt 0.664062500 0.445556641
vt 0.904052734 0.807128906
vt 0.888671875 0.793212891
vt 0.907958984 0.797851562
vt 0.881835938 0.809814453
vt 0.874023438 0.807617188
vt 0.870361328 0.818359375
vt 0.447753906 0.797363281
vt 0.459472656 0.803466797
v -0.041873828 0.027740479 0.427856445
vt 0.438720703 0.805664062
vn 0.189772263 -0.972582757 -0.134421989
vt 0.462402344 0.791503906
vt 0.444824219 0.786621094
vt 0.474853516 0.795654297
vt 0.470947266 0.806640625
vt 0.494384766 0.774902344
vt 0.476318359 0.766357422
vt 0.457031250 0.785156250
vt 0.095214844 0.278076172
v -0.080398455 0.025909424 0.417999268
vt 0.089843750 0.293701172
vn -0.315185487 -0.827361882 -0.464898467
vt 0.079589844 0.282714844
vt 0.080322266 0.264892578
vt 0.068359375 0.291259766
vt 0.064941406 0.301025391
v -0.113944903 0.031433105 0.444519073
vt 0.094970703 0.312988281
vn -0.979571700 0.142195836 -0.142195746
v -0.078460589 0.049163818 0.427978516
vt 0.075439453 0.319824219
vn -0.313486904 0.713182867 0.626973927
v -0.065276995 0.075866699 0.413482666
vt 0.061279297 0.314453125
vn -0.197021440 0.788085938 0.583183587
vt 0.509033203 0.112792969
vt 0.522216797 0.109619141
vt 0.521728516 0.124023438
vt 0.510742188 0.099121094
vt 0.488525391 0.113037109
vt 0.487792969 0.101318359
v -0.032009017 0.040527344 0.442077637
vt 0.555664062 0.319091797
vn 0.686637759 0.260448873 0.678745210
v -0.019117245 0.011230469 0.451904297
vt 0.563720703 0.305419922
vn 0.663001895 0.505144238 0.552501440
vt 0.570800781 0.322998047
vt 0.578369141 0.310546875
vt 0.564453125 0.329833984
v -0.044212237 0.064575195 0.424041748
vt 0.554199219 0.333251953
vn 0.447158605 0.706039906 0.549142003
v -0.057746783 0.038360596 0.452239990
vt 0.541259766 0.318847656
vn 0.047139093 0.487103045 0.872071505
vt 0.567382812 0.348388672
vt 0.546142578 0.342285156
v -0.036415003 0.084228516 0.386138916
vt 0.558837891 0.352783203
vn 0.395519704 0.466713190 0.791039169
vt 0.549316406 0.360839844
vt 0.553466797 0.374023438
vt 0.536376953 0.192871094
vt 0.543701172 0.206298828
vt 0.536132812 0.206298828
vt 0.540039062 0.237548828
vt 0.546875000 0.219970703
v -0.079406627 0.019989014 0.465515137
vt 0.550292969 0.185302734
vn 0.086515114 -0.731444955 0.676389992
vt 0.572265625 0.191894531
vt 0.532714844 0.177001953
vt 0.518798828 0.171142578
v -0.101364024 0.015991211 0.452850342
vt 0.556152344 0.176513672
vn -0.567721605 -0.283860862 0.772732437
vt 0.559570312 0.167236328
vt 0.999023438 0.799560547
vt 0.986816406 0.790771484
v 0.001383887 0.026580811 0.428527832
vt 1.000000000 0.782226562
vn 0.227768332 0.400557935 0.887510598
vt 0.698486328 0.969726562
vt 0.718505859 0.960693359
vt 0.701660156 0.974365234
vt 0.714355469 0.957275391
vt 0.699951172 0.954833984
v -0.027789976 0.108032227 0.368225098
vt 0.685058594 0.964843750
vn 0.607789636 0.086827137 0.789336920
vt 0.691894531 0.951416016
v -0.040756132 0.137481689 0.382080048
vt 0.670654297 0.961914062
vn 0.574358344 0.023603823 0.818263710
vt 0.959228516 0.163085938
vt 0.978515625 0.166503906
vt 0.953125000 0.167480469
v -0.017537979 0.163909912 0.364807099
vt 0.022460938 0.569824219
vn 0.530295134 0.039574314 0.846889019
vt 0.013671875 0.545654297
vt 0.021972656 0.534179688
vt 0.591308594 0.211181641
vt 0.576416016 0.235595703
vt 0.584716797 0.215087891
v -0.014503390 0.185821533 0.356719941
vt 0.583007812 0.207519531
vn 0.985413432 0.039416574 -0.165549591
v -0.018041527 0.276107788 0.353729218
vt 0.575683594 0.178955078
vn 0.925269723 0.047047667 0.376380771
v -0.023704443 0.272567749 0.361297578
vt 0.578857422 0.177001953
vn 0.536098301 0.031535249 0.843566298
v -0.029655367 0.225296006 0.364593476
vt 0.589111328 0.188720703
vn 0.550635219 0.039331142 0.833818913
vt 0.608154297 0.222167969
vt 0.613037109 0.209472656
v -0.039661318 0.247634873 0.372344941
vt 0.596435547 0.182128906
vn 0.417724639 0.063052811 0.906383276
vt 0.612792969 0.198242188
v -0.041458044 0.292953491 0.368926972
vt 0.593017578 0.169189453
vn 0.062865712 -0.007858151 0.997991085
vt 0.250976562 0.193847656
vt 0.281494141 0.200927734
vt 0.269531250 0.203125000
vt 0.287353516 0.193847656
v -0.019523539 0.304244995 0.345062226
vt 0.324462891 0.203125000
vn 0.994440794 0.023677208 0.102600902
vt 0.994873047 0.010986328
vt 0.994873047 0.028564453
vt 0.989990234 0.024414062
vt 0.959472656 0.043212891
vt 0.941406250 0.045898438
vt 0.944091797 0.035888672
vt 0.949951172 0.029052734
vt 0.948730469 0.052246094
vt 0.965332031 0.054687500
vt 0.358886719 0.889160156
vt 0.376708984 0.895507812
vt 0.355468750 0.896240234
v -0.059165858 0.206817627 0.405059785
vt 0.325927734 0.892089844
vn 0.094182253 -0.243303776 0.965366781
v -0.051048186 0.213653564 0.402069062
vt 0.968994141 0.139648438
vn -0.243514076 0.455606669 -0.856226385
vt 0.954101562 0.144531250
vt 0.952392578 0.126464844
vt 0.969238281 0.158935547
vt 0.978271484 0.133300781
vt 0.477050781 0.887939453
vt 0.482421875 0.892822266
v 0.069274984 0.326568604 0.337219208
vt 0.458251953 0.914550781
vn 0.884636343 -0.205361977 -0.418622702
v 0.064659193 0.329132080 0.323211640
vt 0.462402344 0.918212891
vn 0.557776928 -0.243536472 -0.793457568
vt 0.473388672 0.884521484
vt 0.459228516 0.893066406
v 0.075134359 0.317489624 0.355316132
vt 0.451171875 0.910400391
vn 0.520508647 -0.796535909 0.307573259
v 0.066158384 0.264831543 0.370574921
vt 0.446777344 0.892089844
vn 0.505191565 0.134191528 0.852510571
v 0.076088041 0.234313950 0.366363496
vt 0.449707031 0.883056641
vn 0.901925921 0.063293099 0.427227944
vt 0.439453125 0.909423828
v 0.070808493 0.335418701 0.374511689
vt 0.446044922 0.918212891
vn 0.708837330 -0.078759633 0.700961173
v 0.055538263 0.309631348 0.384948701
vt 0.436523438 0.915039062
vn -0.133937210 -0.866652429 -0.480598122
v 0.049709406 0.286682129 0.367919892
vt 0.441406250 0.899169922
vn -0.292337030 0.023703041 0.956021547
vt 0.437011719 0.873046875
v 0.020902719 0.317428589 0.370056123
vt 0.432617188 0.911132812
vn 0.221014470 0.197334304 0.955097795
v 0.024782268 0.291427612 0.375488251
vt 0.431884766 0.900634766
vn 0.559871554 0.031542115 0.827978849
v 0.002106274 0.332443237 0.372375458
vt 0.425781250 0.915527344
vn -0.031477407 0.125910163 0.991542220
v 0.123794630 0.290008545 0.268676698
vt 0.754882812 0.990478516
vn 0.763093889 0.039334796 0.645089507
v 0.085769728 0.304199219 0.286468476
vt 0.739501953 0.994140625
vn -0.645509243 -0.763590276 -0.015744012
v 0.117424078 0.295791626 0.249801606
vt 0.751953125 0.982910156
vn -0.480538607 -0.212697417 -0.850789428
v 0.090080336 0.318542480 0.280456513
vt 0.736083984 0.987792969
vn 0.401313663 0.904923022 0.141640007
v 0.051914293 0.337966919 0.319702119
vt 0.460205078 0.239257812
vn 0.031401657 -0.070654050 -0.997006595
vt 0.464355469 0.277099609
vt 0.458251953 0.274414062
vt 0.464599609 0.242919922
v 0.037374575 0.318954468 0.320098847
vt 0.450683594 0.241943359
vn 0.934635043 -0.039270356 -0.353433579
v 0.046848372 0.350273132 0.311920136
vt 0.465820312 0.236572266
vn 0.747267365 -0.070793755 -0.660741866
v 0.039482195 0.336410522 0.313842744
vt 0.459228516 0.235595703
vn 0.866894603 -0.315234333 0.386161983
v 0.083282545 0.305007935 0.288421601
vt 0.481689453 0.218505859
vn 0.274360180 -0.627108693 0.729013860
v 0.041614607 0.332794189 0.298889130
vt 0.460937500 0.229980469
vn 0.718632579 -0.181632414 -0.671250343
vt 0.427001953 0.227539062
vt 0.402832031 0.225097656
vt 0.411865234 0.213623047
v 0.029129105 0.271942139 0.290924042
vt 0.443115234 0.217773438
vn 0.944852591 -0.055116374 -0.322824746
vt 0.081298828 0.572021484
vt 0.084228516 0.607666016
vt 0.081054688 0.627685547
vt 0.104492188 0.786865234
vt 0.103027344 0.775390625
v 0.014653755 0.281906128 0.261291474
vt 0.121582031 0.770019531
vn 0.173120946 -0.133775398 -0.975773275
v -0.011577534 0.292739868 0.272033662
vt 0.119140625 0.758300781
vn -0.849656522 0.015734319 -0.527101576
vt 0.092773438 0.766357422
v -0.017009657 0.248413071 0.291107148
vt 0.101318359 0.753173828
vn -0.856728792 0.070739008 -0.510893166
v -0.005188866 0.288146973 0.291656464
vt 0.115722656 0.750976562
vn -0.481330633 0.205157369 0.852192163
v -0.007974547 0.277114868 0.297485322
vt 0.110839844 0.748779297
vn 0.840827107 0.086440191 -0.534357548
v 0.000897001 0.319580078 0.255523652
vt 0.132080078 0.759765625
vn -0.624764800 -0.094901033 -0.775024474
v 0.023744654 0.316635132 0.257812470
vt 0.135009766 0.768554688
vn 0.493605405 -0.282060266 -0.822675943
v 0.029029921 0.272430420 0.279388398
vt 0.121582031 0.779052734
vn 0.853388369 -0.126427904 -0.505711794
vt 0.122802734 0.782958984
v 0.040077284 0.311752319 0.279022187
vt 0.136718750 0.778564453
vn 0.948683381 -0.252982199 -0.189736784
v 0.049221106 0.354766846 0.259033173
vt 0.151611328 0.772460938
vn 0.849026203 0.361622274 -0.385206491
vt 0.145507812 0.785644531
v 0.042167738 0.349266052 0.301666230
vt 0.151367188 0.786865234
vn 0.837977409 0.339934230 -0.426894307
vt 0.099609375 0.023925781
vt 0.128173828 0.023925781
vt 0.117919922 0.030273438
v 0.009840328 0.266098022 0.303466767
vt 0.113769531 0.885253906
vn 0.385802716 0.244079337 -0.889708698
vt 0.115478516 0.892822266
v 0.025041657 0.287612915 0.290740937
vt 0.103027344 0.890869141
vn -0.613128662 0.078606263 0.786062598
v 0.021707609 0.358940125 0.308319062
vt 0.080566406 0.903320312
vn -0.805023372 -0.039461944 0.591929197
vt 0.123779297 0.894775391
vt 0.116455078 0.906250000
v 0.010780171 0.336334229 0.292510957
vt 0.084960938 0.888427734
vn -0.424828172 -0.031468738 0.904726923
v 0.016267851 0.364364624 0.308715791
vt 0.078125000 0.900878906
vn -0.912396431 0.015730953 0.409005433
v 0.019708708 0.382354736 0.305511445
vt 0.073242188 0.905761719
vn -0.982487082 0.086458825 0.165057957
vt 0.103271484 0.882324219
v -0.004150318 0.354522705 0.285736054
vt 0.079101562 0.879638672
vn -0.947499633 0.173708245 0.268458337
vt 0.120361328 0.879150391
vt 0.106689453 0.880126953
vt 0.116455078 0.877685547
vt 0.100585938 0.874755859
vt 0.089111328 0.869628906
v -0.003154686 0.354637146 0.256866425
vt 0.075195312 0.869384766
vn -0.771534026 0.417258114 -0.480240464
vt 0.989501953 0.887695312
vt 0.990234375 0.870849609
vt 0.997314453 0.885009766
vt 0.997070312 0.869140625
v 0.130844191 0.335174561 0.308319032
vt 0.297851562 0.040527344
vn 0.479898512 0.472031444 -0.739515960
v 0.132248014 0.302536011 0.315887392
vt 0.307861328 0.047363281
vn -0.299175531 -0.850288272 -0.433017105
v 0.088920668 0.339035034 0.318572968
vt 0.287353516 0.053222656
vn -0.180917457 -0.495556295 -0.849525034
v 0.066555098 0.378852844 0.312683076
vt 0.270507812 0.046630859
vn 0.488113254 0.228311077 -0.842389286
vt 0.271728516 0.058593750
vt 0.282226562 0.062500000
v 0.096450888 0.330657959 0.340972871
vt 0.293945312 0.061523438
vn 0.188271523 -0.980580688 0.054912534
vt 0.286376953 0.066162109
vt 0.291503906 0.072753906
v 0.147682264 0.310119629 0.334564149
vt 0.439208984 0.028076172
vn 0.686980247 -0.236889660 0.686980009
vt 0.449218750 0.020019531
vt 0.444580078 0.039062500
vt 0.421630859 0.020019531
v 0.130386442 0.338043213 0.330047548
vt 0.432617188 0.036865234
vn 0.613128841 0.534522474 0.581686199
v 0.094963156 0.341033936 0.349578828
vt 0.963378906 0.492431641
vn 0.568464458 0.655313134 0.497406274
vt 0.948730469 0.495849609
v 0.077446066 0.376091003 0.341033906
vt 0.965576172 0.478271484
vn 0.700700521 0.661335349 0.267683208
vt 0.961181641 0.497314453
vt 0.941406250 0.489501953
vt 0.959228516 0.467529297
v 0.019331999 0.352905244 0.246261567
vt 0.234863281 0.087402344
vn 0.047391102 0.379129887 -0.924129188
vt 0.245361328 0.078125000
vt 0.247314453 0.091552734
vt 0.227783203 0.077148438
vt 0.234863281 0.096923828
v 0.009952617 0.370498657 0.284973115
vt 0.221191406 0.095458984
vn -0.039552055 0.917605519 -0.395519644
vt 0.226074219 0.101562500
vt 0.211181641 0.082519531
v 0.033895563 0.388069153 0.292144746
vt 0.210449219 0.098388672
vn 0.545305371 -0.118544705 -0.829812884
vt 0.948730469 0.369140625
v 0.087898329 0.320373535 0.281982392
vt 0.935058594 0.362304688
vn 0.292528898 0.513902247 -0.806431353
vt 0.931396484 0.349853516
vt 0.926513672 0.379394531
vt 0.937011719 0.378173828
v 0.044914320 0.395584106 0.302764863
vt 0.932617188 0.390625000
vn 0.818263710 0.023603775 -0.574358344
vt 0.745849609 0.386718750
vt 0.748779297 0.347900391
v 0.036947329 0.322708130 0.320281953
vt 0.751220703 0.372314453
vn -0.969195247 -0.031518575 0.244268864
vt 0.755126953 0.357421875
v 0.030115202 0.397583008 0.320831269
vt 0.753906250 0.400634766
vn -0.924908519 -0.023715660 -0.379449517
vt 0.379394531 0.981445312
vt 0.379394531 0.948242188
vt 0.385498047 0.979003906
vt 0.796142578 0.465820312
vt 0.787109375 0.437500000
vt 0.795654297 0.425292969
vt 0.786376953 0.416015625
vt 0.804443359 0.432861328
vt 0.803955078 0.416992188
v 0.075920194 0.249359116 0.381988496
vt 0.016601562 0.278564453
vn -0.551779985 0.102473468 0.827670336
vt 0.024414062 0.281982422
vt 0.013916016 0.313964844
vt 0.010742188 0.282714844
v 0.066303343 0.264343262 0.371063203
vt 0.990234375 0.486572266
vn -0.015670627 0.611149371 -0.791360080
vt 0.985595703 0.491455078
vt 0.988037109 0.482177734
vt 0.998291016 0.486083984
vt 0.364501953 0.188964844
vt 0.410644531 0.174072266
vt 0.414062500 0.176757812
vt 0.419433594 0.169189453
vt 0.420166016 0.172607422
vt 0.419433594 0.180175781
vt 0.435058594 0.189208984
vt 0.343261719 0.621337891
vt 0.305175781 0.623779297
vt 0.261474609 0.616210938
vt 0.312988281 0.614501953
vt 0.912841797 0.895263672
vt 0.912841797 0.855468750
vt 0.916992188 0.891845703
vt 0.347900391 0.381347656
vt 0.350585938 0.351074219
v 0.019455988 0.400444031 0.349548310
vt 0.350830078 0.427978516
vn 0.954058170 0.000000029 -0.299621701
vt 0.353515625 0.360107422
v 0.018069347 0.392761230 0.361144990
vt 0.346435547 0.425048828
vn 0.767572343 0.000000062 0.640962303
v 0.012521351 0.341552734 0.364746064
vt 0.343750000 0.405517578
vn 0.511161864 0.062912278 0.857178867
v 0.014950828 0.455459595 0.343292207
vt 0.354003906 0.448730469
vn 0.431455433 -0.000000021 -0.902134359
vt 0.356933594 0.361328125
v 0.010550108 0.288391113 0.366271943
vt 0.004394531 0.620849609
vn -0.386534393 0.891395628 0.236653715
vt 0.011474609 0.607666016
vt 0.011230469 0.623779297
vt 0.002685547 0.609375000
vt 0.973632812 0.931884766
vt 0.967041016 0.939208984
vt 0.966796875 0.924316406
v -0.008092790 0.251937866 0.387664765
vt 0.973388672 0.951904297
vn 0.552708209 -0.742208123 0.378999859
v 0.043975923 0.298873901 0.420288056
vt 0.976074219 0.972412109
vn -0.872933984 0.015728522 0.487584919
vt 0.976562500 0.957519531
v 0.071189970 0.301956177 0.413391083
vt 0.985107422 0.966552734
vn 0.551249504 0.464624643 0.692999303
vt 0.983642578 0.947265625
vt 0.489746094 0.040039062
v 0.133094877 0.310119629 0.403747499
vt 0.517333984 0.044921875
vn 0.676934540 -0.550993264 -0.488022715
vt 0.490478516 0.051025391
vt 0.492187500 0.035888672
v 0.115348905 0.301651001 0.413818330
vt 0.516113281 0.057373047
vn -0.684593737 -0.511478245 0.519347191
v 0.075676046 0.339080811 0.361480683
vt 0.488281250 0.058837891
vn -0.023597829 0.527020216 0.849525034
vt 0.483886719 0.058837891
vt 0.759765625 0.567871094
vt 0.754394531 0.573486328
v 0.115799040 0.321441650 0.400909394
vt 0.754394531 0.539306641
vn 0.023589190 0.872799039 0.487509370
vt 0.745849609 0.521728516
vt 0.760986328 0.521972656
v 0.136222929 0.302612305 0.426849306
vt 0.753662109 0.525878906
vn 0.213227391 0.529119670 0.821319938
vt 0.525634766 0.081298828
v 0.047775354 0.341003418 0.370178193
vt 0.535400391 0.090087891
vn -0.418439806 0.371069342 0.828984797
vt 0.530029297 0.103759766
v 0.028429117 0.333419800 0.375244111
vt 0.540039062 0.095458984
vn -0.551779985 -0.102473438 0.827670336
v 0.037019812 0.394767761 0.369598359
vt 0.527343750 0.118164062
vn -0.236220345 -0.590551138 0.771653593
v 0.049797140 0.383934021 0.368377656
vt 0.555664062 0.082275391
vn 0.283008844 -0.007861299 0.959085107
vt 0.979248047 0.239990234
vt 0.981445312 0.248046875
vt 0.968994141 0.242675781
vt 0.984130859 0.262451172
vt 0.888916016 0.868896484
vt 0.866943359 0.878417969
vt 0.868164062 0.867431641
vt 0.885742188 0.859863281
vt 0.905517578 0.866455078
v 0.069122396 0.368881226 0.360931367
vt 0.899169922 0.856933594
vn 0.786038339 0.125766188 0.605249345
vt 0.888183594 0.854736328
vt 0.901855469 0.848144531
vt 0.889160156 0.845703125
v 0.033199400 0.339538574 0.418762177
vt 0.982666016 0.085693359
vn 0.660374045 0.707543671 -0.251571208
v 0.021188822 0.319763184 0.385070771
vt 0.989501953 0.098876953
vn 0.810897946 -0.322784632 -0.488113493
v 0.003903236 0.332138062 0.374908417
vt 0.982910156 0.105224609
vn -0.955842495 0.173789516 0.236985847
v 0.032796953 0.324432373 0.428039521
vt 0.989013672 0.082275391
vn -0.677438319 -0.504140258 0.535649061
vt 0.359375000 0.216308594
vt 0.375732422 0.217041016
vt 0.369140625 0.223876953
v 0.053257059 0.431484222 0.310028046
vt 0.386718750 0.223632812
vn 0.628364742 0.157091215 -0.761892438
v 0.068527296 0.398368835 0.329956025
vt 0.375244141 0.231445312
vn 0.935935020 0.141570032 -0.322465152
vt 0.368164062 0.234619141
v 0.065109327 0.397293091 0.338867158
vt 0.374755859 0.235595703
vn 0.745516717 0.141255841 0.651346028
vt 0.366210938 0.242675781
v 0.066238478 0.451749802 0.324035615
vt 0.391601562 0.231689453
vn 0.958049536 0.047117226 -0.282703251
v 0.053165510 0.447345734 0.320495576
vt 0.392089844 0.225585938
vn -0.055221047 0.094664373 -0.993976474
v 0.045955729 0.437480927 0.314514130
vt 0.389404297 0.221679688
vn -0.898781002 0.268057406 -0.346897811
v 0.040695265 0.400672913 0.318511933
vt 0.380126953 0.215332031
vn 0.181683287 0.086892039 -0.979510665
v 0.047481611 0.430759430 0.323974580
vt 0.391601562 0.217529297
vn 0.219825879 0.062807396 -0.973515213
v 0.044353552 0.555221558 0.318572968
vt 0.428222656 0.197509766
vn 0.795226216 0.007873536 -0.606261730
vt 0.976318359 0.000000000
vt 0.977539062 0.005859375
vt 0.961914062 0.000976562
v 0.040191729 0.410163879 0.342315644
vt 0.168701172 0.099609375
vn 0.772132337 0.212730363 -0.598796725
v 0.047432024 0.395294189 0.336364716
vt 0.168457031 0.094970703
vn -0.314570665 0.102235533 0.943712473
v 0.047176436 0.456200600 0.334533662
vt 0.185546875 0.093017578
vn 0.031456240 0.039320178 0.998731434
v 0.053207472 0.468234539 0.340606660
vt 0.188232422 0.086181641
vn -0.244359627 0.015765177 0.969556510
v 0.031692579 0.458708763 0.339355439
vt 0.184814453 0.097167969
vn -0.220090598 0.039301943 0.974687457
vt 0.165283203 0.102294922
vt 0.179443359 0.104492188
v 0.056213457 0.390319824 0.344451874
vt 0.160888672 0.092773438
vn 0.726393700 0.465839446 -0.505317509
vt 0.160644531 0.086181641
vt 0.149902344 0.089843750
vt 0.816894531 0.462158203
v 0.042762823 0.479743958 0.294342011
vt 0.824218750 0.433837891
vn 0.808296919 -0.015695078 -0.588565886
vt 0.822998047 0.461181641
v 0.028139181 0.476860970 0.287353486
vt 0.815917969 0.433837891
vn -0.486907780 -0.054973505 -0.871721745
vt 0.809082031 0.463378906
v 0.018935271 0.505588531 0.302673310
vt 0.809814453 0.424072266
vn 0.062867656 0.000000046 0.998021960
v 0.012296270 0.413120240 0.285156220
vt 0.814941406 0.472412109
vn -0.450244755 0.023697117 0.892590761
v 0.040729590 0.429412812 0.277557343
vt 0.871337891 0.524658203
vn 0.954058111 -0.299621522 -0.000000112
vt 0.870849609 0.539794922
v 0.007444011 0.400207520 0.270141572
vt 0.859619141 0.533691406
vn -0.425831050 -0.457374036 -0.780690014
vt 0.862060547 0.544677734
vt 0.854980469 0.551025391
v 0.013851238 0.390701294 0.297668427
vt 0.853027344 0.541503906
vn -0.923035622 0.102559492 0.370792240
vt 0.851562500 0.545166016
vt 0.852050781 0.533691406
v -0.001735620 0.441047639 0.273590058
vt 0.851562500 0.522949219
vn -0.982912242 -0.172992602 0.062906519
v 0.014542170 0.416992158 0.266265839
vt 0.860839844 0.527587891
vn -0.054978643 -0.306308985 -0.950343192
v -0.003636296 0.473391265 0.261260957
vt 0.850341797 0.510742188
vn -0.645849645 0.283543617 -0.708859205
v 0.027530733 0.471103132 0.251769990
vt 0.863037109 0.509033203
vn -0.007872929 0.015745550 -0.999845147
v 0.040672366 0.457172364 0.260620087
vt 0.869628906 0.513916016
vn 0.670122743 -0.157675967 -0.725309491
v 0.049812384 0.491630554 0.278137177
vt 0.880615234 0.506591797
vn 0.934635162 0.180643827 0.306308866
v 0.025390694 0.443405122 0.286743134
vt 0.539062500 0.062255859
vn 0.180939913 -0.015733844 0.983368337
vt 0.528564453 0.067382812
vt 0.521728516 0.058837891
vt 0.536132812 0.054687500
v 0.001174994 0.481453866 0.290863007
vt 0.549804688 0.072753906
vn -0.889405489 -0.023612592 -0.456508845
vt 0.534179688 0.077636719
v 0.017393179 0.478490323 0.294311494
vt 0.550048828 0.066406250
vn 0.948298097 0.102732323 -0.300294518
v 0.028087683 0.477697343 0.286743134
vt 0.550048828 0.062011719
vn 0.377112120 0.164986551 0.911353946
vt 0.555419922 0.055175781
v 0.052272864 0.433212280 0.261962861
vt 0.234863281 0.996826172
vn -0.370055854 -0.795226276 -0.480285108
v 0.078811713 0.413951874 0.273254365
vt 0.234863281 0.984863281
v 0.041595526 0.428707093 0.277587861
vt 0.241699219 0.997070312
vt 0.824462891 0.177490234
vt 0.831298828 0.184082031
vt 0.833007812 0.192382812
v 0.032836989 0.406776428 0.313507050
vt 0.828369141 0.174072266
vn 0.094234519 0.109940171 0.989461064
vt 0.824707031 0.173339844
vt 0.831787109 0.166748047
v 0.036481928 0.485319138 0.314269990
vt 0.794433594 0.164062500
vn -0.086927466 -0.031609990 -0.995713115
v 0.016429976 0.364372253 0.309814423
vt 0.891357422 0.474853516
vn 0.946291089 0.000000055 0.323315978
v 0.013916565 0.389884949 0.298492402
vt 0.898681641 0.477783203
vn 0.465143979 -0.063070402 -0.882985473
vt 0.908447266 0.497070312
vt 0.906250000 0.505126953
v 0.007176474 0.382926941 0.315368623
vt 0.888183594 0.482177734
vn 0.379260153 0.039506312 0.924446285
vt 0.911621094 0.495849609
v 0.002339914 0.351593018 0.300048798
vt 0.906494141 0.462646484
vn -0.480657965 -0.063037150 -0.874639571
v -0.004490785 0.505336761 0.295715302
vt 0.920654297 0.496337891
vn -0.220609382 -0.165456995 -0.961226106
v -0.002952503 0.403450012 0.304534882
vt 0.918945312 0.471923828
vn -0.996239424 -0.007844444 0.086288586
v -0.002315451 0.466641873 0.306060761
vt 0.925537109 0.488037109
vn -0.686894298 0.023686016 0.726371229
v 0.004071788 0.368789673 0.316009492
vt 0.923095703 0.459716797
vn -0.828159153 0.023661679 0.559993446
vt 0.925781250 0.463378906
vt 0.221679688 0.283447266
vt 0.208251953 0.287597656
vt 0.168701172 0.284179688
v 0.024173804 0.571678162 0.318237275
vt 0.269287109 0.288330078
vn -0.892395914 -0.031589288 -0.450146466
v 0.041202608 0.457086533 0.260101289
vt 0.998291016 0.703369141
vn 0.836958170 0.394791603 0.378999740
v 0.051704474 0.434062958 0.261016816
vt 0.995605469 0.711669922
v 0.055114809 0.450031251 0.236724824
vt 0.988525391 0.704345703
v 0.061573099 0.437088013 0.288787812
vt 0.066650391 0.936523438
vn -0.931679010 -0.244763196 -0.268449754
v 0.071662970 0.428455353 0.294250458
vt 0.062255859 0.934326172
vn 0.963291347 -0.126333222 0.236874789
v 0.066322401 0.401634216 0.294311494
vt 0.062011719 0.924560547
vn -0.537301779 -0.221241966 0.813854396
v 0.048286505 0.531826019 0.307159394
vt 0.089355469 0.962158203
vn -0.826310754 -0.149522901 0.543004274
v 0.065754004 0.514080048 0.312683076
vt 0.052490234 0.963378906
vn -0.117811024 -0.149227411 0.981759608
v 0.067844458 0.460746765 0.283935517
vt 0.066894531 0.945068359
vn 0.393749505 -0.157499880 -0.905624211
v 0.074752875 0.499340057 0.291778535
vt 0.064697266 0.958984375
vn 0.994719684 -0.094735160 -0.039473128
vt 0.310546875 0.775878906
vt 0.304199219 0.770263672
v 0.033762045 0.482726067 0.267181367
vt 0.317138672 0.768066406
vn 0.039324902 0.904474974 -0.424710035
vt 0.307128906 0.765625000
vt 0.319580078 0.771728516
vt 0.315185547 0.759521484
vt 0.324462891 0.771728516
v 0.002613610 0.491193742 0.277954072
vt 0.331054688 0.762695312
vn 0.481480509 -0.023679392 -0.876136899
v 0.019126959 0.516601562 0.292480439
vt 0.337158203 0.772949219
vn 0.403051764 -0.260798275 -0.877230644
vt 0.323974609 0.756591797
vt 0.313964844 0.751464844
v 0.012966698 0.516395569 0.283264130
vt 0.338623047 0.770507812
vn 0.688247085 -0.308524609 -0.656603754
v 0.003375116 0.520015717 0.264678925
vt 0.342529297 0.765869141
vn 0.347622395 -0.260716856 -0.900658309
v 0.007975875 0.571662903 0.256835908
vt 0.359863281 0.776611328
vn -0.117989719 -0.283175051 -0.951782823
v 0.000462119 0.519145966 0.277587861
vt 0.343994141 0.760498047
vn -0.894070208 -0.134506181 -0.427254647
vt 0.339843750 0.753662109
v -0.010255748 0.531715393 0.284576386
vt 0.351074219 0.755615234
vn -0.487584829 -0.259520948 -0.833612561
v -0.017198496 0.474983424 0.286376923
vt 0.341308594 0.737548828
vn 0.219927579 -0.054981954 -0.973965526
v -0.025093015 0.584938049 0.286926240
vt 0.364013672 0.757812500
vn -0.495909423 0.133816734 -0.858001769
v -0.024173670 0.468304127 0.289245576
vt 0.344970703 0.732177734
vn -0.628035665 -0.039252281 -0.777193964
v -0.029724054 0.508281708 0.298797578
vt 0.357177734 0.737060547
vn -0.999845147 0.015745550 -0.007872666
v 0.049377505 0.534851074 0.273712128
vt 0.017333984 0.500732422
vn -0.290645778 -0.204237550 -0.934779227
vt 0.016601562 0.528320312
vt 0.012207031 0.536132812
v 0.038623877 0.518562317 0.286407441
vt 0.010742188 0.505859375
vn -0.394447505 -0.252446383 -0.883562088
v 0.043815676 0.565795898 0.299072236
vt 0.065185547 0.456298828
vn -0.401077688 -0.251656651 0.880798399
vt 0.075439453 0.509521484
vt 0.063232422 0.470703125
vt 0.074707031 0.474365234
vt 0.846679688 0.431640625
vt 0.846679688 0.478759766
vt 0.840820312 0.438476562
v 0.040107798 0.480061531 0.307128876
vt 0.056396484 0.093994141
vn 0.784464657 0.023534000 0.619726896
vt 0.079345703 0.090820312
vt 0.081787109 0.098876953
vt 0.055419922 0.099365234
v 0.026470253 0.486285210 0.310699433
vt 0.054443359 0.088867188
vt 0.086181641 0.084228516
vt 0.048583984 0.085205078
vt 0.876464844 0.307373047
v 0.050865240 0.556388855 0.323150605
vt 0.876464844 0.352294922
vn -0.456636399 -0.000000059 -0.889653385
vt 0.874267578 0.313232422
vt 0.735595703 0.307128906
vt 0.741210938 0.331787109
vt 0.723144531 0.279541016
v 0.068622664 0.408226013 0.345977753
vt 0.772949219 0.829589844
vn 0.635827184 -0.062797762 -0.769272566
vt 0.781982422 0.842285156
vt 0.771728516 0.837402344
v 0.073654257 0.430618286 0.364135712
vt 0.780761719 0.821777344
vn 0.920546830 -0.062943317 0.385527998
v 0.053817831 0.424522400 0.368926972
vt 0.788818359 0.823486328
vn 0.559993446 -0.023661630 0.828159153
v 0.065948561 0.436992645 0.369720429
vt 0.783935547 0.819091797
vn -0.220151812 0.031450305 0.974958539
vt 0.790771484 0.836914062
v 0.050232012 0.456474304 0.361358613
vt 0.788574219 0.812500000
vn -0.102680884 0.173767909 0.979418874
v 0.050079420 0.517112732 0.358276337
vt 0.788085938 0.791992188
vn -0.638964951 -0.078884579 0.765180469
v 0.048492514 0.421516418 0.389648408
vt 0.796875000 0.825195312
vn 0.355456531 0.323860347 0.876792490
v 0.043930136 0.421493530 0.386260957
vt 0.797363281 0.826904297
vn 0.984679520 -0.165426105 0.055141930
vt 0.796630859 0.837158203
v 0.051509935 0.439884186 0.347228974
vt 0.006103516 0.114013672
vn 0.118179746 0.023635939 -0.992710948
vt 0.018066406 0.125000000
vt 0.008300781 0.122314453
vt 0.018798828 0.118408203
v 0.068149641 0.501670837 0.346496552
vt 0.006347656 0.094726562
vn 0.055034444 -0.000000041 -0.998484433
v 0.076728895 0.505439758 0.351104707
vt 0.010498047 0.092041016
vn 0.991757095 0.023613302 -0.125937536
vt 0.024169922 0.110107422
v 0.068618849 0.495878220 0.368347138
vt 0.018798828 0.091308594
vn 0.720206439 -0.569833517 0.395717710
vt 0.027099609 0.107910156
v 0.027895050 0.476764202 0.351928681
vt 0.324707031 0.100341797
vn -0.994874716 -0.063166693 -0.078958184
vt 0.318603516 0.074462891
vt 0.325195312 0.069580078
v 0.032787398 0.504043579 0.344207734
vt 0.318603516 0.104736328
vn -0.386186242 -0.023644106 -0.922117829
v 0.039215166 0.415248871 0.365173310
vt 0.334472656 0.085693359
vn -0.745516598 0.141255781 0.651346207
v 0.039932325 0.511604309 0.343780488
vt 0.314697266 0.105224609
vn 0.180939645 0.015733859 -0.983368337
vt 0.315429688 0.076904297
vt 0.310302734 0.086181641
vt 0.333007812 0.079345703
v 0.013248047 0.403762817 0.364196748
vt 0.339355469 0.078369141
vn -0.770198643 0.243634179 -0.589437544
vt 0.341064453 0.088378906
vt 0.340087891 0.022216797
vt 0.358642578 0.017089844
vt 0.361816406 0.022216797
v 0.024812782 0.398956299 0.390197724
vt 0.916015625 0.316406250
vn -0.403417319 -0.751463830 0.522069693
vt 0.924560547 0.324462891
vt 0.908203125 0.321044922
v 0.022434320 0.429855347 0.408874482
vt 0.918212891 0.304199219
vn -0.433662683 -0.488856256 0.756938756
v 0.021571245 0.475142241 0.420684785
vt 0.925048828 0.289306641
vn -0.988547087 0.070610449 -0.133375257
vt 0.906738281 0.308593750
v 0.032569975 0.459698677 0.430175751
vt 0.917968750 0.291748047
vn 0.197334364 -0.749870121 0.631469667
v 0.022350401 0.451526642 0.445281953
vt 0.919921875 0.283935547
vn -0.703299105 -0.647983491 0.292382926
v 0.053070154 0.470084906 0.422698945
vt 0.910888672 0.290527344
vn 0.653340757 -0.527395606 -0.543138802
v 0.026670530 0.509624481 0.358520478
vt 0.346923828 0.048583984
vn -0.740593731 -0.055150613 0.669686019
vt 0.357421875 0.045654297
vt 0.372314453 0.053710938
v 0.032592848 0.505149841 0.364044160
vt 0.347656250 0.051757812
vn -0.290189266 -0.015685884 0.956840813
v 0.042617872 0.516193390 0.363433808
vt 0.346923828 0.058105469
vn 0.369746625 0.039334789 0.928299606
vt 0.362548828 0.062988281
vt 0.375000000 0.062500000
vt 0.375732422 0.060058594
vt 0.776611328 0.766357422
vt 0.780517578 0.769042969
v 0.019720152 0.536270142 0.355621308
vt 0.777099609 0.816650391
vn 0.997252405 0.039261952 0.062818915
vt 0.617431641 0.439941406
v 0.016463354 0.518825531 0.362762421
vt 0.620849609 0.445800781
vn 0.512510717 -0.110386834 0.851556003
vt 0.624755859 0.490722656
v 0.016263083 0.576377869 0.379974335
vt 0.624511719 0.424560547
vn 0.873663664 -0.078708433 -0.480121642
v 0.034092031 0.469033957 0.402404755
vt 0.914062500 0.977783203
vn 0.055220786 0.520654321 -0.851979911
vt 0.931396484 0.972900391
vt 0.940917969 0.984130859
vt 0.908691406 0.983642578
vt 0.769287109 0.157226562
vt 0.774658203 0.148193359
vt 0.774902344 0.177734375
v 0.061065760 0.466740131 0.428680390
vt 0.745117188 0.157958984
vn -0.299733430 -0.804547548 -0.512701750
v 0.056156244 0.489162445 0.418334931
vt 0.751220703 0.151367188
vn -0.062772669 0.996515274 -0.054926075
v 0.069828108 0.519241333 0.363922089
vt 0.771728516 0.141357422
vn 0.687215865 0.529235244 0.497638941
v 0.072502226 0.477076530 0.430755585
vt 0.743896484 0.146728516
vn 0.911241531 0.235665977 0.337787658
vt 0.764648438 0.136230469
vt 0.783447266 0.007812500
vt 0.786376953 0.006835938
vt 0.792724609 0.027587891
vt 0.974365234 0.759521484
v 0.048557356 0.511501312 0.348480195
vt 0.976074219 0.762695312
vn 0.133506805 0.054973409 -0.989522040
vt 0.954101562 0.775878906
vt 0.976318359 0.770507812
vt 0.285400391 0.886718750
vt 0.304687500 0.885009766
v 0.014621329 0.545982361 0.343292207
vt 0.336425781 0.886474609
vn 0.850604713 -0.149643421 -0.504062176
vt 0.362060547 0.076171875
vt 0.359130859 0.067626953
vt 0.378662109 0.068603516
vt 0.352050781 0.068115234
v 0.041195001 0.508228302 0.436004609
vt 0.344970703 0.075439453
vn 0.307305843 0.843121111 0.441259593
vt 0.345458984 0.063720703
v 0.017702188 0.503643036 0.440002412
vt 0.347412109 0.084960938
vn -0.510735512 0.440018326 0.738602221
vt 0.359375000 0.084472656
vt 0.357421875 0.096191406
vt 0.949707031 0.742431641
vt 0.943359375 0.751464844
vt 0.943115234 0.747802734
v 0.060695738 0.442031860 0.445342988
vt 0.933105469 0.754150391
vn 0.267625421 -0.078713268 0.960302591
vt 0.927734375 0.741699219
vt 0.945800781 0.756835938
vt 0.949707031 0.773193359
vt 0.415283203 0.983642578
vt 0.397216797 0.987060547
vt 0.390136719 0.975097656
vt 0.414550781 0.975097656
vt 0.187988281 0.012451172
vt 0.180908203 0.002685547
vt 0.189941406 0.002197266
vt 0.660156250 0.929931641
vt 0.653320312 0.933837891
vt 0.622558594 0.927978516
vt 0.654296875 0.920410156
vt 0.617675781 0.921630859
vt 0.646240234 0.939697266
vt 0.612548828 0.933593750
vt 0.622802734 0.942871094
vt 0.654052734 0.943847656
vt 0.205810547 0.279296875
vt 0.176025391 0.278564453
v -0.015144270 0.355255127 0.336364716
vt 0.158691406 0.272949219
vn 0.937909663 -0.007881538 0.346790016
v -0.011560367 0.469164342 0.327331513
vt 0.126464844 0.281005859
vn 0.998607934 -0.023589123 -0.047178458
vt 0.173339844 0.271972656
v -0.022645872 0.403007507 0.344207734
vt 0.150390625 0.257812500
vn 0.980580688 0.000000051 0.196115986
v -0.022796549 0.374572754 0.361267060
vt 0.162597656 0.251220703
vn 0.954028547 0.134037122 0.268074006
vt 0.681396484 0.192382812
v -0.023893282 0.310638428 0.285675019
vt 0.680664062 0.211425781
vn 0.354726702 0.094593801 -0.930172622
vt 0.670654297 0.208984375
v -0.024013445 0.310897827 0.294921845
vt 0.685302734 0.217285156
vn -0.706910610 0.023563620 -0.706910372
vt 0.691406250 0.177978516
vt 0.691894531 0.214599609
v -0.020952150 0.337432861 0.294280976
vt 0.684326172 0.226074219
vn -0.376693815 -0.023543414 -0.926038623
v -0.010333942 0.366676331 0.296508759
vt 0.681152344 0.236572266
vn 0.694811344 -0.031582337 -0.718498290
v -0.031040117 0.362617493 0.306030244
vt 0.688720703 0.234619141
vn -0.993852854 0.007887673 -0.110427968
v -0.006894991 0.369506836 0.307250947
vt 0.074462891 0.683349609
vn 0.943858445 0.000000056 0.330350280
vt 0.071044922 0.655517578
vt 0.078369141 0.681884766
vt 0.058593750 0.653320312
v -0.021644516 0.348762512 0.319793671
vt 0.059570312 0.684570312
vn 0.864348412 0.000000060 0.502893448
vt 0.053710938 0.652832031
vt 0.053466797 0.669677734
v -0.017085955 0.421585083 0.319061249
vt 0.054199219 0.703857422
vn 0.828287959 -0.015776902 -0.560080528
v 0.007862408 0.345794678 0.324279755
vt 0.671630859 0.886230469
vn -0.995930731 0.086946294 0.023712764
vt 0.636230469 0.883300781
vt 0.685791016 0.883300781
vt 0.893798828 0.442382812
vt 0.877197266 0.473876953
vt 0.875000000 0.464843750
vt 0.875000000 0.456542969
vt 0.907470703 0.443847656
vt 0.901855469 0.457763672
vt 0.923583984 0.590332031
vt 0.926025391 0.581298828
vt 0.925292969 0.616943359
vt 0.924804688 0.575927734
vt 0.074707031 0.002197266
vt 0.066650391 0.013183594
vt 0.057861328 0.014404297
vt 0.055175781 0.009033203
v -0.042297285 0.305145264 0.317199677
vt 0.071289062 0.563476562
vn -0.440781057 -0.023613323 -0.897303998
vt 0.061035156 0.547363281
vt 0.073486328 0.536132812
vt 0.082519531 0.554687500
v -0.055084150 0.305191040 0.327514619
vt 0.077636719 0.564453125
vn -0.821550667 -0.039497692 -0.568765700
vt 0.063476562 0.562011719
v -0.046375196 0.345275879 0.320129365
vt 0.073974609 0.578125000
vn -0.054992229 -0.180688396 -0.982001901
v -0.027900618 0.313247681 0.321838349
vt 0.067871094 0.569335938
vn -0.731445134 0.086514942 -0.676389873
vt 0.061279297 0.586669922
v -0.032482073 0.374656677 0.322296113
vt 0.070800781 0.590332031
vn -0.411379188 0.055377893 -0.909780562
v -0.068824686 0.268173218 0.340270966
vt 0.955322266 0.427001953
vn 0.102549799 0.039442245 -0.993945599
v -0.112762369 0.233428940 0.340332031
vt 0.969726562 0.439941406
vn 0.488977909 -0.843881130 0.220828667
v -0.152976900 0.219818085 0.326141357
vt 0.961425781 0.451904297
vn -0.219711080 0.282485455 -0.933771491
v -0.146720797 0.216217041 0.343017578
vt 0.965087891 0.462646484
vn -0.181688964 -0.394976228 0.900545895
v -0.117835909 0.249298081 0.346282959
vt 0.945068359 0.447998047
vn -0.619193792 0.697572768 0.360543281
v -0.110877909 0.308532715 0.332916260
vt 0.989257812 0.693847656
vn 0.354484677 -0.811375797 0.464768648
v -0.133369371 0.309417725 0.336456299
vt 0.986572266 0.685546875
vn -0.576090395 0.142049700 0.804948390
v -0.125495836 0.315429688 0.307189941
vt 0.998291016 0.686767578
vn -0.023697196 -0.450244904 -0.892590702
vt 0.451416016 0.084716797
v -0.063079752 0.326828003 0.342498749
vt 0.456542969 0.075195312
vn -0.919097006 -0.361354440 -0.157110468
vt 0.467041016 0.084472656
v -0.084571764 0.336090088 0.316802949
vt 0.468750000 0.071533203
vn 0.371869892 -0.767476201 -0.522200286
v -0.063926615 0.348884583 0.348785371
vt 0.459228516 0.065185547
vn -0.785746932 -0.267153978 0.557880461
v -0.062019266 0.295364380 0.348571748
vt 0.443847656 0.078857422
vn -0.936398506 0.330493540 -0.118033320
v -0.056236185 0.318283081 0.362243623
vt 0.448730469 0.070556641
vn -0.670185208 -0.039422665 0.741146207
vt 0.434570312 0.079589844
vt 0.533203125 0.030517578
vt 0.539062500 0.040527344
vt 0.522460938 0.041015625
v -0.081115648 0.356193513 0.312957734
vt 0.521728516 0.049316406
vn -0.189446941 0.410468042 -0.891978681
vt 0.509765625 0.031738281
v -0.071739115 0.365364075 0.336730927
vt 0.509521484 0.022705078
vn -0.599690676 0.520784020 0.607581437
vt 0.538818359 0.024414062
vt 0.346923828 0.148193359
vt 0.355712891 0.126464844
v -0.127281114 0.334793091 0.316436768
vt 0.357910156 0.132568359
vn -0.670518875 0.741514981 -0.023665315
vt 0.357910156 0.155273438
v -0.055221483 0.387649536 0.335571259
vt 0.357421875 0.166015625
vn -0.911917031 0.393067658 0.117920414
v -0.047225878 0.386642456 0.321624726
vt 0.352294922 0.166503906
vn -0.220199689 0.125828251 -0.967305183
vt 0.345214844 0.167724609
vt 0.335937500 0.156982422
vt 0.340576172 0.143310547
vt 0.927246094 0.710205078
vt 0.927978516 0.702148438
vt 0.938964844 0.706054688
vt 0.927734375 0.735595703
vt 0.862792969 0.630126953
vt 0.862792969 0.675292969
vt 0.860351562 0.664306641
vt 0.681640625 0.241210938
vt 0.685302734 0.257568359
vt 0.676757812 0.249023438
vt 0.677001953 0.265380859
v -0.021707451 0.319366455 0.360443085
vt 0.686279297 0.274658203
vn 0.849104941 -0.133655339 0.511035204
vt 0.689208984 0.259033203
vt 0.692138672 0.269042969
vt 0.691894531 0.293457031
v -0.038150702 0.343170166 0.381286591
vt 0.676269531 0.283691406
vn -0.149941221 -0.284099370 0.946998060
v -0.013358986 0.374069214 0.380920380
vt 0.684814453 0.295654297
vn 0.970763683 -0.165740073 0.173632383
v -0.025699530 0.382003784 0.406066865
vt 0.674560547 0.301025391
vt 0.299072266 0.009765625
vt 0.310791016 0.001953125
vt 0.304687500 0.010498047
v -0.039806277 0.249725327 0.372405976
vt 0.321533203 0.010253906
vn -0.401861578 -0.055157516 -0.914037764
vt 0.298339844 0.017333984
v -0.019748598 0.261032104 0.386749238
vt 0.315673828 0.018554688
vn -0.371347129 0.624179363 0.687387407
vt 0.603759766 0.013183594
v -0.058410555 0.224365219 0.387145966
vt 0.603759766 0.036132812
vn -0.378999770 -0.394791543 0.836958170
vt 0.595947266 0.024658203
vt 0.499755859 0.031738281
vt 0.505126953 0.011230469
vt 0.505126953 0.033935547
v -0.001231110 0.333847046 0.363037080
vt 0.525146484 0.477539062
vn -0.714919269 -0.000000001 0.699207008
vt 0.549316406 0.488525391
vt 0.543945312 0.492675781
vt 0.535400391 0.489990234
vt 0.522460938 0.482177734
vt 0.524414062 0.490722656
v -0.006649890 0.347106934 0.353118867
vt 0.525878906 0.469970703
v -0.001428528 0.429317474 0.343536347
vt 0.506591797 0.447509766
vn -0.597481430 -0.000000061 -0.801882744
vt 0.555908203 0.489013672
vt 0.562500000 0.490722656
vt 0.071777344 0.987304688
vt 0.067138672 0.982666016
vt 0.091308594 0.983886719
vt 0.074218750 0.993408203
vt 0.230712891 0.012695312
vt 0.247314453 0.011962891
vt 0.246093750 0.018066406
vt 0.227294922 0.018554688
v 0.020292368 0.318649292 0.370147675
vt 0.624023438 0.009521484
vn 0.949903846 0.306167364 -0.062803701
v 0.012770260 0.341033936 0.364868134
vt 0.625244141 0.000488281
v 0.021081056 0.318878174 0.383575410
vt 0.628906250 0.011230469
vt 0.983642578 0.167236328
vt 0.989501953 0.151367188
vt 0.989013672 0.174560547
vt 0.982666016 0.198486328
vt 0.988037109 0.178955078
vt 0.988281250 0.202148438
v -0.054817114 0.340240479 0.370666474
vt 0.306152344 0.026367188
vn -0.329535842 0.345228165 0.878762543
vt 0.314697266 0.022949219
vt 0.308349609 0.034423828
vt 0.325683594 0.025146484
v -0.041076578 0.345733643 0.362731904
vt 0.301513672 0.031005859
vn -0.260448664 0.142062992 0.954978943
v -0.059173502 0.364761353 0.360015839
vt 0.296142578 0.023193359
vn -0.784295559 0.031371817 0.619593680
vt 0.834472656 0.933593750
vt 0.831787109 0.927734375
vt 0.844726562 0.915527344
vt 0.827880859 0.931396484
vt 0.807128906 0.943115234
vt 0.813964844 0.948730469
vt 0.841796875 0.942871094
v -0.088752650 0.185729980 0.434600800
vt 0.390625000 0.050537109
vn -0.757032871 -0.567774713 -0.323316008
v -0.060966402 0.222244248 0.387512177
vt 0.390625000 0.076171875
vn -0.487404019 -0.306592852 -0.817580700
v -0.059837244 0.210144043 0.406219453
vt 0.386474609 0.068603516
vn 0.739790678 -0.613868773 0.275453866
v -0.050945189 0.217559814 0.403137177
vt 0.384033203 0.072753906
vn 0.915203452 0.157793760 0.370815068
v -0.059440523 0.241973862 0.391571015
vt 0.387451172 0.083496094
vn 0.244056657 0.960481167 0.133837461
vt 0.952636719 0.881103516
v -0.070030116 0.221374497 0.410278291
vt 0.957031250 0.885498047
vn -0.470751107 0.635514081 0.611976564
vt 0.942138672 0.895507812
vt 0.966064453 0.888427734
vt 0.955322266 0.877197266
vt 0.966796875 0.879882812
vt 0.330078125 0.014648438
vt 0.342041016 0.008056641
vt 0.330078125 0.025390625
vt 0.990722656 0.986816406
vt 0.994384766 0.992919922
vt 0.976806641 0.992675781
vt 0.010742188 0.685302734
vt 0.015380859 0.677490234
vt 0.018310547 0.688476562
vt 0.017822266 0.693847656
vt 0.011474609 0.712890625
vt 0.708251953 0.536132812
vt 0.714599609 0.526611328
vt 0.710205078 0.585205078
vt 0.717529297 0.542968750
v -0.041206270 0.303863525 0.404693574
vt 0.026123047 0.129394531
vn 0.925839126 -0.282459348 -0.251075149
v -0.055602938 0.297134399 0.417419404
vt 0.026123047 0.137207031
vn -0.517953694 0.470867068 0.714148521
v -0.060111910 0.308532715 0.388000458
vt 0.016357422 0.129882812
vn -0.252879590 -0.711223662 -0.655906141
v -0.055183329 0.339767456 0.371093720
vt 0.002929688 0.131591797
vn -0.102559507 0.923035681 0.370792091
vt 0.971435547 0.576904297
vt 0.977539062 0.595214844
vt 0.968994141 0.590087891
vt 0.985351562 0.596191406
vt 0.022216797 0.002197266
vt 0.010498047 0.007324219
v -0.060783297 0.308181763 0.387298554
vt 0.001953125 0.001953125
vn -0.931446671 -0.078936189 0.355212897
vt 0.005615234 0.014648438
vt 0.918945312 0.998291016
vt 0.910644531 0.997802734
vt 0.909667969 0.988525391
vt 0.922119141 0.989257812
vt 0.812988281 0.270751953
vt 0.818115234 0.276855469
v -0.010599064 0.422950745 0.310180634
vt 0.813720703 0.292236328
vn 0.496849269 0.023659542 0.867514312
v -0.005431107 0.516407013 0.303039521
vt 0.817871094 0.318847656
vn 0.695071638 0.015797142 0.718766987
vt 0.823242188 0.276123047
vt 0.675537109 0.462158203
vt 0.679199219 0.451660156
vt 0.684082031 0.496093750
vt 0.681640625 0.498779297
vt 0.677001953 0.509521484
vt 0.674560547 0.513183594
vt 0.515136719 0.965576172
vt 0.469238281 0.965576172
vt 0.478027344 0.959960938
v -0.020301746 0.430248260 0.312438935
vt 0.653808594 0.775634766
vn -0.726212680 0.181553185 0.663063884
vt 0.655761719 0.756347656
vt 0.659667969 0.758789062
vt 0.633789062 0.791015625
vt 0.630371094 0.781982422
v -0.023466041 0.489467591 0.309295624
vt 0.642822266 0.788574219
vn -0.502645254 0.031415351 0.863921762
vt 0.659912109 0.779785156
vt 0.659667969 0.776611328
v -0.024749685 0.449748963 0.315704316
vt 0.667968750 0.776367188
vn -0.173287585 -0.023630157 -0.984587789
v -0.034595415 0.423748016 0.326019257
vt 0.669433594 0.762939453
vn -0.205214962 -0.000000052 -0.978716910
v -0.028850485 0.522010803 0.315765351
vt 0.680175781 0.781738281
vn -0.496741146 -0.031539172 -0.867325544
v -0.012163093 0.525871277 0.318389863
vt 0.688720703 0.790771484
vn 0.648977041 -0.039571781 -0.759778202
vt 0.672119141 0.786621094
vt 0.692382812 0.607177734
vt 0.692382812 0.547119141
vt 0.695800781 0.590576172
vt 0.935302734 0.046386719
vt 0.935302734 0.019775391
vt 0.938964844 0.020996094
vt 0.599121094 0.842773438
vt 0.597656250 0.836425781
vt 0.610595703 0.833496094
v -0.046855856 0.517211914 0.320556611
vt 0.616699219 0.809082031
vn -0.370032996 -0.000000057 -0.929018676
v -0.055480883 0.417072266 0.329559296
vt 0.593017578 0.829589844
vn -0.978686512 0.007892581 -0.205208316
vt 0.594482422 0.838134766
v -0.047908708 0.458464593 0.340423554
vt 0.577636719 0.824951172
vn -0.640641451 0.031636629 0.767188132
v -0.045883100 0.392959595 0.344024628
vt 0.592529297 0.840820312
vn -0.070963129 0.630782187 -0.772708297
v -0.039752886 0.498645753 0.340270966
vt 0.568603516 0.820800781
vn 0.386246204 0.015765205 0.922261000
v -0.034950178 0.374694824 0.339416474
vt 0.592041016 0.847900391
vn 0.157266051 0.338121831 0.927869081
v -0.032325674 0.523540497 0.330627412
vt 0.561279297 0.825195312
vn -0.550447702 0.047181256 0.833535373
vt 0.583984375 0.854003906
v 0.006666190 0.569671631 0.306671113
vt 0.589111328 0.379394531
vn -0.031430710 -0.282877594 0.958640933
vt 0.576660156 0.445068359
vt 0.580078125 0.400878906
vt 0.586181641 0.416259766
vt 0.590332031 0.398925781
vt 0.592285156 0.403320312
v -0.057426386 0.462398499 0.291046113
vt 0.993408203 0.725830078
vn -0.671250284 -0.181632474 -0.718632579
v -0.051231313 0.464834183 0.297973603
vt 0.991210938 0.728515625
vn 0.646371067 -0.260124832 0.717314065
v -0.061042719 0.455045670 0.302490205
vt 0.988769531 0.724121094
vn -0.697315633 -0.195875198 0.689480841
vt 0.285888672 0.631103516
vt 0.295410156 0.666015625
v -0.034793783 0.517154694 0.324523896
vt 0.291503906 0.664062500
vn -0.251656771 0.031457029 -0.967305243
vt 0.288574219 0.664306641
v -0.046760492 0.547203064 0.319610566
vt 0.282470703 0.672607422
vn 0.039296947 -0.330095291 -0.943129361
v -0.052425314 0.547462463 0.334564179
vt 0.284667969 0.675048828
vn -0.933771431 -0.094161861 0.345260173
vt 0.326416016 0.682373047
v 0.007124231 0.464225769 0.341155976
vt 0.141113281 0.416259766
vn -0.015746210 -0.000000044 -0.999876022
vt 0.138183594 0.413330078
vt 0.138183594 0.332763672
vt 0.143798828 0.404052734
v 0.006364298 0.538360596 0.341155976
vt 0.142578125 0.442382812
vn -0.062990293 -0.165349245 -0.984221458
vt 0.488525391 0.007324219
vt 0.487304688 0.010986328
vt 0.482421875 0.007324219
vt 0.479980469 0.027099609
v 0.002002319 0.429157257 0.365539521
vt 0.586425781 0.751953125
vn -0.094808966 0.000000039 0.995495498
vt 0.616943359 0.755859375
vt 0.599121094 0.757812500
vt 0.554931641 0.756835938
vt 0.895507812 0.064453125
vt 0.892578125 0.069824219
vt 0.859130859 0.065185547
vt 0.407226562 0.637451172
v -0.005144998 0.517044067 0.357879609
vt 0.376220703 0.637451172
vn -0.878762424 -0.078460954 0.470765740
vt 0.440185547 0.632080078
vt 0.435058594 0.628662109
v -0.004317212 0.541206360 0.345764130
vt 0.367187500 0.634277344
vn -0.945820689 -0.031527411 -0.323155254
vt 0.406005859 0.628417969
v -0.013605041 0.484389305 0.361480683
vt 0.242919922 0.977294922
vt 0.273681641 0.969970703
vt 0.269775391 0.977050781
v -0.026962202 0.463247269 0.365509003
vt 0.245117188 0.971191406
vn -0.125968516 0.007873079 0.992003083
vt 0.279296875 0.959960938
v -0.036952894 0.451763123 0.359283417
vt 0.246093750 0.965332031
v -0.033817217 0.518260956 0.358398408
vt 0.233886719 0.979003906
vn -0.440412670 0.047187105 0.896554649
v -0.048953932 0.462537736 0.369049042
vt 0.244140625 0.957763672
vn -0.227613702 0.031395040 0.973245382
vt 0.273925781 0.952148438
v -0.063354418 0.500633240 0.353301972
vt 0.235839844 0.946044922
vn -0.994719684 0.039472952 -0.094735079
v -0.055686869 0.388801575 0.345489472
vt 0.268066406 0.944580078
vn -0.741100132 0.110376529 -0.662259459
v -0.014615938 0.471743464 0.335967988
vt 0.677978516 0.406250000
vn 0.828365445 0.007889254 0.560132623
vt 0.680908203 0.430419922
vt 0.676513672 0.447021484
v -0.017562795 0.531177521 0.336456269
vt 0.679687500 0.385498047
vn 0.486907780 0.054973505 0.871721745
vt 0.674560547 0.406982422
vt 0.977539062 0.407714844
v -0.008064185 0.408042908 0.396301240
vt 0.965087891 0.406250000
vn 0.766325772 0.616220713 0.181705967
vt 0.973144531 0.398193359
v -0.032554541 0.395103455 0.390289277
vt 0.965332031 0.396484375
vn -0.818289161 0.542903304 -0.188835874
vt 0.975585938 0.382324219
vt 0.191894531 0.025146484
vt 0.182128906 0.034179688
vt 0.181884766 0.023925781
vt 0.174072266 0.034179688
vt 0.163085938 0.030029297
vt 0.017578125 0.010986328
vt 0.036865234 0.017089844
vt 0.014892578 0.017578125
vt 0.572265625 0.114746094
v -0.037113115 0.468599051 0.350769013
vt 0.551757812 0.102783203
vn -0.173201635 0.039363924 -0.984099448
vt 0.580078125 0.110351562
v -0.030738756 0.493503541 0.345184296
vt 0.549560547 0.096191406
vt 0.576660156 0.100097656
v -0.046016619 0.493457764 0.345825166
vt 0.543212891 0.109863281
vt 0.572509766 0.118164062
vt 0.539550781 0.113769531
vt 0.575439453 0.118164062
vt 0.576904297 0.125976562
vt 0.014160156 0.067382812
vt 0.016357422 0.077148438
vt 0.008544922 0.075683594
vt 0.008789062 0.055175781
vt 0.009521484 0.083740234
vt 0.020507812 0.086914062
v -0.025337152 0.584800720 0.334442109
vt 0.897460938 0.340576172
vn -0.165549338 0.039416578 0.985413551
vt 0.889160156 0.297363281
vt 0.899414062 0.328125000
vt 0.886962891 0.327636719
vt 0.738281250 0.857421875
vt 0.714355469 0.859375000
v -0.018781591 0.552993774 0.343627900
vt 0.700927734 0.848144531
vn 0.196109965 -0.007844438 -0.980550528
v -0.006330419 0.583786011 0.350952119
vt 0.701660156 0.835937500
vn 0.790322423 -0.071129009 -0.608548462
v -0.022575310 0.618728638 0.346008271
vt 0.684570312 0.851806641
vn -0.631410778 0.055248372 -0.773477972
vt 0.726318359 0.836181641
v -0.011276172 0.602005005 0.363830537
vt 0.697021484 0.830078125
vn 0.472089946 -0.023604432 0.881234288
vt 0.731201172 0.829589844
v -0.032871176 0.549255371 0.351928681
vt 0.696289062 0.862304688
vn -0.252572238 0.094714493 -0.962931216
vt 0.712402344 0.863769531
vt 0.718261719 0.866943359
vt 0.234863281 0.040527344
vt 0.267333984 0.041503906
vt 0.237548828 0.043701172
vt 0.264160156 0.044189453
v 0.001951294 0.518394470 0.365936249
vt 0.748046875 0.164306641
vn -0.229021788 0.063178495 0.971368909
vt 0.747314453 0.168212891
vt 0.716064453 0.162109375
vt 0.752929688 0.162841797
v 0.012268620 0.568771362 0.393218964
vt 0.769042969 0.176513672
vn 0.086608939 -0.291320503 0.952696860
v -0.005103037 0.563194275 0.374999970
vt 0.760498047 0.179931641
v 0.001218870 0.552230835 0.366088837
vt 0.754882812 0.178710938
vn -0.878762424 0.078460924 0.470765740
v 0.001484468 0.553627014 0.366210908
vt 0.755126953 0.179199219
vn -0.283535033 0.535565913 -0.795472920
v -0.005364347 0.594535828 0.357147187
vt 0.756347656 0.194335938
vn -0.511922002 -0.031502884 0.858454108
vt 0.746093750 0.177734375
vt 0.981933594 0.828125000
vt 0.985351562 0.822021484
v -0.055503771 0.507450104 0.347167939
vt 0.987548828 0.826660156
vn -0.362598389 -0.575427890 -0.733079195
vt 0.996093750 0.812011719
v -0.043792650 0.510166168 0.366516083
vt 0.995361328 0.828125000
vn 0.658403575 -0.109733850 0.744622886
vt 0.862304688 0.761230469
vt 0.864990234 0.730224609
vt 0.866943359 0.775878906
v -0.048206244 0.484635353 0.431579560
vt 0.800781250 0.042724609
vn 0.315420628 0.701810777 0.638726532
v -0.052654181 0.470299125 0.426361054
vt 0.802246094 0.037597656
vn 0.646210372 -0.732897162 -0.212776661
v -0.051277086 0.523853302 0.365203828
vt 0.824707031 0.046875000
vn -0.338645607 0.732419729 0.590661108
v -0.061004557 0.492797852 0.405609101
vt 0.808105469 0.050781250
vn -0.983703256 0.165262088 0.070826747
vt 0.824218750 0.041015625
vt 0.829345703 0.034667969
vt 0.809082031 0.027099609
v -0.062095568 0.511955261 0.356872529
vt 0.825927734 0.030273438
vn -0.487117887 0.125707909 0.864241719
v -0.068580553 0.504158020 0.350585908
vt 0.829345703 0.030761719
vn 0.150044143 -0.844985604 -0.513308942
v -0.061988756 0.527820587 0.346679658
vt 0.835449219 0.033691406
vn -0.592686415 0.774443448 -0.221269518
vt 0.003906250 0.649169922
v -0.073814310 0.479742050 0.424926728
vt 0.010253906 0.644287109
vn -0.880118072 0.102156550 0.463633746
vt 0.014404297 0.652587891
vt 0.000976562 0.643798828
v 0.084671043 0.812744141 0.048236791
vt 0.498291016 0.460205078
vn 0.730361640 -0.204187021 0.651827872
v 0.061275508 0.691452026 0.041370343
vt 0.504394531 0.509277344
vn -0.480836868 -0.331068069 0.811905086
v 0.070304893 0.708602905 0.038459729
vt 0.496093750 0.503906250
vn 0.737714410 -0.204048693 -0.643538296
v 0.061664600 0.800445557 0.024862237
vt 0.476074219 0.533203125
vn -0.504062116 -0.189023301 -0.842728674
v 0.059188861 0.800567627 0.013930270
vt 0.471923828 0.531250000
vn -0.376612663 -0.172614142 -0.910146892
v 0.063579597 0.679550171 0.133621171
vt 0.281982422 0.289550781
vn 0.977226615 -0.197021440 0.078808472
v 0.059326205 0.725128174 0.121131852
vt 0.278076172 0.308837891
vn 0.392727911 -0.172800377 -0.903274536
v 0.082626373 0.809265137 0.131668031
vt 0.235107422 0.325683594
vn 0.962541521 -0.039448395 -0.268249393
v 0.070655853 0.813262939 0.108154245
vt 0.243164062 0.335205078
vn 0.780447364 -0.244382530 -0.575481594
v 0.050888091 0.814453125 0.108566232
vt 0.251220703 0.338867188
vn -0.551454723 -0.527820945 -0.645989716
v 0.066413909 0.821472168 0.143279970
vt 0.228759766 0.336425781
vn 0.684509099 0.692377090 0.228169590
v 0.076751746 0.797515869 0.149063051
vt 0.228027344 0.317626953
vn 0.943829298 0.007865299 0.330340087
v 0.061458625 0.746826172 0.150726274
vt 0.246337891 0.301269531
vn -0.489480555 -0.647377372 -0.584218621
v 0.084014930 0.795013428 0.153930604
vt 0.223632812 0.313964844
vn 0.702947974 -0.023694882 -0.710846484
v 0.066432990 0.809234619 0.170745790
vt 0.217529297 0.329345703
vn 0.598963976 0.788110435 0.141859770
v 0.091476478 0.793487549 0.177917421
vt 0.211669922 0.316650391
vn 0.825289130 0.558052659 0.086458728
v 0.090080298 0.774078369 0.170211732
vt 0.211181641 0.308105469
vn 0.986333430 -0.157813296 0.047343884
v 0.081932105 0.792114258 0.192199647
vt 0.203857422 0.319335938
vn 0.698883533 0.109936781 0.706735969
v 0.073776290 0.712463379 0.183196962
vt 0.176025391 0.293945312
vn 0.645269454 -0.157382712 0.747568071
v 0.053520240 0.813751221 0.175277665
vt 0.213867188 0.336669922
vn -0.039398182 0.945556402 0.323065042
v 0.054233581 0.834228516 0.114929147
vt 0.235595703 0.348388672
vn -0.276276588 0.931446731 0.236808494
v 0.043994945 0.800262451 0.194732621
vt 0.204345703 0.340820312
vn -0.804022491 0.575427830 0.149768963
v 0.060836833 0.808013916 0.196166947
vt 0.204101562 0.330322266
vn 0.490076512 0.750923634 0.442649633
v 0.061744731 0.779357910 0.199432328
vt 0.191162109 0.321289062
vn 0.826669335 0.173206955 0.535366595
v 0.054092448 0.790283203 0.201705888
vt 0.193603516 0.327636719
vn 0.543627441 0.141815886 0.827259004
v 0.070449874 0.766540527 0.189590394
vt 0.187744141 0.313232422
vn 0.386570603 -0.165673003 0.907257199
v 0.062038466 0.691604614 0.180328324
vt 0.168457031 0.290283203
vn 0.054978669 -0.306308925 0.950343192
v 0.058418319 0.761535645 0.199752763
vt 0.181396484 0.317626953
vn 0.745976210 -0.526109457 0.408323765
v 0.052509353 0.670989990 0.187057450
vt 0.156005859 0.286376953
vn -0.851159275 -0.346768588 0.394055367
v 0.040466353 0.764373779 0.198440507
vt 0.173095703 0.319335938
vn 0.118271701 -0.977712512 -0.173465103
v 0.041881602 0.775115967 0.176086381
vt 0.161621094 0.321777344
vn -0.841841578 -0.322574824 -0.432722151
vt 0.170166016 0.661376953
vt 0.157470703 0.644042969
v 0.053180732 0.653091431 0.131149247
vt 0.163574219 0.631347656
vn -0.894978404 -0.211968631 -0.392534256
v 0.053516429 0.662902832 0.138198808
vt 0.159179688 0.634765625
vn -0.078808457 -0.197021440 0.977226615
vt 0.124511719 0.642822266
v 0.042045631 0.788696289 0.153823808
vt 0.105712891 0.637207031
vn -0.787596941 -0.354418635 0.504062176
vt 0.402099609 0.777587891
v 0.045002013 0.794433594 0.117034860
vt 0.459472656 0.766601562
vn -0.212690860 -0.275710255 -0.937414765
vt 0.434814453 0.782958984
vt 0.466552734 0.766357422
v 0.031839404 0.782745361 0.125564530
vt 0.450927734 0.756347656
vn -0.833226204 -0.534522533 -0.141491100
vt 0.446777344 0.742675781
v -0.049526177 0.649108887 0.126312226
vt 0.356201172 0.556640625
vn 0.589783788 -0.306687593 -0.747059524
v -0.057228051 0.711608887 0.118347138
vt 0.379150391 0.551757812
vn -0.424080998 -0.180627093 -0.887428403
v -0.039184541 0.785095215 0.110656701
vt 0.398681641 0.570556641
vn 0.520540893 -0.173513681 -0.836020529
v -0.061431848 0.697174072 0.130020112
vt 0.372558594 0.548828125
vn -0.836020410 -0.173513681 0.520541131
v -0.046691857 0.694671631 0.135848954
vt 0.368164062 0.544677734
vn 0.607884347 -0.236837968 0.757881582
v -0.074928254 0.781524658 0.126556367
vt 0.401855469 0.521484375
vn -0.964464605 -0.166014448 -0.205541506
v -0.068389863 0.813262939 0.141342133
vt 0.402587891 0.502441406
vn -0.799024522 -0.007911143 0.601246357
v -0.052619897 0.752288818 0.145645112
vt 0.376220703 0.515380859
vn -0.759231329 -0.284711778 0.585241020
v -0.055004083 0.796752930 0.167343110
vt 0.390625000 0.499755859
vn -0.973365247 -0.141295001 -0.180543408
v -0.038162190 0.697372437 0.153259233
vt 0.355468750 0.497314453
vn 0.213260680 -0.758259773 0.616086125
v -0.030265771 0.782409668 0.175033525
vt 0.385009766 0.486083984
vn 0.732897222 -0.646210372 -0.212776691
v -0.035152402 0.744659424 0.125717118
vt 0.635986328 0.211914062
vn 0.967395008 -0.149434969 -0.204490125
vt 0.670166016 0.236572266
vt 0.617431641 0.215332031
vt 0.656250000 0.222412109
v -0.029251065 0.790618896 0.129104570
vt 0.627929688 0.193115234
vn 0.962212205 -0.268157452 -0.047322027
v -0.027545899 0.799743652 0.122222863
vt 0.623291016 0.190185547
vn 0.898166895 0.354539633 -0.259995848
v -0.027267423 0.786804199 0.145767167
vt 0.637207031 0.185546875
vn 0.298648417 -0.903804421 -0.306507587
vt 0.655517578 0.193359375
vt 0.663574219 0.217041016
vt 0.666015625 0.172363281
vt 0.636474609 0.172119141
v 0.065704390 0.627853394 0.171493486
vt 0.731445312 0.324951172
vn 0.212935254 -0.449530184 -0.867514372
vt 0.690429688 0.361572266
vt 0.698730469 0.336914062
vt 0.693847656 0.375244141
vt 0.718750000 0.371582031
vt 0.729980469 0.383056641
vt 0.773681641 0.390869141
vt 0.783447266 0.388671875
vt 0.793457031 0.410400391
vt 0.792968750 0.359863281
vt 0.774414062 0.388916016
v -0.052310895 0.635223389 0.192565903
vt 0.283203125 0.375488281
vn 0.557639539 -0.290600777 0.777553558
v -0.058822587 0.665420532 0.190216035
vt 0.275146484 0.388183594
vn -0.938376009 -0.197137862 0.283878595
v -0.046863511 0.700805664 0.180618241
vt 0.260009766 0.397216797
vn 0.409842789 -0.197039887 -0.890620232
v -0.052577928 0.801727295 0.215316743
vt 0.277832031 0.445068359
vn -0.371034533 -0.228936240 0.899956465
v -0.075111344 0.808227539 0.206741303
vt 0.265869141 0.445068359
vn -0.938113630 0.070949748 0.338982373
v -0.027172048 0.764434814 0.197402909
vt 0.230957031 0.406250000
vn 0.678343952 -0.638905406 -0.362835228
v -0.038928941 0.757019043 0.206390336
vt 0.232666016 0.397216797
vn -0.252910972 -0.569049895 0.782443762
vt 0.231445312 0.424316406
v -0.011041598 0.750061035 0.198883012
vt 0.221435547 0.404541016
vn -0.757386148 -0.591708004 -0.276130229
vt 0.241699219 0.433837891
vt 0.223144531 0.432373047
v -0.065139733 0.750488281 0.177474946
vt 0.258789062 0.418701172
vn -0.828159273 -0.134082973 -0.544218719
v -0.068588220 0.812652588 0.169998139
vt 0.248535156 0.441650391
v 0.000584638 0.760314941 0.142349198
vt 0.200439453 0.423095703
vn -0.480285197 -0.795226276 -0.370055735
v -0.002768472 0.731048584 0.197372392
vt 0.211425781 0.401367188
vn -0.607335627 -0.694097877 -0.386486202
v -0.019826859 0.793975830 0.111419633
vt 0.208740234 0.441162109
vn -0.940219462 -0.339743197 0.023703149
v -0.009654969 0.775421143 0.108032182
vt 0.198730469 0.437255859
vn -0.229079098 -0.940014243 -0.252776891
v 0.014819190 0.729736328 0.199920610
vt 0.202148438 0.399658203
v 0.008425622 0.788024902 0.099845842
vt 0.184082031 0.439453125
vn 0.031573467 -0.907737613 -0.418348640
v 0.019727739 0.775115967 0.117721513
vt 0.178955078 0.431640625
vn 0.560429275 -0.765657008 -0.315734863
v 0.023666427 0.744812012 0.200561479
vt 0.193847656 0.397460938
vn 0.692484200 -0.645269275 -0.322634727
vt 0.177490234 0.394531250
vt 0.170898438 0.409179688
vt 0.160400391 0.425292969
vt 0.152832031 0.409179688
vt 0.170898438 0.432861328
v 0.038461745 0.591392517 0.272216767
vt 0.493164062 0.412109375
vn -0.007870003 0.574500501 -0.818466485
v 0.085922301 0.587760925 0.288177460
vt 0.477783203 0.413574219
vn 0.931533754 0.165781468 -0.323668659
v 0.057045043 0.567077637 0.261352509
vt 0.489501953 0.399169922
vn -0.000000134 0.078497149 -0.996914387
v 0.064960539 0.597427368 0.290496796
vt 0.482666016 0.419677734
vn -0.204496458 0.259553015 -0.943829238
v 0.076095648 0.595474243 0.302215546
vt 0.479003906 0.422119141
vn 0.982396126 0.047155067 0.180760756
v 0.074012823 0.580169678 0.321380585
vt 0.470947266 0.427734375
vn 0.770579398 -0.023589103 0.636907279
v 0.056442328 0.594535828 0.312774628
vt 0.477050781 0.432128906
vn -0.409005195 0.015730994 0.912396550
v 0.070762694 0.539710999 0.271362275
vt 0.480957031 0.389892578
vt 0.490966797 0.384521484
vt 0.498291016 0.377197266
vt 0.468261719 0.356689453
vt 0.467041016 0.372558594
v -0.014387071 0.586715698 0.260284394
vt 0.420166016 0.526611328
vn -0.535815358 0.323065042 -0.780083954
v 0.028522551 0.579917908 0.259796113
vt 0.403320312 0.531982422
vn 0.575427771 -0.149768904 -0.804022551
vt 0.408203125 0.524658203
vt 0.410888672 0.504882812
vt 0.426025391 0.516357422
vt 0.404541016 0.539794922
v 0.011403622 0.592903137 0.278289765
vt 0.418212891 0.539306641
vn -0.047017373 -0.336957097 -0.940345347
v 0.019745890 0.585044861 0.302551240
vt 0.416748047 0.549560547
vn 0.478877217 0.227662936 0.847847998
v 0.035316534 0.588241577 0.307128876
vt 0.409179688 0.552246094
vn -0.031363044 0.431243271 0.901690423
vt 0.424072266 0.587158203
v 0.014362870 0.647003174 0.270385712
vt 0.679199219 0.608886719
vn 0.181615323 0.813321233 -0.552742660
v 0.040092528 0.633956909 0.270599335
vt 0.695556641 0.614013672
vn 0.779793441 -0.228424355 -0.582876086
v 0.011745509 0.630218506 0.252075166
vt 0.683349609 0.618896484
vn -0.039253559 -0.141312405 -0.989186585
v -0.024944246 0.636123657 0.273010224
vt 0.667724609 0.624511719
vn -0.528707743 -0.244625971 -0.812789202
v 0.052223265 0.657516479 0.283935517
vt 0.704101562 0.603759766
vn 0.441054285 0.882108629 0.165395260
v 0.031435072 0.635223389 0.286956757
vt 0.702148438 0.616210938
vn 0.957223535 0.188306332 0.219690517
vt 0.690917969 0.635742188
v -0.027065214 0.636245728 0.302276582
vt 0.662597656 0.638183594
vn -0.488977939 -0.694033146 -0.528411448
v -0.036239564 0.646560669 0.275878876
vt 0.660644531 0.624755859
vn 0.244359672 -0.299537808 -0.922261119
v -0.006596502 0.587707520 0.298309296
vt 0.689941406 0.647216797
vn -0.940366268 0.173849210 0.292382956
vt 0.696044922 0.651855469
vt 0.701660156 0.644287109
v -0.042335451 0.595672607 0.277801484
vt 0.692382812 0.660400391
vn 0.495678902 0.291113079 -0.818263829
v -0.034145292 0.559387207 0.280487031
vt 0.702880859 0.664062500
vn 0.661909878 -0.157597601 -0.732828975
v 0.006386814 0.677368164 0.279907197
vt 0.945312500 0.979003906
vn 0.306924820 -0.377753764 -0.873555541
v 0.001107745 0.701568604 0.247024491
vt 0.960937500 0.979248047
vn -0.227431774 -0.839144766 -0.494075805
v 0.020742470 0.703323364 0.264007539
vt 0.955078125 0.987060547
vn 0.975169480 -0.220199510 -0.023592928
v -0.005011500 0.682861328 0.289184541
vt 0.944335938 0.972900391
vn -0.965813160 0.212007731 0.149190769
v -0.008401822 0.727203369 0.233215287
vt 0.971435547 0.974121094
vn -0.860565066 -0.481600672 -0.165796801
vt 0.343017578 0.126220703
vt 0.332031250 0.119384766
vt 0.343750000 0.099121094
vt 0.336181641 0.095947266
vt 0.326660156 0.109863281
v 0.020410586 0.728668213 0.236175492
vt 0.352783203 0.112304688
vn 0.094383053 -0.432588369 0.896637738
vt 0.348144531 0.096191406
v 0.041862536 0.729125977 0.239822343
vt 0.357666016 0.108642578
vn 0.252163976 -0.772252262 -0.583129287
v 0.008106880 0.721954346 0.257934541
vt 0.351318359 0.121826172
vn -0.086288407 0.792284906 0.604019105
v 0.013234181 0.757232666 0.196701005
vt 0.372070312 0.113769531
vn -0.456579715 0.763590276 0.456579775
vt 0.143310547 0.619140625
vt 0.161621094 0.625976562
vt 0.092529297 0.622314453
v -0.038097337 0.782470703 0.209533647
vt 0.153808594 0.619384766
vn 0.692849040 0.377917677 0.614116013
v -0.012559837 0.708068848 0.264862031
vt 0.142089844 0.856201172
vn 0.802627265 -0.480002612 -0.354100376
v -0.019779149 0.692138672 0.275390595
vt 0.135253906 0.852783203
vn 0.590404749 -0.283394277 -0.755718172
v -0.025951333 0.723480225 0.247558549
vt 0.150390625 0.853027344
vn -0.393603235 -0.676997483 -0.621892989
v -0.043991033 0.694793701 0.277130097
vt 0.139648438 0.843505859
vn -0.786402762 0.574073911 -0.228056699
v -0.012782991 0.679687500 0.299774140
vt 0.125976562 0.858642578
vn 0.934087932 0.196237013 0.298280030
v -0.012264200 0.731903076 0.263061494
vt 0.148925781 0.863037109
vn 0.938376188 0.197137922 0.283878386
v -0.023031179 0.721084595 0.288177460
vt 0.138671875 0.869628906
vn 0.213147640 0.702597558 0.678914428
v -0.032455381 0.677261353 0.322631806
vt 0.119384766 0.868408203
vn -0.510987937 0.660353720 0.550294816
v -0.016576702 0.639236450 0.330657929
vt 0.105957031 0.861572266
vn 0.714831293 0.180671677 0.675554633
v -0.030494623 0.648498535 0.344024628
vt 0.104980469 0.869384766
vn 0.967036188 -0.039310358 0.251586497
v -0.032424860 0.622482300 0.332092255
vt 0.097900391 0.865234375
vn 0.820629418 -0.173594639 0.544455945
v -0.010026868 0.641357422 0.310699433
vt 0.111083984 0.855224609
vn 0.401749313 0.133916453 0.905905008
v -0.014091432 0.650466919 0.290801972
vt 0.118408203 0.850097656
vn 0.243513808 0.455606669 -0.856226504
v -0.031166021 0.679336548 0.261260957
vt 0.131591797 0.844238281
vn 0.292382687 0.015804447 -0.956170797
vt 0.117187500 0.838623047
v -0.058891237 0.678359985 0.271881074
vt 0.137207031 0.832763672
vn -0.661663592 0.047261614 -0.748309851
vt 0.122314453 0.834228516
vt 0.580322266 0.781738281
v -0.000040011 0.754577637 0.201614335
vt 0.601074219 0.766601562
vn 0.604205132 0.674826443 0.423728168
vt 0.592529297 0.784667969
vt 0.598876953 0.762451172
vt 0.565185547 0.789062500
vt 0.605468750 0.792968750
vt 0.598388672 0.797363281
vt 0.590820312 0.790527344
v -0.010957671 0.764190674 0.224197343
vt 0.611572266 0.770996094
vn 0.575356364 0.693580270 0.433487535
vt 0.611816406 0.804443359
v -0.024333909 0.764831543 0.222595170
vt 0.617919922 0.771240234
vn 0.110086195 0.857099473 0.503251016
v -0.010383565 0.779663086 0.181655839
vt 0.623291016 0.758789062
vn 0.439692676 0.832275450 0.337621063
v -0.041679326 0.725708008 0.272216767
vt 0.622802734 0.799316406
vn -0.882957876 0.354759842 0.307458639
vt 0.625732422 0.767089844
vt 0.172119141 0.077392578
v 0.040477809 0.685577393 0.281311005
vt 0.152099609 0.071289062
vn -0.426215559 -0.442001283 -0.789287806
v 0.025268609 0.717437744 0.272705048
vt 0.164550781 0.066162109
vn -0.994378924 0.094702713 0.047351506
v 0.056217249 0.704849243 0.270019501
vt 0.156250000 0.080322266
vn 0.669270515 -0.125980362 -0.732260942
v 0.052490294 0.657485962 0.283966035
vt 0.142089844 0.075683594
vn -0.229086354 -0.221186772 -0.947943032
v 0.077636778 0.664535522 0.283081025
vt 0.142333984 0.085449219
vn 0.780083954 -0.063037083 -0.622491360
v 0.041725222 0.632858276 0.297882050
vt 0.133544922 0.067871094
vn -0.307162881 -0.393798470 -0.866356552
v 0.029394211 0.653167725 0.302703828
vt 0.141113281 0.062255859
vn -0.583020747 -0.275753051 -0.764229715
v 0.026065890 0.647247314 0.316040009
vt 0.139160156 0.056640625
vn -0.910118937 0.133379474 0.392292798
v 0.033458769 0.710739136 0.295867890
vt 0.163085938 0.055664062
vn -0.432574868 0.558414996 0.707850039
vt 0.690429688 0.126220703
vt 0.706787109 0.122558594
v 0.054313716 0.717834473 0.281097382
vt 0.688720703 0.135498047
vn 0.933076084 0.197685659 0.300482005
vt 0.724853516 0.134033203
vt 0.725830078 0.143066406
v 0.048320822 0.748321533 0.252654999
vt 0.702148438 0.143798828
vn -0.007872745 0.763661265 0.645569205
vt 0.726318359 0.149169922
vt 0.681640625 0.139404297
v 0.027196931 0.766601562 0.219772294
vt 0.711914062 0.156982422
vn -0.605361640 0.668256342 0.432401240
vt 0.687011719 0.149658203
vt 0.697021484 0.160644531
vt 0.711669922 0.167724609
vt 0.007080078 0.546386719
vt 0.012207031 0.561279297
vt 0.003173828 0.561767578
vt 0.864257812 0.981201172
vt 0.880859375 0.973876953
vt 0.878417969 0.982177734
vt 0.879882812 0.965576172
vt 0.856201172 0.974853516
vt 0.873291016 0.959960938
vt 0.846435547 0.968750000
vt 0.874023438 0.949462891
vt 0.838378906 0.976562500
vt 0.790283203 0.077392578
vt 0.790527344 0.099609375
vt 0.775634766 0.065429688
vt 0.775634766 0.101318359
vt 0.319824219 0.054443359
vt 0.327148438 0.058593750
vt 0.300781250 0.078857422
vt 0.298583984 0.065673828
vt 0.430175781 0.074951172
vt 0.396972656 0.074707031
vt 0.426269531 0.067871094
vt 0.397216797 0.070068359
vt 0.420898438 0.060302734
v 0.031162325 0.618499756 0.305816621
vt 0.090087891 0.921142578
vn 0.613469958 -0.558414996 -0.558415055
vt 0.104492188 0.930664062
vt 0.085449219 0.932373047
vt 0.075927734 0.933837891
vt 0.082275391 0.922851562
vt 0.106933594 0.921142578
v 0.004936522 0.596038818 0.312744111
vt 0.103515625 0.914306641
vn -0.172736302 0.149181485 0.973605216
v 0.013852190 0.562248230 0.343414277
vt 0.124023438 0.910156250
vn 0.918275714 0.306091964 -0.251152486
vt 0.081787109 0.908935547
v -0.043819360 0.498771638 0.286132783
vt 0.415039062 0.456054688
vn 0.613412976 -0.204471022 -0.762834311
vt 0.425537109 0.463134766
vt 0.423339844 0.466552734
v -0.039668970 0.527233124 0.308471650
vt 0.414062500 0.441894531
vn 0.834749222 -0.157499775 0.527624309
v -0.062072694 0.582473755 0.274902314
vt 0.390136719 0.456298828
vn -0.354980737 -0.086773090 -0.930837929
vt 0.395751953 0.441894531
vt 0.394287109 0.431396484
vt 0.383544922 0.449218750
v -0.062660150 0.509792328 0.293548554
vt 0.407226562 0.467041016
vn -0.983003378 -0.125824481 -0.133688316
v -0.078948915 0.590797424 0.289215058
vt 0.384277344 0.460449219
vn -0.929364443 0.362294585 -0.070883624
v -0.055808961 0.596542358 0.285003632
vt 0.380859375 0.454101562
vn -0.733079433 -0.055178083 -0.677901208
v -0.056144647 0.596023560 0.307342499
vt 0.375976562 0.461181641
vn -0.443106681 0.316504836 0.838737905
v -0.067199640 0.589881897 0.341308564
vt 0.375244141 0.477539062
vn -0.964772642 0.047062051 0.258841574
v -0.060195856 0.534072876 0.308471650
vt 0.399169922 0.474121094
vn -0.632139444 -0.158034891 0.758567512
vt 0.426269531 0.471435547
v -0.072021417 0.569847107 0.294494599
vt 0.389648438 0.465332031
vn -0.981033564 -0.180510223 -0.070634276
vt 0.423583984 0.476562500
vt 0.400390625 0.482910156
vt 0.392822266 0.479248047
v -0.061965875 0.562202454 0.308319062
vt 0.389404297 0.471679688
vn -0.891284764 -0.347048968 0.291836768
vt 0.387939453 0.481689453
v -0.017625745 0.616622925 0.307464570
vt 0.197509766 0.794433594
vn 0.086608693 -0.291320562 -0.952696860
vt 0.206298828 0.802734375
vt 0.183837891 0.797607422
v -0.032497343 0.610717773 0.316467255
vt 0.204101562 0.792480469
vn -0.734197915 -0.000000062 -0.678935468
vt 0.217529297 0.750732422
vt 0.795166016 0.062011719
vt 0.795898438 0.056396484
vt 0.815917969 0.064208984
vt 0.828369141 0.054687500
v -0.033550199 0.595397949 0.309265107
vt 0.795166016 0.075927734
vn 0.748472631 -0.149694443 0.646049857
vt 0.813476562 0.077636719
vt 0.049072266 0.463867188
vt 0.039306641 0.466064453
vt 0.045898438 0.439208984
vt 0.056396484 0.452880859
vt 0.057861328 0.436035156
v 0.055206362 0.632080078 0.319274873
vt 0.066894531 0.448974609
vn 0.544388175 -0.236690581 -0.804747999
vt 0.054443359 0.427246094
vt 0.041503906 0.426513672
vt 0.638427734 0.145263672
v 0.057041228 0.686218262 0.294616669
vt 0.646240234 0.129150391
vn 0.572447836 0.799858570 0.180360168
v 0.091102660 0.676849365 0.295318574
vt 0.645263672 0.142822266
vn 0.939516008 0.307908654 -0.150006905
v 0.074615546 0.645446777 0.321258515
vt 0.654052734 0.152832031
vn 0.738876045 -0.196509510 0.644551218
vt 0.635986328 0.124267578
vt 0.638916016 0.119140625
v 0.078689635 0.679565430 0.319580048
vt 0.652587891 0.139648438
vn 0.346553445 0.614344716 0.708859146
v 0.048374239 0.668060303 0.323608369
vt 0.662841797 0.133300781
vn 0.236191317 0.535366774 0.810923100
vt 0.664794922 0.150634766
v 0.066528387 0.621566772 0.333373994
vt 0.672363281 0.151611328
vn 0.574642777 0.566771030 -0.590386629
vt 0.650390625 0.116699219
v 0.056697913 0.655014038 0.342651337
vt 0.671630859 0.138183594
vn -0.714897454 0.620625138 -0.322096556
v 0.032219000 0.634277344 0.334503144
vt 0.677246094 0.128906250
vn -0.417932093 0.212908894 0.883177578
vt 0.675292969 0.118652344
v 0.044189520 0.645904541 0.334075898
vt 0.672119141 0.132324219
vn -0.945233524 0.047261652 0.322954923
v 0.045421667 0.651840210 0.343872041
vt 0.674560547 0.134033203
vn -0.567721546 0.236550704 0.788502395
vt 0.560058594 0.140136719
vt 0.571289062 0.142089844
v 0.012152258 0.654235840 0.312744111
vt 0.564941406 0.153320312
vn 0.737964630 0.329728901 0.588801384
vt 0.558349609 0.151611328
vt 0.554199219 0.146484375
vt 0.557128906 0.129638672
vt 0.567871094 0.130615234
vt 0.580322266 0.153076172
vt 0.585449219 0.164794922
v 0.004582705 0.675064087 0.310882539
vt 0.565673828 0.164794922
vn -0.110086091 0.597610712 0.794193029
vt 0.587890625 0.174316406
vt 0.585937500 0.136718750
vt 0.582275391 0.129882812
vt 0.586914062 0.147705078
vt 0.595703125 0.141113281
vt 0.593261719 0.130371094
vt 0.601074219 0.133300781
vt 0.975341797 0.089599609
vt 0.969970703 0.097412109
vt 0.970947266 0.070312500
vt 0.747070312 0.814697266
vt 0.718017578 0.786132812
vt 0.727539062 0.777099609
vt 0.722167969 0.769531250
v 0.043365501 0.801239014 0.044448804
vt 0.707275391 0.789550781
vn 0.456353664 -0.330462843 0.826157272
v 0.045757312 0.829345703 0.043254804
vt 0.694091797 0.789062500
vn -0.903135240 -0.274867266 0.329840809
v 0.059703849 0.820007324 0.060665078
vt 0.692382812 0.801513672
vn -0.047283560 -0.559523582 0.827464640
vt 0.690429688 0.816406250
vt 0.623779297 0.623535156
vt 0.622070312 0.675292969
v 0.085449234 0.829681396 0.029935783
vt 0.614501953 0.615722656
vn 0.849472463 -0.094385818 -0.519122183
vt 0.602294922 0.613281250
vt 0.161376953 0.046142578
vt 0.149169922 0.042724609
vt 0.181152344 0.042968750
v 0.004053380 0.791015625 0.074935868
vt 0.088134766 0.183593750
vn -0.393250018 0.904474974 0.165164992
vt 0.083740234 0.166015625
vt 0.099365234 0.185058594
vt 0.063720703 0.181884766
vt 0.082763672 0.199218750
vt 0.073242188 0.196289062
v 0.013466382 0.799133301 0.064239457
vt 0.089355469 0.220703125
vn 0.363027245 -0.915459931 -0.173621714
vt 0.072998047 0.223876953
vt 0.061035156 0.188964844
v 0.030540492 0.786346436 0.075767472
vt 0.849609375 0.806640625
vn 0.283878505 -0.938376069 -0.197137818
vt 0.825683594 0.798339844
vt 0.832763672 0.793701172
vt 0.826660156 0.806884766
vt 0.845947266 0.791503906
v 0.042152435 0.800750732 0.110580392
vt 0.830322266 0.809814453
vn 0.710314751 0.355157435 -0.607713938
v 0.003899123 0.791473389 0.077583268
vt 0.856689453 0.792236328
vn 0.157163933 -0.887976289 -0.432200879
vt 0.857666016 0.824462891
vt 0.865478516 0.819335938
vt 0.865478516 0.826171875
v 0.019159339 0.807098389 0.057949021
vt 0.863769531 0.804931641
vn -0.487268448 0.872367680 -0.039295815
vt 0.860595703 0.799560547
vt 0.863769531 0.790283203
vt 0.866943359 0.780517578
v 0.007760673 0.794250488 0.100738481
vt 0.680664062 0.769531250
vn 0.078684062 0.975682557 0.204578534
v -0.002509082 0.788116455 0.145446733
vt 0.677734375 0.755126953
vn 0.433044076 0.858214617 0.275573403
v 0.010226759 0.794616699 0.129592851
vt 0.687744141 0.760986328
vn -0.125797197 0.943479061 0.306630701
v 0.005918776 0.781646729 0.138595536
vt 0.684326172 0.754150391
vn -0.196382180 0.864081740 0.463461995
v 0.022930179 0.795440674 0.133178666
vt 0.694091797 0.760986328
vn -0.426467985 0.900321186 0.086873114
vt 0.678466797 0.721435547
vt 0.668701172 0.737792969
vt 0.667724609 0.714355469
vt 0.685791016 0.723876953
v 0.021581689 0.781463623 0.172454789
vt 0.694580078 0.739257812
vn -0.598351002 0.740065694 0.307048619
vt 0.698730469 0.715332031
v 0.040409125 0.792144775 0.166061357
vt 0.705322266 0.744384766
vn -0.659457743 0.683009744 0.314027548
vt 0.715576172 0.728515625
vt 0.717773438 0.735595703
v 0.034725219 0.805969238 0.128204301
vt 0.704833984 0.761230469
vn -0.832378149 0.549683571 0.070673697
v 0.046810180 0.821014404 0.118987985
vt 0.709228516 0.769775391
vn -0.889405429 0.456508934 0.023612630
vt 0.715087891 0.773681641
vt 0.705322266 0.767333984
v 0.031391177 0.784393311 0.126037553
vt 0.696777344 0.766113281
vn -0.244908243 0.940131545 0.237007946
vt 0.692626953 0.772705078
vt 0.199462891 0.241455078
vt 0.246093750 0.195312500
vt 0.212402344 0.247070312
v -0.057868935 0.816009521 0.055511437
vt 0.196044922 0.222656250
vn 0.345228285 -0.329535902 0.878762543
v -0.038299538 0.834960938 0.055366479
vt 0.191650391 0.239257812
vn 0.957636297 -0.274731696 0.086344145
v -0.076675393 0.837951660 0.050308194
vt 0.187011719 0.213867188
vn -0.905624092 0.157499820 0.393749744
v -0.076278664 0.804290771 0.032947507
vt 0.199707031 0.201660156
vn -0.989919007 -0.117847547 -0.078564860
vt 0.188964844 0.193603516
vt 0.179443359 0.203369141
vt 0.172119141 0.209716797
v -0.058357216 0.846679688 0.073875390
vt 0.178222656 0.222900391
vn -0.544388235 0.804747820 0.236690596
v -0.063354470 0.828033447 0.068695031
vt 0.186279297 0.227050781
vn -0.963261247 -0.110538214 0.244763225
v -0.055915810 0.823181152 0.071708642
vt 0.185546875 0.231689453
vn 0.070621245 -0.219710961 -0.973005533
v -0.068473786 0.812225342 0.089057885
vt 0.178955078 0.232177734
vn -0.987409830 -0.157985613 0.007899415
v -0.036758393 0.823425293 0.107345544
vt 0.175292969 0.249755859
vn 0.990989983 0.007865038 -0.133705124
v -0.030380223 0.805236816 0.085212670
vt 0.172607422 0.240722656
vn 0.947617829 -0.047380868 -0.315872759
vt 0.180664062 0.941406250
vt 0.180419922 0.966064453
vt 0.173095703 0.948486328
vt 0.170898438 0.971435547
vt 0.182128906 0.980224609
v -0.049213380 0.700302124 0.087379426
vt 0.631835938 0.635742188
vn -0.172800437 -0.486982793 -0.856147110
vt 0.627197266 0.585937500
v -0.048107117 0.764556885 0.103462182
vt 0.644287109 0.604736328
vn 0.212690890 -0.275710195 0.937414765
vt 0.635498047 0.575927734
vt 0.647216797 0.595214844
v -0.061378449 0.810638428 0.098922692
vt 0.658447266 0.594970703
vn -0.815229833 -0.039574321 -0.577784061
vt 0.648437500 0.585205078
vt 0.669189453 0.586181641
vt 0.207275391 0.550292969
vt 0.207763672 0.562255859
vt 0.195556641 0.549560547
vt 0.187500000 0.562744141
vt 0.207275391 0.574218750
vt 0.216308594 0.577392578
vt 0.222900391 0.577148438
vt 0.213623047 0.578125000
vt 0.219970703 0.591308594
v -0.013214082 0.806030273 0.105743363
vt 0.202148438 0.580810547
vn 0.094523363 0.960987568 0.259939224
vt 0.198486328 0.592041016
v -0.029159520 0.807189941 0.084693871
vt 0.189208984 0.576416016
vn -0.433178335 0.897860467 0.078759715
vt 0.136230469 0.566406250
vt 0.182128906 0.590332031
vt 0.173339844 0.588623047
v -0.005864120 0.808593750 0.064300492
vt 0.179931641 0.588134766
vn -0.102203980 0.951282501 -0.290888071
vt 0.275146484 0.930175781
vt 0.249267578 0.927978516
vt 0.289062500 0.901855469
vt 0.251708984 0.931884766
vt 0.240966797 0.921142578
vt 0.242675781 0.902343750
vt 0.467285156 0.926025391
vt 0.489257812 0.895996094
vt 0.472900391 0.942871094
vt 0.490478516 0.931640625
vt 0.821777344 0.018554688
vt 0.820800781 0.010986328
vt 0.843017578 0.011718750
vt 0.829833984 0.025390625
vt 0.920166016 0.970214844
v 0.048252154 0.790924072 0.246902421
vt 0.911132812 0.958740234
vn -0.777409673 -0.628209889 -0.031410366
vt 0.925537109 0.967773438
v 0.048717551 0.798492432 0.284393281
vt 0.905517578 0.945312500
vn -0.710846424 0.687151432 0.150067627
v 0.062210135 0.800750732 0.267578095
vt 0.915283203 0.944335938
vn 0.812106907 0.583455563 0.007884402
vt 0.931396484 0.963134766
v 0.062820494 0.792663574 0.311737031
vt 0.906250000 0.932861328
vn 0.426215500 0.789287865 0.442001134
vt 0.935058594 0.956542969
v 0.060115870 0.780395508 0.305450410
vt 0.915527344 0.926757812
vt 0.933593750 0.939453125
v -0.025596585 0.795989990 0.150482133
vt 0.124511719 0.798828125
vn 0.599243164 0.764823496 0.236543253
vt 0.107910156 0.807861328
vt 0.114746094 0.792724609
vt 0.124755859 0.788085938
v -0.031257592 0.815032959 0.159423783
vt 0.137451172 0.800537109
vn 0.938609660 0.339161485 0.063099675
v -0.029979669 0.784759521 0.175109819
vt 0.119873047 0.810791016
vn 0.677060485 0.653442085 0.338530123
vt 0.105712891 0.833007812
vt 0.118896484 0.828857422
v -0.030116994 0.818908691 0.203247026
vt 0.138183594 0.825683594
vn 0.794487834 0.582100093 0.173056632
v -0.031318631 0.833038330 0.158081010
vt 0.135253906 0.795898438
vn 0.164854288 0.824271321 0.541663945
v -0.052448239 0.823944092 0.152389497
vt 0.142578125 0.794433594
vn -0.497965306 0.640241206 0.584911764
vt 0.150634766 0.800537109
v -0.055290185 0.823120117 0.170852631
vt 0.148437500 0.810302734
vn -0.213367134 0.964103103 -0.158049703
v -0.049186662 0.814544678 0.219116166
vt 0.149658203 0.833251953
vn -0.282877624 0.911494613 0.298593074
vt 0.155761719 0.805664062
vt 0.162353516 0.824218750
v -0.036891893 0.797698975 0.215209916
vt 0.846923828 0.276611328
vn 0.921259880 -0.330708623 0.204724297
vt 0.853271484 0.277587891
vt 0.851318359 0.283203125
v -0.045627542 0.790283203 0.271392792
vt 0.854736328 0.256103516
vn -0.330493569 -0.936398566 -0.118033357
vt 0.842529297 0.282470703
v -0.035072275 0.802246094 0.279754609
vt 0.848144531 0.252929688
vn 0.792894900 0.588783443 0.157008752
vt 0.838378906 0.274902344
v -0.052783910 0.791198730 0.311492890
vt 0.835205078 0.239257812
vn -0.805073619 0.536715686 0.252572209
v -0.039737646 0.783081055 0.316650361
vt 0.843750000 0.237304688
vn 0.692077279 -0.707806170 0.141561180
vt 0.827880859 0.254638672
vt 0.833251953 0.276123047
vt 0.831298828 0.282470703
vt 0.696289062 0.871337891
vt 0.748291016 0.873046875
vt 0.710937500 0.876464844
vt 0.708984375 0.880615234
vt 0.808837891 0.021484375
vt 0.808837891 0.011962891
vt 0.816406250 0.022216797
vt 0.815429688 0.002197266
vt 0.833251953 0.975830078
vt 0.834716797 0.984863281
vt 0.825195312 0.990234375
vt 0.839843750 0.995361328
vt 0.823974609 0.995117188
vt 0.814208984 0.995117188
vt 0.711181641 0.452636719
vt 0.722656250 0.447509766
vt 0.725097656 0.464355469
vt 0.730468750 0.449218750
v 0.034791972 0.810058594 0.087242082
vt 0.730712891 0.481689453
vn -0.007879651 0.977074921 0.212750152
vt 0.725097656 0.492187500
vt 0.730712891 0.503417969
vt 0.742919922 0.490234375
vt 0.741943359 0.469482422
vt 0.749023438 0.477050781
vt 0.738769531 0.441650391
vt 0.748779297 0.458007812
v 0.090141319 0.838500977 0.046676580
vt 0.653808594 0.471923828
vn 0.778707206 0.621392727 0.086522900
vt 0.652587891 0.463134766
vt 0.663330078 0.459228516
vt 0.643798828 0.471923828
vt 0.664794922 0.474365234
v 0.070877098 0.838104248 0.070770212
vt 0.656250000 0.487060547
vn 0.860484660 0.386823386 0.331562728
vt 0.641113281 0.485107422
vt 0.665283203 0.506591797
vt 0.647216797 0.505615234
vt 0.656738281 0.522216797
vt 0.997314453 0.402343750
vt 0.988281250 0.407470703
vt 0.981689453 0.402099609
v -0.000113950 0.823730469 -0.004015967
vt 0.937500000 0.201660156
vn -0.837846577 -0.023712698 -0.545390487
vt 0.949951172 0.233398438
v 0.014574543 0.809722900 0.000709339
vt 0.936035156 0.218505859
vn 0.924937308 -0.363650531 0.110676147
v 0.006315607 0.852600098 0.036697343
vt 0.920410156 0.233642578
vn 0.228616029 -0.906580448 0.354748875
vt 0.944580078 0.249267578
vt 0.944335938 0.270019531
vt 0.931152344 0.273437500
vt 0.937011719 0.249267578
vt 0.929687500 0.241943359
vt 0.836181641 0.070800781
vt 0.819824219 0.072509766
vt 0.836425781 0.064208984
v 0.046840690 0.838867188 0.059127759
vt 0.845703125 0.063720703
vn -0.733832002 0.583909273 0.347189397
v 0.027080560 0.831817627 0.075576738
vt 0.855957031 0.071533203
vn 0.745401978 0.447241187 0.494319022
vt 0.023925781 0.794433594
vt 0.011962891 0.815185547
vt 0.020019531 0.783203125
vt 0.012207031 0.788085938
vt 0.021240234 0.818359375
vt 0.678955078 0.343017578
vt 0.679443359 0.315917969
vt 0.687011719 0.313720703
vt 0.678710938 0.307861328
vt 0.675537109 0.305175781
vt 0.686523438 0.303222656
vt 0.693115234 0.319335938
vt 0.686279297 0.354003906
vt 0.675537109 0.363281250
v 0.035625476 0.847869873 0.045463514
vt 0.674316406 0.351318359
vn 0.031445451 -0.998391926 -0.047168083
vt 0.989746094 0.664306641
v 0.062999740 0.879974365 0.012610381
vt 0.986572266 0.654052734
vn -0.439855278 0.573382974 0.691201329
vt 0.996337891 0.656250000
vt 0.992431641 0.646972656
v 0.103797927 0.900451660 0.021497665
vt 0.976562500 0.100097656
vn 0.362598240 0.134003714 -0.922261119
vt 0.976562500 0.126953125
vt 0.971923828 0.117675781
vt 0.771240234 0.083740234
v 0.110519424 0.920532227 0.039993223
vt 0.765380859 0.093017578
vn -0.039296918 -0.330095232 0.943129361
vt 0.765625000 0.066406250
v 0.127746597 0.932708740 0.033817228
vt 0.770263672 0.100341797
vn -0.322465092 0.833689988 -0.448304981
vt 0.288330078 0.463867188
vt 0.291259766 0.459472656
vt 0.296142578 0.473632812
vt 0.310546875 0.481933594
vt 0.275878906 0.457519531
vt 0.309570312 0.433593750
v 0.025753047 0.848724365 0.103324845
vt 0.253173828 0.462402344
vn -0.860484660 -0.497344375 -0.110520832
v 0.025947601 0.851867676 0.126541093
vt 0.240478516 0.459960938
vn -0.848109484 0.518289030 0.109940208
v 0.026620904 0.826843262 0.187957719
vt 0.202636719 0.467041016
vn -0.945116341 -0.315038800 -0.086635523
v 0.034990340 0.836517334 0.120887712
vt 0.241943359 0.469238281
vn -0.094292529 -0.974356353 -0.204300448
v 0.045639068 0.842834473 0.135345414
vt 0.238525391 0.473632812
vn 0.978229642 -0.205112621 -0.031555913
vt 0.465820312 0.949707031
vt 0.425048828 0.921386719
vt 0.463378906 0.938476562
vt 0.460449219 0.923583984
v 0.038572341 0.857086182 0.135177568
vt 0.421386719 0.929687500
vn 0.244079351 0.952696860 0.181091070
vt 0.437255859 0.953857422
vt 0.418701172 0.937744141
vt 0.894042969 0.133056641
vt 0.873046875 0.128173828
vt 0.892822266 0.125244141
vt 0.889892578 0.117919922
vt 0.909179688 0.130371094
vt 0.911376953 0.138916016
vt 0.990234375 0.528564453
vt 0.990234375 0.533935547
vt 0.969970703 0.529541016
v 0.031194706 0.845703125 0.036441755
vt 0.969726562 0.647216797
vn 0.778370321 -0.581812084 -0.235869870
vt 0.979736328 0.654541016
vt 0.970458984 0.658691406
vt 0.984619141 0.644775391
vt 0.975585938 0.668457031
vt 0.984130859 0.668212891
vt 0.687744141 0.549560547
vt 0.682373047 0.561279297
vt 0.674804688 0.562255859
v -0.058242768 0.827392578 0.130081147
vt 0.658203125 0.555664062
vn -0.754433572 0.628694534 0.188608468
vt 0.681152344 0.539794922
v -0.080680817 0.812805176 0.122337312
vt 0.664306641 0.566406250
vn -0.921831608 0.346671700 -0.173335761
vt 0.669189453 0.579345703
vt 0.656005859 0.567382812
vt 0.641845703 0.571777344
vt 0.646972656 0.557861328
v -0.038108796 0.835174561 0.130844072
vt 0.652099609 0.544677734
vn 0.511557341 0.849972188 0.125921696
vt 0.687988281 0.524169922
vt 0.639892578 0.549804688
vt 0.675781250 0.517578125
vt 0.635009766 0.543701172
vt 0.651123047 0.532714844
vt 0.638427734 0.527587891
vt 0.527343750 0.353759766
vt 0.536376953 0.336181641
vt 0.541748047 0.354248047
v -0.018815970 0.842590332 0.076011613
vt 0.514648438 0.332519531
vn 0.173335910 -0.984862804 0.000000020
v -0.031940438 0.860717773 0.078453027
vt 0.518798828 0.324462891
vn -0.821858525 0.521563947 -0.229171991
v 0.001674674 0.862823486 0.073097184
vt 0.510742188 0.344970703
vn 0.858640492 0.354484648 0.370239317
vt 0.507324219 0.356201172
v -0.011384940 0.850921631 0.079536393
vt 0.504882812 0.340820312
vn 0.983764231 -0.173142463 0.047220558
v -0.029617287 0.840667725 0.073440515
vt 0.512939453 0.324707031
vn -0.511478245 -0.519347131 -0.684593797
v -0.080802895 0.891632080 0.097061127
vt 0.518798828 0.286376953
vn -0.237008095 0.244908169 -0.940131485
v -0.054565404 0.878112793 0.098808251
vt 0.523925781 0.299072266
vn 0.677228332 0.496109188 0.543357551
vt 0.034912109 0.155517578
vt 0.042968750 0.149414062
vt 0.043945312 0.159912109
vt 0.034423828 0.166259766
vt 0.044189453 0.186279297
v -0.020154923 0.858337402 0.127639726
vt 0.565429688 0.419677734
vn 0.338121802 0.927869201 0.157265872
vt 0.557617188 0.378662109
vt 0.571289062 0.398925781
vt 0.573486328 0.384521484
vt 0.546142578 0.396484375
v -0.031242341 0.851501465 0.133544877
vt 0.572753906 0.420654297
vt 0.547607422 0.413085938
v -0.012706717 0.839691162 0.190216020
vt 0.572265625 0.446777344
vn 0.836723387 0.528872371 0.142084956
v -0.018295255 0.830383301 0.154663041
vt 0.552001953 0.442138672
vn 0.466625601 -0.862071037 -0.197722733
v -0.030876134 0.845367432 0.089118920
vt 0.844970703 0.144775391
vn -0.379319251 -0.908785820 0.173854768
v -0.057868935 0.860290527 0.096511804
vt 0.846191406 0.159912109
vn -0.535565853 -0.795472860 0.283534974
vt 0.838623047 0.142089844
vt 0.838867188 0.177246094
vt 0.840576172 0.134765625
vt 0.857910156 0.159179688
vt 0.855224609 0.143554688
vt 0.242919922 0.162353516
vt 0.267089844 0.162597656
vt 0.261718750 0.170166016
v -0.030933347 0.833068848 0.158569291
vt 0.230468750 0.169921875
vn -0.849472523 -0.519122124 -0.094385698
v -0.025993306 0.840942383 0.195236161
vt 0.215332031 0.162841797
vn -0.409639359 0.874422550 0.259963483
vt 0.232421875 0.178222656
vt 0.266845703 0.180175781
vt 0.960693359 0.938232422
vt 0.962646484 0.946289062
v -0.088851899 0.893615723 0.116500825
vt 0.943115234 0.951416016
vn 0.204370052 -0.196509480 0.958966613
v -0.094863869 0.896759033 0.103691071
vt 0.939208984 0.946044922
vn -0.789780021 -0.505459309 -0.347503096
vt 0.942382812 0.939453125
v -0.105857827 0.924316406 0.114265405
vt 0.942382812 0.968505859
vn 0.545526981 0.838056087 -0.007906296
v -0.114486665 0.921356201 0.129196137
vt 0.937255859 0.968750000
vn -0.848292530 -0.447709978 0.282764316
vt 0.962158203 0.960205078
vt 0.958740234 0.966552734
vt 0.753662109 0.763183594
v 0.039157908 0.815002441 0.211059526
vt 0.753662109 0.724609375
vn 0.409639359 -0.874422550 -0.259963483
vt 0.761230469 0.768066406
vt 0.761718750 0.735595703
v 0.045566600 0.828216553 0.194290116
vt 0.749755859 0.734619141
vn 0.998453617 0.055032920 0.007861705
vt 0.746582031 0.765869141
v 0.041259810 0.832000732 0.223159745
vt 0.742675781 0.722412109
vn 0.599784136 0.773405790 0.205189183
v 0.029085204 0.829193115 0.235656694
vt 0.736328125 0.717285156
vn -0.644551337 0.738875926 0.196509629
vt 0.740234375 0.770019531
vt 0.732177734 0.739501953
vt 0.996826172 0.937255859
vt 0.991455078 0.953857422
vt 0.990966797 0.939697266
v 0.010846658 0.826934814 0.217742875
vt 0.057373047 0.881835938
vn 0.133750513 -0.951988995 -0.275368690
v -0.002924887 0.853729248 0.143188432
vt 0.068359375 0.918212891
vn -0.934087932 -0.196237013 -0.298280030
v 0.019469295 0.850860596 0.151596025
vt 0.057373047 0.915283203
vn 0.820527196 -0.512829423 -0.252469987
v -0.011110259 0.831695557 0.244216874
vt 0.067871094 0.869140625
vn -0.903385997 -0.424198687 -0.062844105
vt 0.251953125 0.011474609
v 0.014781031 0.865203857 0.152557328
vt 0.251953125 0.000244141
vn 0.181683391 0.979510546 0.086892001
vt 0.259033203 0.002197266
v -0.000469163 0.846405029 0.241165116
vt 0.202392578 0.529541016
vn -0.392051369 0.870354056 0.297959089
vt 0.246337891 0.558837891
vt 0.199462891 0.540283203
v 0.004563140 0.827026367 0.247573808
vt 0.196777344 0.537597656
vn 0.400372773 -0.102055721 0.910651505
v 0.007966326 0.818878174 0.234497026
vt 0.191162109 0.539794922
vn 0.157720163 -0.883232474 0.441616237
vt 0.180175781 0.547607422
v 0.020775842 0.839904785 0.248077348
vt 0.190673828 0.532958984
vn 0.934174240 0.274757147 0.227655768
vt 0.199707031 0.485839844
vt 0.151123047 0.560791016
vt 0.115966797 0.935302734
vt 0.115722656 0.924316406
vt 0.159423828 0.940917969
vt 0.795898438 0.241210938
v 0.029096665 0.775024414 0.341644257
vt 0.796630859 0.285400391
vn -0.306963027 -0.676892698 -0.669021785
v 0.026588488 0.803924561 0.258331269
vt 0.791259766 0.256347656
vn -0.778948307 -0.597980559 -0.188835829
vt 0.781982422 0.235107422
v 0.024250090 0.793457031 0.341125458
vt 0.790039062 0.281250000
vn -0.958640933 0.282877594 0.031430963
vt 0.773437500 0.250976562
v 0.036560114 0.810058594 0.307739228
vt 0.774169922 0.274902344
vn -0.400681525 0.911354005 0.094278015
v 0.041877806 0.806518555 0.340789765
vt 0.779785156 0.283691406
vn 0.789287806 0.584073126 -0.189429224
vt 0.657226562 0.039062500
vt 0.644775391 0.056152344
v 0.051902827 0.781982422 0.310729951
vt 0.648193359 0.031250000
vn -0.919749856 -0.330166668 0.212250128
vt 0.644042969 0.026611328
vt 0.650634766 0.028076172
v 0.046108302 0.800659180 0.315216035
vt 0.732421875 0.260009766
vn 0.998762369 -0.047185577 0.015728412
vt 0.696533203 0.248535156
vt 0.693603516 0.239013672
vt 0.706298828 0.236083984
v 0.046337187 0.783172607 0.328857392
vt 0.736572266 0.266601562
vn 0.739355743 -0.534853041 -0.409005374
vt 0.738281250 0.275390625
vt 0.734130859 0.252197266
vt 0.712646484 0.234130859
v 0.065128379 0.834075928 0.295898378
vt 0.336425781 0.966552734
vn 0.362126082 -0.566806197 -0.739996970
v 0.116951033 0.888732910 0.278930604
vt 0.316162109 0.985107422
vn 0.677228272 -0.543357611 -0.496109188
v 0.087379508 0.860778809 0.301299989
vt 0.322265625 0.966308594
vn 0.376612663 0.031384435 0.925839067
v 0.092208914 0.883148193 0.283325136
vt 0.326660156 0.985595703
vn -0.668773293 0.574358225 -0.472075224
v 0.050396018 0.842803955 0.303466737
vt 0.342773438 0.970458984
vn -0.756257415 0.653847396 -0.023632972
vt 0.337158203 0.986083984
v 0.057273921 0.834503174 0.317718446
vt 0.348388672 0.973144531
vn 0.360421568 0.172375545 0.916724026
vt 0.349121094 0.983886719
v 0.114189200 0.896728516 0.294097841
vt 0.988281250 0.832763672
vn 0.000000075 0.628520012 0.777793527
vt 0.990478516 0.839843750
vt 0.979492188 0.840087891
vt 0.969970703 0.833007812
vt 0.837890625 0.721435547
vt 0.844970703 0.720214844
vt 0.843505859 0.767089844
v 0.014697127 0.805389404 0.279785126
vt 0.015136719 0.669433594
vn 0.981789827 -0.164940640 -0.094251946
v 0.007920251 0.817718506 0.234374955
vt 0.001220703 0.680175781
vn -0.109940149 -0.848109484 -0.518289030
v 0.005302714 0.826171875 0.247909501
vt 0.001220703 0.674316406
vn -0.172901735 0.982396007 0.070732489
v 0.006143625 0.811950684 0.306549042
vt 0.014160156 0.656982422
vn 0.213094428 0.970763624 0.110493347
v 0.000003391 0.802215576 0.288116425
vt 0.003662109 0.657470703
vn -0.738875926 -0.644551396 -0.196509436
vt 0.902099609 0.737060547
vt 0.901123047 0.754150391
vt 0.894287109 0.756103516
vt 0.894042969 0.738525391
v 0.015265526 0.787811279 0.346771210
vt 0.899414062 0.714111328
vn 0.094182000 -0.243303865 -0.965366781
vt 0.886962891 0.728759766
v -0.002648294 0.795593262 0.333251923
vt 0.908203125 0.721435547
vn -0.833612680 -0.259520948 -0.487584621
vt 0.908203125 0.731933594
v -0.125312775 0.872924805 0.174087495
vt 0.090332031 0.118408203
vn -0.667720020 -0.738419831 0.094266482
v -0.053142514 0.823852539 0.152877778
vt 0.051269531 0.117431641
vn 0.360742599 0.313689321 -0.878330112
v -0.055435143 0.823913574 0.169311494
vt 0.054687500 0.108642578
vn -0.149768770 -0.575427830 0.804022491
v -0.112213098 0.881195068 0.182403535
vt 0.090576172 0.108642578
vn 0.590221941 0.700396717 0.401350826
vt 0.899658203 0.436035156
v -0.115295380 0.877716064 0.164077729
vt 0.893798828 0.430664062
vn 0.149768770 0.575427830 -0.804022491
vt 0.899414062 0.392333984
vt 0.884765625 0.434814453
vt 0.887695312 0.394287109
vt 0.846191406 0.222656250
vt 0.830566406 0.214111328
v -0.011131248 0.830322266 0.196121171
vt 0.831542969 0.208984375
vn 0.983216226 0.023597239 0.180911660
vt 0.823974609 0.213134766
vt 0.826904297 0.242675781
v -0.016824679 0.814971924 0.216430619
vt 0.830810547 0.196533203
vn 0.612825871 -0.754247248 -0.235702321
vt 0.850830078 0.218261719
v -0.029872853 0.819183350 0.204269364
vt 0.839111328 0.198730469
vn -0.966051340 -0.243476406 -0.086394705
vt 0.850341797 0.200195312
vt 0.112792969 0.992431641
vt 0.098144531 0.992187500
vt 0.114013672 0.983642578
vt 0.095947266 0.984375000
vt 0.146484375 0.762451172
v -0.012296630 0.821044922 0.238922074
vt 0.166015625 0.760253906
vn 0.847143531 0.525542796 0.078439079
vt 0.160400391 0.767089844
v -0.026557878 0.828155518 0.245178178
vt 0.163574219 0.752929688
vn -0.718565464 0.679083765 0.150030211
vt 0.146972656 0.752441406
v -0.021644538 0.811614990 0.303680390
vt 0.183837891 0.743164062
vn 0.574073970 0.817858756 -0.039320249
v -0.009605346 0.791320801 0.344146699
vt 0.200927734 0.739746094
vn 0.951664984 0.015730027 -0.306735128
v -0.030265752 0.808380127 0.303863496
vt 0.181152344 0.738281250
vn -0.963021278 0.228914842 -0.142084986
v -0.031936593 0.797058105 0.277648896
vt 0.170410156 0.736816406
vn -0.845143676 -0.505506575 -0.173767745
vt 0.146240234 0.743652344
vt 0.257324219 0.597167969
vt 0.296875000 0.577880859
vt 0.256103516 0.609863281
v -0.019340454 0.772308350 0.343627900
vt 0.302734375 0.586425781
vn 0.118073583 -0.653340876 -0.747799695
vt 0.282714844 0.605957031
v -0.034648836 0.793457031 0.328887910
vt 0.305908203 0.600585938
vn -0.958374679 0.039277595 -0.282798916
v -0.038318571 0.761749268 0.347717255
vt 0.311523438 0.584472656
vn -0.884305596 -0.031582396 -0.465839386
v -0.038169798 0.784393311 0.351348847
vt 0.312744141 0.595214844
vn -0.979908168 0.110634744 -0.165952042
v -0.056068353 0.816650391 0.382476747
vt 0.326904297 0.606933594
vn -0.858880460 -0.260028064 -0.441259533
v -0.068504266 0.828765869 0.414703310
vt 0.339111328 0.611083984
vn 0.417219341 0.881671131 -0.220417887
v -0.026973661 0.797149658 0.358489960
vt 0.313232422 0.607666016
vn -0.487223208 0.644392073 0.589383066
v -0.027118623 0.815032959 0.347503603
vt 0.307617188 0.608886719
vn -0.924937308 -0.268785238 0.268785328
vt 0.987548828 0.287353516
vt 0.990722656 0.303955078
vt 0.982910156 0.302734375
vt 0.995117188 0.289062500
v -0.047538705 0.855377197 0.302246034
vt 0.436035156 0.980224609
vn 0.473381132 0.449712038 0.757409573
v -0.030143682 0.808319092 0.304779023
vt 0.418945312 0.969970703
vn -0.118220299 -0.732965529 -0.669914603
v -0.073730417 0.880218506 0.289611757
vt 0.451171875 0.978271484
vn 0.550039768 0.282877654 -0.785771370
v -0.102844194 0.885131836 0.279510438
vt 0.461425781 0.970947266
vn -0.457658798 -0.465549439 -0.757504046
v -0.096046396 0.902313232 0.287261903
vt 0.463378906 0.979492188
vn -0.063119404 0.820552766 0.568074942
vt 0.660156250 0.265380859
vt 0.654052734 0.300781250
vt 0.654052734 0.236572266
vt 0.370117188 0.474609375
vt 0.366943359 0.447753906
vt 0.373046875 0.415039062
v 0.049903937 0.580268860 0.316223115
vt 0.360839844 0.474853516
vn -0.464624435 -0.078749910 0.881999254
vt 0.367431641 0.480468750
vt 0.356689453 0.455078125
vt 0.359619141 0.481933594
vt 0.352783203 0.476318359
vt 0.319824219 0.484619141
vt 0.330566406 0.474853516
vt 0.015625000 0.145996094
vt 0.020507812 0.144287109
v 0.062339853 0.542480469 0.323120087
vt 0.018066406 0.178466797
vn 0.628519893 -0.000000007 -0.777793527
v 0.049518656 0.551559448 0.337188691
vt 0.010498047 0.211181641
vn -0.910230994 -0.070621394 0.408034742
vt 0.010498047 0.177001953
vt 0.013427734 0.181396484
vt 0.658691406 0.982177734
vt 0.658691406 0.937500000
v 0.045768809 0.546745300 0.328765839
vt 0.662353516 0.940673828
vn 0.900180876 0.165822834 0.402712345
vt 0.521728516 0.500488281
vt 0.510498047 0.495605469
vt 0.503417969 0.458740234
vt 0.529785156 0.527099609
v 0.044975348 0.584640503 0.327117890
vt 0.529052734 0.510498047
vn 0.960243046 -0.259737819 -0.102321088
v 0.063518591 0.603469849 0.329559296
vt 0.514160156 0.516113281
vn 0.939750254 -0.039485283 -0.339573771
v 0.073257513 0.632797241 0.325530976
vt 0.517089844 0.523193359
v 0.067115851 0.619415283 0.333648652
vt 0.512939453 0.525390625
vn 0.888168395 -0.448014110 -0.102178760
v 0.064552382 0.610198975 0.352905244
vt 0.506835938 0.530761719
vn -0.306592673 -0.361622244 0.880471706
v 0.067634657 0.583320618 0.350921601
vt 0.501953125 0.521240234
vn 0.990071774 0.062861748 0.125723258
vt 0.124023438 0.722900391
vt 0.118164062 0.720703125
vt 0.139892578 0.693359375
vt 0.117431641 0.725097656
vt 0.122802734 0.752441406
vt 0.803466797 0.523437500
vt 0.810546875 0.541992188
v 0.062141489 0.537734985 0.340332001
vt 0.807861328 0.572509766
vn 0.781614184 -0.007895031 0.623712182
vt 0.802001953 0.548583984
vt 0.579101562 0.882568359
vt 0.562011719 0.876708984
vt 0.589355469 0.858398438
v 0.079696722 0.548805237 0.324798554
vt 0.573486328 0.884277344
vn 0.981305718 -0.188410655 -0.039252348
v 0.064636305 0.551528931 0.335540742
vt 0.573730469 0.889160156
vn 0.998762369 0.015728585 0.047185492
vt 0.567138672 0.890625000
vt 0.541015625 0.873291016
vt 0.959960938 0.870361328
vt 0.962402344 0.856933594
vt 0.968261719 0.858886719
vt 0.958007812 0.855224609
vt 0.966796875 0.873046875
vt 0.971923828 0.870117188
vt 0.978515625 0.876708984
vt 0.021240234 0.677490234
vt 0.018798828 0.649169922
vt 0.022216797 0.641845703
vt 0.044677734 0.419921875
vt 0.039794922 0.422363281
vt 0.040527344 0.383544922
vt 0.265380859 0.117919922
v 0.038522787 0.566574097 0.335357636
vt 0.265380859 0.157470703
vn 0.236771733 0.039461989 0.970763564
vt 0.259521484 0.119140625
vt 0.570800781 0.807861328
vt 0.593994141 0.820068359
v 0.036626883 0.565689087 0.312469453
vt 0.565429688 0.809082031
vn 0.228084877 -0.110110037 -0.967395067
vt 0.564941406 0.797363281
vt 0.561523438 0.813232422
vt 0.544677734 0.792480469
vt 0.550048828 0.784423828
vt 0.546386719 0.801513672
vt 0.533447266 0.808349609
v 0.025682516 0.589836121 0.330474824
vt 0.553710938 0.819580078
vn -0.827978849 0.031542040 0.559871554
vt 0.535888672 0.818603516
vt 0.608886719 0.697509766
vt 0.585205078 0.718017578
vt 0.557128906 0.732421875
vt 0.087646484 0.321044922
vt 0.091552734 0.329101562
vt 0.090820312 0.376220703
vt 0.908935547 0.327148438
vt 0.925781250 0.350830078
vt 0.915283203 0.350341797
vt 0.913085938 0.366943359
vt 0.919921875 0.367431641
vt 0.909912109 0.367919922
vt 0.897216797 0.581054688
vt 0.896240234 0.618652344
vt 0.892089844 0.588134766
vt 0.892578125 0.575195312
vt 0.887207031 0.584472656
vt 0.724609375 0.736083984
vt 0.726318359 0.752441406
vt 0.722167969 0.753417969
vt 0.741210938 0.788818359
vt 0.644042969 0.232421875
vt 0.649414062 0.239990234
vt 0.644287109 0.296630859
vt 0.588134766 0.374023438
vt 0.582031250 0.369628906
vt 0.578613281 0.363037109
v 0.019145083 0.611099243 0.349822968
vt 0.586181641 0.341552734
vn -0.229129255 -0.055307087 -0.971823573
v 0.010340998 0.619766235 0.344482392
vt 0.580566406 0.337402344
vn 0.149089441 0.015693603 -0.988699257
v 0.001979898 0.568275452 0.342376679
vt 0.572021484 0.363037109
vn -0.527395725 0.196789339 -0.826515436
v -0.002824717 0.680831909 0.346740693
vt 0.584716797 0.307373047
vt 0.560058594 0.373291016
vt 0.563476562 0.357421875
v 0.068870619 0.521068573 0.345153779
vt 0.596191406 0.923095703
vn 0.513709486 0.086935461 -0.853548348
vt 0.601318359 0.917236328
vt 0.604248047 0.919433594
vt 0.603271484 0.927490234
vt 0.592529297 0.916748047
vt 0.598388672 0.908691406
v 0.057712626 0.547714233 0.346313447
vt 0.589599609 0.934326172
vn -0.125607237 -0.227662936 -0.965604722
v 0.072197035 0.545379639 0.355804414
vt 0.585937500 0.927001953
vn 0.966677725 0.078591727 -0.243634373
v 0.065601423 0.546943665 0.369995087
vt 0.581054688 0.922119141
vn 0.615089297 0.110400684 0.780690014
vt 0.573242188 0.936035156
v 0.054775309 0.589530945 0.363403291
vt 0.565917969 0.931152344
vn -0.109831676 0.203973368 0.972795904
vt 0.587646484 0.939697266
vt 0.591308594 0.938720703
vt 0.567871094 0.947021484
vt 0.589355469 0.945800781
vt 0.812500000 0.333740234
vt 0.809082031 0.343505859
vt 0.808837891 0.295410156
vt 0.757324219 0.773925781
vt 0.752929688 0.822509766
vt 0.752685547 0.770263672
vt 0.618164062 0.991455078
v 0.050434187 0.559425354 0.360992402
vt 0.611816406 0.973144531
vn -0.950255275 0.172773659 0.259160638
vt 0.620117188 0.976074219
vt 0.613281250 0.989746094
v 0.053863600 0.531444550 0.371948212
vt 0.606445312 0.984375000
vn -0.659925580 -0.746344507 0.086418964
v 0.045356832 0.526908875 0.408081025
vt 0.592529297 0.983886719
vn -0.275573343 0.322814673 0.905455709
v 0.045471262 0.573516846 0.353515595
vt 0.614746094 0.966796875
vn -0.976771712 -0.063017569 0.204807103
vt 0.623779297 0.972167969
vt 0.862792969 0.574462891
v 0.039981913 0.585777283 0.345794648
vt 0.864990234 0.597167969
vn 0.596303046 0.062768750 -0.800301671
vt 0.858398438 0.573730469
v 0.045185160 0.572891235 0.353729218
vt 0.858886719 0.592041016
vn 0.923754632 0.094744109 0.371080786
v 0.034111090 0.668930054 0.359313935
vt 0.845458984 0.616210938
vn 0.836410880 0.063125402 0.544455886
vt 0.864501953 0.571777344
v 0.023252552 0.676254272 0.343872041
vt 0.888671875 0.614746094
vn 0.023608750 -0.023608919 -0.999442518
vt 0.886230469 0.593017578
vt 0.783935547 0.604492188
vt 0.782226562 0.606689453
vt 0.768066406 0.597656250
vt 0.781494141 0.610107422
v 0.031669691 0.584831238 0.365325898
vt 0.776367188 0.583984375
vn 0.268383086 0.023680905 0.963021219
vt 0.746826172 0.577636719
vt 0.788085938 0.604736328
vt 0.791259766 0.601806641
v 0.024784157 0.670028687 0.365295380
vt 0.775878906 0.561035156
vn -0.197611347 -0.015808884 0.980152965
v 0.017779421 0.623992920 0.358337373
vt 0.790039062 0.568359375
vn -0.236594707 -0.055205431 0.970038891
vt 0.796386719 0.610107422
vt 0.797607422 0.567382812
vt 0.389892578 0.010986328
vt 0.390869141 0.016357422
vt 0.367187500 0.014648438
vt 0.635986328 0.990722656
vt 0.627197266 0.991210938
vt 0.628173828 0.979736328
vt 0.635986328 0.982177734
vt 0.643554688 0.969970703
vt 0.770996094 0.042480469
vt 0.751708984 0.043945312
vt 0.760009766 0.036376953
vt 0.765136719 0.032958984
v -0.008380814 0.564392090 0.389739960
vt 0.770751953 0.030517578
vn -0.651025474 -0.737305939 -0.180404529
vt 0.768798828 0.021972656
vt 0.021972656 0.583251953
vt 0.015380859 0.589355469
vt 0.013183594 0.565917969
vt 0.019775391 0.601318359
vt 0.012939453 0.596191406
vt 0.139404297 0.093017578
vt 0.160400391 0.101806641
vt 0.137939453 0.099853516
v 0.025268629 0.594398499 0.376434296
vt 0.128906250 0.103271484
vn 0.471695870 0.676097274 0.566034853
v -0.013013763 0.582122803 0.390045136
vt 0.129638672 0.086425781
vn -0.196825892 0.488128483 0.850288272
vt 0.135009766 0.084228516
v -0.005700992 0.602508545 0.371307343
vt 0.119628906 0.093505859
vn -0.465491444 0.867865324 -0.173573062
vt 0.451660156 0.044677734
vt 0.459716797 0.048828125
vt 0.459228516 0.055664062
vt 0.426269531 0.043701172
vt 0.448242188 0.061767578
vt 0.421875000 0.048828125
vt 0.441162109 0.064208984
vt 0.431884766 0.063720703
vt 0.438964844 0.069824219
vt 0.220947266 0.980957031
vt 0.200683594 0.974609375
vt 0.222656250 0.970703125
vt 0.206054688 0.967041016
vt 0.195556641 0.990966797
vt 0.222900391 0.988281250
v 0.073562689 0.651824951 0.332519501
vt 0.641113281 0.998291016
vn -0.284099519 0.544523776 -0.789164960
vt 0.641113281 0.985595703
vt 0.649414062 0.988281250
vt 0.542968750 0.742675781
vt 0.552001953 0.749755859
vt 0.529296875 0.751708984
vt 0.587402344 0.742919922
vt 0.546630859 0.758300781
vt 0.525390625 0.755126953
vt 0.802978516 0.649658203
vt 0.808837891 0.648193359
vt 0.809570312 0.671630859
vt 0.817382812 0.654785156
vt 0.822265625 0.664794922
vt 0.817138672 0.676269531
vt 0.802246094 0.696777344
v 0.101509161 0.641647339 0.348236054
vt 0.614501953 0.063476562
vn 0.769272447 -0.431734592 -0.470983237
v 0.088668898 0.565666199 0.359252900
vt 0.644775391 0.063964844
vn 0.810898006 -0.582586884 -0.055109657
v 0.074485846 0.622543335 0.347747773
vt 0.621093750 0.074951172
vn 0.055306964 -0.639981449 -0.766397476
v 0.083366469 0.614440918 0.370117158
vt 0.630371094 0.080322266
vn -0.110496730 -0.386738986 0.915545404
v 0.074249335 0.633865356 0.325622529
vt 0.608886719 0.071777344
vn 0.560132623 -0.276121765 -0.781030238
vt 0.619873047 0.083007812
v 0.057029795 0.634735107 0.371704072
vt 0.628173828 0.095458984
vn -0.607922018 -0.260538042 0.750033855
vt 0.614013672 0.077392578
vt 0.603271484 0.075927734
vt 0.915039062 0.662353516
vt 0.913818359 0.629882812
v 0.106445380 0.664505005 0.374999970
vt 0.926025391 0.621337891
vn 0.770960927 -0.196673632 0.605754852
vt 0.925781250 0.644531250
vt 0.897460938 0.937744141
vt 0.889160156 0.926757812
vt 0.896728516 0.927978516
v 0.085441656 0.686828613 0.358245820
vt 0.899658203 0.910400391
vn -0.078671992 0.912594080 -0.401226729
vt 0.867675781 0.929931641
vt 0.887451172 0.929687500
v 0.057342600 0.675216675 0.370300263
vt 0.886474609 0.915039062
vn -0.930403829 0.346930236 0.118271783
vt 0.871093750 0.916015625
v 0.080833510 0.677017212 0.389251679
vt 0.885742188 0.905029297
vn 0.031450395 0.220151976 0.974958539
v 0.113296576 0.671203613 0.357086152
vt 0.899169922 0.896484375
vn 0.721042156 0.548618972 0.423220247
vt 0.865966797 0.901611328
vt 0.888427734 0.894042969
vt 0.044433594 0.783935547
vt 0.051269531 0.752197266
v 0.010385109 0.584732056 0.365631074
vt 0.057861328 0.767822266
vn 0.715096116 -0.102156505 0.691521287
vt 0.045166016 0.755859375
vt 0.054199219 0.779052734
v 0.011895727 0.633636475 0.364379853
vt 0.053955078 0.748535156
vn 0.337319881 0.007844701 0.941357493
v 0.002988409 0.639083862 0.364349335
vt 0.056152344 0.746582031
vt 0.931152344 0.688232422
vt 0.937500000 0.691894531
vt 0.930664062 0.696777344
vt 0.943603516 0.699951172
vt 0.959472656 0.698242188
vt 0.813964844 0.797607422
vt 0.830322266 0.771484375
vt 0.816894531 0.803466797
v 0.035909720 0.690612793 0.354644746
vt 0.809570312 0.802490234
vn -0.126187921 -0.481091142 -0.867541313
v 0.028204031 0.721496582 0.365264863
vt 0.793212891 0.798339844
vn 0.180939913 0.015733944 0.983368337
vt 0.833251953 0.828369141
v 0.013858382 0.721206665 0.344543427
vt 0.483154297 0.274169922
vn -0.047191594 -0.000000046 -0.998885930
vt 0.469482422 0.301025391
vt 0.466064453 0.296630859
vt 0.470214844 0.279785156
vt 0.485595703 0.286621094
vt 0.494140625 0.249023438
v -0.005041058 0.738433838 0.352752656
vt 0.477783203 0.258300781
vn 0.062772498 -0.054926086 -0.996515393
vt 0.493652344 0.238769531
v -0.001146255 0.806396484 0.351104707
vt 0.488037109 0.232177734
vn 0.039330974 0.833818972 -0.550635159
v 0.027011937 0.706207275 0.343627900
vt 0.491699219 0.272949219
vn 0.157911569 0.031582303 -0.986948133
vt 0.500976562 0.252685547
v 0.038135596 0.726623535 0.352996796
vt 0.497802734 0.271240234
vn 0.228502229 -0.196984813 -0.953406453
vt 0.507568359 0.249267578
v 0.050380770 0.767944336 0.348113984
vt 0.508544922 0.259521484
vn 0.980520666 0.126518831 -0.150241196
vt 0.497070312 0.283691406
vt 0.509521484 0.317871094
v 0.036026064 0.702407837 0.336578339
vt 0.491943359 0.279541016
vn 0.703914762 -0.094909869 -0.703914940
v -0.015176708 0.591423035 0.308349580
vt 0.698486328 0.482910156
vn 0.212223902 0.070741303 0.974657297
vt 0.692626953 0.542968750
vt 0.692382812 0.509521484
vt 0.698974609 0.519531250
vt 0.697509766 0.452880859
vt 0.703613281 0.451416016
vt 0.699951172 0.478759766
vt 0.699707031 0.418701172
v -0.031501703 0.583908081 0.329162568
vt 0.711425781 0.996337891
vn 0.780447602 -0.055183098 0.622781277
vt 0.696533203 0.978759766
vt 0.705078125 0.981689453
v -0.047977377 0.554321289 0.343872041
vt 0.697021484 0.993896484
vn -0.770984709 -0.291086107 -0.566437542
vt 0.059326172 0.068847656
vt 0.042236328 0.064453125
vt 0.073486328 0.065673828
vt 0.039550781 0.068115234
vt 0.130859375 0.061035156
vt 0.131591797 0.055419922
vt 0.133789062 0.059082031
vt 0.099853516 0.055664062
vt 0.504150391 0.933105469
vt 0.513671875 0.937011719
vt 0.479980469 0.946289062
vt 0.507324219 0.907958984
vt 0.514648438 0.943847656
v -0.025989469 0.586433411 0.301849335
vt 0.520263672 0.944335938
vn -0.401761591 0.338740230 0.850789547
vt 0.531005859 0.948486328
vt 0.521728516 0.951416016
vt 0.396972656 0.428222656
vt 0.380371094 0.407226562
vt 0.379882812 0.398925781
vt 0.399658203 0.424072266
vt 0.401611328 0.423828125
vt 0.409667969 0.420654297
v -0.050773554 0.583679199 0.325042695
vt 0.418457031 0.424804688
vn 0.857815802 0.503671765 -0.102308445
vt 0.419433594 0.435302734
vt 0.426513672 0.419189453
vt 0.640136719 0.873779297
vt 0.660400391 0.871337891
v -0.010065014 0.614166260 0.323272675
vt 0.691894531 0.874023438
vn 0.961106837 0.015755903 0.275727212
vt 0.640869141 0.877197266
vt 0.662109375 0.878662109
vt 0.283935547 0.971679688
vt 0.283447266 0.948242188
vt 0.289062500 0.958496094
vt 0.288574219 0.981445312
vt 0.633300781 0.705566406
vt 0.613281250 0.720703125
vt 0.635253906 0.698974609
v -0.039859697 0.549270630 0.365203828
vt 0.643066406 0.694580078
vn 0.677333415 0.267783016 0.685209274
vt 0.641113281 0.688964844
v -0.022001198 0.663818359 0.357604951
vt 0.643310547 0.645019531
vn -0.928299725 -0.039334763 0.369746655
v -0.032699514 0.602401733 0.351165742
vt 0.670166016 0.702636719
vn 0.973605275 -0.015703257 0.227697864
v -0.051059652 0.582008362 0.363769501
vt 0.656738281 0.702880859
vn 0.323225796 0.023650717 0.946026385
vt 0.647460938 0.687255859
vt 0.119140625 0.011718750
vt 0.102294922 0.010986328
vt 0.099609375 0.004882812
vt 0.976806641 0.235595703
vt 0.990234375 0.231201172
v -0.047786638 0.529994965 0.369598359
vt 0.984130859 0.235839844
vn -0.448360413 -0.888854980 0.094391778
v -0.025058668 0.517173767 0.398315400
vt 0.989746094 0.248535156
vn 0.875047147 -0.417815268 -0.244382635
vt 0.153808594 0.614990234
vt 0.093017578 0.614990234
v -0.013151102 0.702362061 0.363800019
vt 0.170166016 0.611328125
vn -0.323305935 -0.007885486 0.946261704
vt 0.204101562 0.488281250
vt 0.262207031 0.483398438
vt 0.303955078 0.485107422
vt 0.297851562 0.573486328
vt 0.231445312 0.573486328
vt 0.212402344 0.567871094
vt 0.739013672 0.016601562
vt 0.758056641 0.010742188
v -0.040084761 0.527439117 0.401824921
vt 0.747070312 0.019042969
vn -0.463705152 0.377251744 0.801660001
v -0.060310289 0.552680969 0.361419648
vt 0.761718750 0.022705078
vn -0.959322274 0.062906355 0.275215536
vt 0.750244141 0.029296875
vt 0.750976562 0.031982422
vt 0.748779297 0.037353516
vt 0.028564453 0.378906250
v -0.106536791 0.505775452 0.362640381
vt 0.038330078 0.364990234
vn -0.645269454 0.031476490 -0.763306379
vt 0.052978516 0.378906250
v -0.105964579 0.506340027 0.382476777
vt 0.031494141 0.343017578
vn 0.181276739 0.433487684 0.882738471
v -0.101798929 0.489446610 0.378753632
vt 0.033935547 0.360595703
vn -0.031464819 -0.999009490 0.031464916
vt 0.260742188 0.025390625
vt 0.256347656 0.024902344
vt 0.263427734 0.008056641
vt 0.249755859 0.024902344
vt 0.889892578 0.007324219
vt 0.890869141 0.000244141
vt 0.905761719 0.006103516
vt 0.910156250 0.002685547
vt 0.900878906 0.011474609
vt 0.896728516 0.017578125
vt 0.885986328 0.013427734
vt 0.783203125 0.976318359
vt 0.787841797 0.980712891
vt 0.772460938 0.991455078
vt 0.790771484 0.974609375
vt 0.988525391 0.630859375
vt 0.988525391 0.621337891
vt 0.997314453 0.627441406
vt 0.876464844 0.032226562
vt 0.868408203 0.040771484
vt 0.871093750 0.028564453
v -0.058189325 0.604873657 0.352477998
vt 0.860351562 0.041992188
vn -0.646371067 -0.417776465 -0.638488352
vt 0.864501953 0.025146484
v -0.050208978 0.624618530 0.330993623
vt 0.848632812 0.041748047
vn -0.726552486 -0.007897370 -0.687065661
vt 0.852294922 0.026611328
vt 0.863037109 0.021240234
vt 0.848876953 0.020263672
vt 0.817382812 0.383544922
vt 0.810058594 0.419677734
vt 0.810058594 0.381591797
vt 0.814208984 0.371337891
vt 0.891845703 0.540527344
vt 0.886230469 0.559570312
vt 0.884277344 0.529052734
vt 0.891357422 0.520019531
vt 0.884521484 0.517822266
vt 0.898193359 0.527587891
vt 0.896484375 0.540527344
vt 0.949951172 0.331542969
vt 0.928466797 0.333496094
vt 0.918457031 0.330078125
vt 0.938476562 0.997070312
vt 0.926757812 0.988769531
vt 0.938964844 0.989013672
vt 0.926513672 0.997070312
v -0.055061277 0.650573730 0.317993134
vt 0.821289062 0.983886719
vn -0.031445280 -0.133642957 0.990530550
vt 0.804443359 0.977783203
v -0.027828153 0.637832642 0.303375214
vt 0.816650391 0.974121094
vn -0.094385713 -0.094385810 0.991051376
vt 0.799560547 0.984130859
vt 0.801757812 0.994384766
vt 0.795166016 0.969970703
vt 0.794433594 0.996093750
vt 0.780517578 0.996093750
vt 0.793701172 0.984863281
vt 0.164306641 0.190917969
vt 0.155029297 0.195556641
vt 0.141601562 0.178955078
vt 0.157470703 0.179199219
v -0.041049890 0.651306152 0.343292207
vt 0.144531250 0.190429688
vn -0.706561983 0.211968496 -0.675158978
v -0.053176813 0.655853271 0.337768525
vt 0.142578125 0.194335938
vn -0.268049270 0.575517237 -0.772612214
v -0.048332147 0.687255859 0.348480195
vt 0.131347656 0.188232422
vn -0.937938809 -0.000000056 -0.346800774
v -0.029029783 0.706512451 0.333557099
vt 0.129882812 0.175781250
vn 0.450272828 0.205387637 -0.868947923
vt 0.147216797 0.168701172
v -0.027908262 0.728240967 0.346466035
vt 0.121582031 0.170898438
vn 0.306431741 0.047143336 -0.950724542
v -0.042785581 0.721496582 0.344268769
vt 0.121582031 0.177734375
vn -0.812132299 0.189234644 -0.551934421
vt 0.107910156 0.171386719
v -0.025440149 0.715057373 0.365447968
vt 0.116455078 0.190917969
vn -0.348057151 -0.087014295 0.933426321
v -0.040634088 0.654479980 0.354888886
vt 0.136962891 0.203125000
vn 0.590826035 0.354495645 0.724746466
v -0.041244440 0.709671021 0.362823457
vt 0.120849609 0.186035156
vn -0.766708553 0.047425266 0.640241265
v -0.031841215 0.757904053 0.364379853
vt 0.104248047 0.179199219
vn -0.816044033 0.384482324 0.431561887
vt 0.100097656 0.168457031
vt 0.093994141 0.167968750
v -0.023740703 0.738342285 0.362823457
vt 0.107666016 0.187744141
vn -0.322305441 -0.581722200 0.746805608
vt 0.115722656 0.198242188
vt 0.129882812 0.207275391
v -0.007835321 0.714080811 0.364715546
vt 0.111572266 0.196044922
vn 0.268449992 0.007895639 0.963261366
v -0.010103161 0.750549316 0.365051240
vt 0.101806641 0.192138672
vn 0.395631224 0.031650547 0.917864025
v -0.005281384 0.736785889 0.353363007
vt 0.104248047 0.196777344
vn 0.118198335 0.015759809 0.992864966
v 0.002008505 0.713775635 0.364196748
vt 0.108886719 0.201904297
vn -0.110307939 0.047274925 0.992772579
v 0.015309399 0.744049072 0.361358613
vt 0.097900391 0.201416016
vn -0.062772490 -0.054926004 0.996515393
vt 0.952148438 0.501708984
vt 0.961669922 0.501708984
v -0.073341310 0.657165527 0.300872773
vt 0.958496094 0.528076172
vn -0.967305303 -0.125828385 -0.220199451
vt 0.279541016 0.145507812
vt 0.272705078 0.142333984
vt 0.269775391 0.133789062
vt 0.271728516 0.179199219
vt 0.291748047 0.140380859
vt 0.281250000 0.142822266
vt 0.284179688 0.141845703
vt 0.566162109 0.025634766
vt 0.552734375 0.035400391
v -0.005552217 0.564277649 0.374908417
vt 0.555664062 0.026855469
vn -0.079005137 -0.876956761 -0.474030644
v -0.014579698 0.582206726 0.374450654
vt 0.550537109 0.020751953
vn -0.812789261 -0.528707683 -0.244625777
vt 0.543457031 0.030517578
vt 0.565917969 0.011962891
vt 0.544189453 0.021484375
vt 0.544189453 0.010986328
vt 0.954101562 0.312255859
vt 0.978271484 0.304443359
vt 0.968017578 0.312744141
vt 0.914794922 0.392578125
vt 0.922119141 0.372558594
vt 0.921386719 0.402099609
vt 0.914550781 0.411865234
vt 0.906738281 0.382812500
vt 0.907958984 0.413574219
vt 0.168457031 0.021728516
vt 0.158935547 0.011230469
vt 0.183105469 0.017333984
vt 0.159423828 0.011230469
vt 0.174316406 0.006835938
vt 0.369873047 0.397460938
v -0.009054119 0.707977295 0.344757050
vt 0.358398438 0.341796875
vn 0.110427961 0.007887682 -0.993852854
vt 0.362060547 0.351318359
vt 0.363037109 0.329833984
vt 0.352294922 0.312500000
vt 0.353027344 0.306640625
vt 0.345703125 0.321289062
vt 0.339599609 0.708740234
vt 0.302246094 0.705566406
vt 0.366943359 0.705322266
vt 0.822021484 0.271240234
vt 0.817138672 0.252685547
vt 0.820068359 0.223388672
v -0.048759390 0.655166626 0.376190156
vt 0.931884766 0.653076172
vn 0.505632818 -0.308119893 0.805852056
vt 0.937988281 0.675781250
vt 0.930419922 0.684082031
vt 0.568359375 0.066162109
vt 0.565185547 0.072998047
v -0.066558763 0.563659668 0.358734101
vt 0.560058594 0.058593750
vn -0.102460593 -0.409842879 0.906383336
vt 0.560058594 0.092285156
v -0.077156000 0.600524902 0.348876923
vt 0.036132812 0.136962891
vn -0.866034448 -0.448763341 -0.220445007
vt 0.038818359 0.142333984
vt 0.030761719 0.149902344
v -0.093948297 0.661346436 0.373138398
vt 0.030761719 0.113525391
vn -0.918841898 -0.039266773 0.392667651
vt 0.992187500 0.032958984
v -0.087730341 0.649002075 0.339019746
vt 0.992187500 0.055908203
vn -0.597020447 -0.039277710 -0.801264048
vt 0.981689453 0.040039062
vt 0.062255859 0.755126953
vt 0.062255859 0.729248047
vt 0.072021484 0.753173828
v -0.054611135 0.687072754 0.384551972
vt 0.063720703 0.767089844
vn 0.447158486 0.831558108 -0.329485327
v -0.072273180 0.668853760 0.378845185
vt 0.073730469 0.768310547
vn -0.329810023 0.180610359 0.926609516
v -0.066947863 0.698104858 0.428588837
vt 0.060058594 0.783691406
vn -0.039530806 -0.260904193 0.964555085
vt 0.269042969 0.627685547
vt 0.277832031 0.624755859
vt 0.267822266 0.644042969
v -0.075744562 0.680465698 0.349670380
vt 0.259521484 0.637939453
vn -0.062960990 0.944413662 -0.322674692
vt 0.259277344 0.623291016
vt 0.249267578 0.639892578
vt 0.253662109 0.650146484
vt 0.281250000 0.661376953
vt 0.212158203 0.661621094
vt 0.991699219 0.418457031
vt 0.974853516 0.412353516
vt 0.994384766 0.411865234
vt 0.355468750 0.857910156
vt 0.350585938 0.847656250
vt 0.386474609 0.851806641
vt 0.332031250 0.856689453
vt 0.345947266 0.866455078
vt 0.572509766 0.976806641
v 0.152351439 0.679428101 0.331512392
vt 0.553955078 0.976806641
vn 0.755741477 -0.110212311 -0.645529330
v 0.099655218 0.665161133 0.342193574
vt 0.575439453 0.969482422
vn 0.110249765 0.409499586 -0.905624151
vt 0.572753906 0.961181641
vt 0.584228516 0.979248047
vt 0.584960938 0.954589844
vt 0.584960938 0.962402344
vt 0.591308594 0.951171875
v 0.052475043 0.669418335 0.350341767
vt 0.981689453 0.310058594
vn 0.787621439 -0.330800921 0.519829988
v 0.047840182 0.668334961 0.324218720
vt 0.991943359 0.308349609
vn -0.039338518 -0.007867723 -0.999195039
v 0.060173098 0.712081909 0.350158662
vt 0.984863281 0.325683594
vn 0.998854995 0.047190044 0.007864867
v 0.044719759 0.730133057 0.345214814
vt 0.991943359 0.331542969
vn -0.361443758 0.196436688 -0.911466420
v 0.044303961 0.718170166 0.364776582
vt 0.975830078 0.327880859
vn 0.852935970 0.157951131 0.497545809
v 0.038528509 0.703491211 0.374206513
vt 0.971191406 0.321777344
vn -0.142311260 -0.513902247 0.845962286
vt 0.673339844 0.026855469
vt 0.672607422 0.049316406
v 0.044822760 0.655120850 0.343292207
vt 0.667968750 0.039550781
vn -0.761892319 -0.628364921 0.157091349
vt 0.662841797 0.038574219
vt 0.667480469 0.021728516
vt 0.689941406 0.026611328
vt 0.686523438 0.024169922
vt 0.959228516 0.633056641
vt 0.965576172 0.644531250
vt 0.948242188 0.631591797
vt 0.962158203 0.631347656
v 0.044818942 0.764892578 0.364074677
vt 0.958740234 0.648437500
vn 0.447241247 0.117695101 0.886635900
vt 0.943603516 0.639648438
v 0.037872378 0.800964355 0.359558076
vt 0.964843750 0.661376953
vn 0.565249503 0.031402808 0.824322045
v 0.038080283 0.725494385 0.353668183
vt 0.945312500 0.644042969
vn -0.078995124 0.055296723 0.995340228
vt 0.939453125 0.645263672
v 0.036199637 0.728546143 0.376586884
vt 0.937255859 0.640625000
vn -0.939428210 0.047366109 0.339457393
v 0.019844120 0.759582520 0.365692109
vt 0.945068359 0.659423828
vn -0.007864871 0.047190044 0.998854995
vt 0.939941406 0.655761719
vt 0.150634766 0.982910156
vt 0.157470703 0.993164062
vt 0.133056641 0.987792969
vt 0.157714844 0.979736328
vt 0.015869141 0.864501953
v 0.063098982 0.754089355 0.400421113
vt 0.017333984 0.883056641
vn 0.463805467 0.668194413 -0.581722319
v 0.056175303 0.732940674 0.390624970
vt 0.010742188 0.876464844
vn 0.599168718 -0.725309432 0.339003235
vt 0.011230469 0.862304688
vt 0.023193359 0.868408203
v 0.056713179 0.775360107 0.437774628
vt 0.024169922 0.896484375
vn -0.670185328 0.741146088 -0.039422609
vt 0.369628906 0.134033203
vt 0.381835938 0.120117188
v 0.071357802 0.763824463 0.445617646
vt 0.395751953 0.126220703
vn 0.110376716 -0.741100013 0.662259638
vt 0.363281250 0.126464844
vt 0.398193359 0.113525391
vt 0.407470703 0.134033203
vt 0.279785156 0.179443359
vt 0.311523438 0.172607422
vt 0.314453125 0.176025391
vt 0.288574219 0.171630859
vt 0.309326172 0.167724609
vt 0.319335938 0.158447266
vt 0.286376953 0.165527344
vt 0.315429688 0.152343750
vt 0.287353516 0.162109375
vt 0.544677734 0.964111328
vt 0.516601562 0.958984375
vt 0.562500000 0.960937500
vt 0.525146484 0.964599609
vt 0.016845703 0.997802734
vt 0.023437500 0.991943359
vt 0.029541016 0.998046875
vt 0.032958984 0.993164062
vt 0.049804688 0.251464844
vt 0.040039062 0.250244141
vt 0.042724609 0.242187500
vt 0.037597656 0.260498047
vt 0.049072266 0.258789062
vt 0.057617188 0.236572266
vt 0.064697266 0.247802734
vt 0.052734375 0.227539062
vt 0.039062500 0.236083984
vt 0.047119141 0.222656250
vt 0.038818359 0.222412109
vt 0.585205078 0.052978516
vt 0.574218750 0.060058594
vt 0.567871094 0.052490234
v 0.018235268 0.797790527 0.351623505
vt 0.566894531 0.043701172
vn 0.189677283 0.371451586 -0.908870935
vt 0.570312500 0.040283203
vt 0.569580078 0.031738281
vt 0.564697266 0.039062500
v 0.023428023 0.823394775 0.341552675
vt 0.555419922 0.049072266
vn -0.866034389 0.496001452 -0.062984228
vt 0.556152344 0.039550781
v 0.047702849 0.834503174 0.355621278
vt 0.543457031 0.045898438
vn 0.779310346 -0.283385456 0.558899105
vt 0.989990234 0.891845703
vt 0.997070312 0.891845703
vt 0.994628906 0.910400391
v 0.024141371 0.824829102 0.340820253
vt 0.058105469 0.969482422
vn 0.931446850 -0.355212778 0.078936070
v 0.055267394 0.867889404 0.351013124
vt 0.080566406 0.971679688
vn 0.621085227 -0.180822313 -0.762598515
vt 0.067138672 0.977050781
v 0.092765868 0.908874512 0.367889345
vt 0.103271484 0.979248047
vn 0.958996296 -0.235818729 -0.157212600
v 0.064735472 0.891174316 0.373870790
vt 0.094482422 0.968994141
vn 0.149264425 -0.322096586 0.934865773
v 0.022707049 0.804534912 0.363220185
vt 0.166503906 0.845703125
vn -0.268274218 0.323507309 0.907398522
vt 0.161621094 0.862792969
vt 0.160888672 0.842773438
v 0.018113198 0.797576904 0.352569550
vt 0.170410156 0.852294922
vn 0.915203393 0.370815217 0.157793567
v 0.016360346 0.784729004 0.359527558
vt 0.168945312 0.858154297
vn 0.820527256 -0.512829423 0.252469808
v 0.000886028 0.777557373 0.367828339
vt 0.168457031 0.864990234
vn -0.221179694 -0.797827125 0.560848832
vt 0.154052734 0.868164062
v 0.015293194 0.783599854 0.430053681
vt 0.193115234 0.871093750
vn 0.803623080 -0.590899289 0.070907831
v 0.014098243 0.799041748 0.457794160
vt 0.205810547 0.872070312
vn 0.638072312 0.748356462 0.181180909
v 0.002282696 0.782043457 0.460784882
vt 0.202636719 0.880371094
vn -0.646471381 -0.741077006 0.181327477
vt 0.273681641 0.326171875
vt 0.309814453 0.350830078
v 0.004619900 0.804962158 0.363983124
vt 0.301025391 0.357421875
vn -0.244079381 0.952696860 0.181091130
v -0.002683565 0.795227051 0.450134248
vt 0.272705078 0.335693359
vn -0.817202151 0.565755248 0.110008068
vt 0.264892578 0.335693359
v -0.004337248 0.792602539 0.357635468
vt 0.300292969 0.364257812
vn -0.962541521 0.039448395 0.268249393
vt 0.294921875 0.366455078
vt 0.299316406 0.378173828
vt 0.291015625 0.378173828
v -0.013378080 0.802642822 0.364074677
vt 0.305419922 0.364257812
vn 0.157956123 0.126364857 0.979327261
vt 0.310546875 0.371582031
vt 0.302734375 0.389648438
v -0.024757318 0.775482178 0.398742646
vt 0.294921875 0.400146484
vn 0.463991880 0.849341214 -0.251656741
v -0.042121816 0.773010254 0.424224824
vt 0.300781250 0.412353516
vn -0.904139459 -0.416690439 0.094345130
vt 0.307861328 0.389404297
v -0.049873274 0.801605225 0.465850800
vt 0.300292969 0.432128906
vn -0.425104678 0.881698489 -0.204679981
vt 0.128417969 0.989746094
vt 0.129882812 0.997802734
vt 0.116699219 0.997802734
vt 0.125000000 0.983886719
vt 0.790283203 0.068603516
vt 0.781494141 0.060302734
vt 0.790771484 0.052490234
vt 0.781494141 0.059570312
vt 0.785888672 0.046386719
vt 0.793457031 0.047851562
vt 0.779785156 0.046875000
vt 0.781738281 0.041015625
vt 0.775634766 0.040771484
vt 0.753417969 0.951660156
vt 0.776367188 0.943115234
vt 0.748779297 0.964843750
vt 0.780761719 0.931152344
vt 0.337890625 0.715087891
vt 0.368896484 0.710937500
v -0.019008569 0.680923462 0.348266572
vt 0.345703125 0.718505859
vn -0.157911837 -0.031582393 -0.986948133
vt 0.354248047 0.718750000
vt 0.306152344 0.715576172
vt 0.355712891 0.728759766
vt 0.360839844 0.729736328
vt 0.325927734 0.719726562
vt 0.311035156 0.723632812
vt 0.622558594 0.867431641
vt 0.602050781 0.872802734
vt 0.596679688 0.863769531
vt 0.607421875 0.856445312
v -0.072196901 0.672912598 0.313690156
vt 0.625732422 0.853515625
vn -0.692999303 0.464624584 0.551249564
vt 0.612304688 0.847900391
vt 0.633789062 0.861328125
vt 0.635742188 0.872314453
vt 0.650390625 0.852539062
vt 0.626464844 0.845214844
vt 0.620849609 0.821777344
v -0.041088041 0.715744019 0.334106416
vt 0.182128906 0.058593750
vn 0.329840541 -0.274867237 -0.903135240
v -0.043201383 0.721710205 0.344024628
vt 0.185546875 0.057373047
vn 0.513053179 0.355190694 0.781419277
v -0.060234010 0.719238281 0.338592499
vt 0.186523438 0.065185547
vn -0.424670577 -0.888662577 0.173014060
v -0.109100275 0.763214111 0.357330322
vt 0.206787109 0.071777344
vn 0.442373514 0.276483446 0.853148758
v -0.062889040 0.737640381 0.331970185
vt 0.179931641 0.072509766
vn 0.464840740 0.772108555 -0.433326304
v -0.131019533 0.762695312 0.356994629
vt 0.205810547 0.081054688
vn -0.615702033 -0.773574412 0.149978831
v -0.094139040 0.748962402 0.336852998
vt 0.191406250 0.076904297
vn -0.417258263 -0.275547892 -0.866007447
v -0.131111085 0.778411865 0.354217529
vt 0.202148438 0.088623047
vn 0.094359465 0.802056372 -0.589747369
vt 0.869384766 0.888427734
vt 0.866455078 0.884521484
vt 0.877685547 0.882080078
vt 0.898437500 0.887939453
vt 0.907958984 0.884277344
vt 0.889648438 0.386474609
v -0.024787832 0.759674072 0.411804169
vt 0.893066406 0.368896484
vn 0.592076659 -0.678914487 0.434189439
vt 0.897949219 0.387695312
vt 0.899169922 0.361572266
vt 0.885253906 0.370605469
v -0.030254286 0.790283203 0.473419160
vt 0.892089844 0.343994141
vn 0.819227934 -0.204806909 0.535648882
vt 0.827880859 0.313964844
v -0.025581300 0.809692383 0.338012666
vt 0.840087891 0.324218750
vn 0.631115854 0.773116887 0.063111462
vt 0.830322266 0.335449219
v -0.035350744 0.837554932 0.313720644
vt 0.846191406 0.301513672
vn 0.614230454 0.637854636 0.464610040
v -0.046504922 0.855499268 0.302581728
vt 0.838134766 0.300292969
vn -0.535765469 0.047273353 -0.843042493
v -0.047527257 0.824218750 0.320739686
vt 0.831787109 0.287597656
vn -0.997991085 -0.062865622 -0.007858064
vt 0.824707031 0.308593750
vt 0.760986328 0.836914062
vt 0.750732422 0.831542969
vt 0.756347656 0.827880859
v -0.020708026 0.831146240 0.337219179
vt 0.754150391 0.843505859
vn 0.306991369 0.338477731 -0.889488161
vt 0.766601562 0.831298828
vt 0.762451172 0.841064453
v -0.054424226 0.872650146 0.352661073
vt 0.752197266 0.864746094
vn -0.347243577 0.110486493 -0.931243658
v -0.066444337 0.896240234 0.377716005
vt 0.759521484 0.877685547
vn -0.486427814 -0.400126189 0.776715577
v -0.024825990 0.842956543 0.353668153
vt 0.771972656 0.849365234
vn 0.810621679 0.346285045 0.472206622
v -0.072753847 0.910827637 0.360015810
vt 0.754394531 0.881591797
vn -0.798225820 0.197580576 -0.569032133
vt 0.747558594 0.848876953
v -0.016479431 0.830261230 0.356872499
vt 0.746337891 0.842773438
vn 0.259834558 0.559037805 0.787377119
vt 0.743164062 0.833251953
vt 0.738281250 0.841796875
vt 0.736816406 0.833496094
vt 0.583007812 0.039794922
vt 0.575683594 0.031738281
vt 0.595214844 0.036132812
vt 0.590087891 0.048828125
vt 0.601074219 0.043212891
vt 0.592773438 0.056152344
v -0.123115480 0.780914307 0.372283936
vt 0.986328125 0.449707031
vn -0.015755728 0.173314393 0.984740555
vt 0.972900391 0.456054688
vt 0.988769531 0.441650391
vt 0.993164062 0.455078125
vt 0.859619141 0.924316406
v -0.082160898 0.872955322 0.299163759
vt 0.855712891 0.939208984
vn -0.394336879 -0.086754121 0.914861917
vt 0.849609375 0.906982422
vt 0.849365234 0.949951172
vt 0.862060547 0.939453125
vt 0.858886719 0.952392578
vt 0.846923828 0.593261719
vt 0.838134766 0.591796875
vt 0.844238281 0.572998047
vt 0.837646484 0.620849609
vt 0.727783203 0.007568359
vt 0.734619141 0.004394531
vt 0.733154297 0.024169922
vt 0.027343750 0.050781250
vt 0.041992188 0.046875000
vt 0.059082031 0.050781250
vt 0.043701172 0.109375000
v -0.060768068 0.913085938 0.375549257
vt 0.036376953 0.079345703
vn 0.795546949 0.582876086 -0.165410891
vt 0.043212891 0.073242188
vt 0.030517578 0.076904297
vt 0.028808594 0.096435547
vt 0.824218750 0.419677734
vt 0.818847656 0.407714844
vt 0.824462891 0.380126953
vt 0.820068359 0.428466797
vt 0.604980469 0.053466797
vt 0.594726562 0.084716797
vt 0.595703125 0.064208984
vt 0.007324219 0.032470703
vt 0.014160156 0.037597656
vt 0.005126953 0.037353516
vt 0.296386719 0.957763672
vt 0.299560547 0.964843750
vt 0.297363281 0.984619141
vt 0.171142578 0.939453125
vt 0.572021484 0.988281250
vt 0.552001953 0.988037109
vt 0.553222656 0.981689453
vt 0.576416016 0.982910156
vt 0.985107422 0.903808594
vt 0.985107422 0.928955078
vt 0.981933594 0.921875000
vt 0.961669922 0.089599609
vt 0.956054688 0.068847656
vt 0.962646484 0.059326172
vt 0.875976562 0.501953125
vt 0.849365234 0.502197266
vt 0.850830078 0.495117188
vt 0.891601562 0.497558594
vt 0.044921875 0.469970703
vt 0.043945312 0.509521484
vt 0.040527344 0.501708984
vt 0.039550781 0.476318359
vt 0.543701172 0.988769531
vt 0.536132812 0.999023438
vt 0.527587891 0.990234375
vt 0.349365234 0.035400391
vt 0.319824219 0.035400391
vt 0.333740234 0.029785156
vt 0.285888672 0.995361328
vt 0.276611328 0.989501953
vt 0.278320312 0.974609375
vt 0.230712891 0.987792969
vt 0.227539062 0.995117188
vt 0.227050781 0.973144531
vt 0.881835938 0.015625000
vt 0.876953125 0.005371094
vt 0.881591797 0.002929688
vt 0.012207031 0.887451172
vt 0.021972656 0.906494141
vt 0.020507812 0.919921875
vt 0.010986328 0.887207031
vt 0.447753906 0.015380859
vt 0.445556641 0.006103516
vt 0.451660156 0.002197266
vt 0.585937500 0.673583984
vt 0.545410156 0.677246094
vt 0.518798828 0.675292969
vt 0.407470703 0.689697266
vt 0.375488281 0.689697266
vt 0.442871094 0.687744141
vt 0.994384766 0.212890625
vt 0.988525391 0.220947266
vt 0.987548828 0.208496094
vt 0.868408203 0.432373047
vt 0.882324219 0.440429688
vt 0.872802734 0.449707031
vt 0.858886719 0.439941406
vt 0.850585938 0.411621094
vt 0.859863281 0.410156250
vt 0.984863281 0.754882812
vt 0.982910156 0.752197266
vt 0.985107422 0.730224609
vt 0.985351562 0.759765625
vt 0.985351562 0.784667969
vt 0.982666016 0.783691406
vt 0.942138672 0.000488281
vt 0.942871094 0.015380859
vt 0.936523438 0.012695312
vt 0.937255859 0.006347656
f 1/1/1 2/2/2 3/3/3
f 2/2/2 1/1/1 4/4/4
f 1/1/1 3/3/3 5/5/5
f 6/6/6 7/7/7 8/8/8
f 6/6/6 8/8/8 1/9/1
f 9/10/9 3/11/3 2/12/2
f 9/10/9 2/12/2 4/13/4
f 3/11/3 9/10/9 5/14/5
f 9/10/9 4/13/4 10/15/10
f 9/10/9 10/15/10 5/14/5
f 10/15/10 4/13/4 11/16/11
f 5/14/5 10/15/10 12/17/12
f 12/17/12 10/15/10 11/16/11
f 5/14/5 12/17/12 13/18/13
f 5/14/5 13/18/13 14/19/14
f 12/17/12 11/16/11 15/20/15
f 13/18/13 12/17/12 16/21/16
f 16/21/16 12/17/12 15/20/15
f 13/18/13 16/21/16 17/22/17
f 17/22/17 16/21/16 18/23/18
f 18/23/18 16/21/16 19/24/19
f 19/24/19 16/21/16 15/20/15
f 19/24/19 15/20/15 11/16/11
f 19/24/19 11/16/11 20/25/20
f 20/25/20 11/16/11 21/26/21
f 22/27/22 1/28/1 5/29/5
f 22/27/22 5/29/5 14/30/14
f 22/27/22 14/30/14 23/31/23
f 22/27/22 23/31/23 1/28/1
f 23/31/23 14/30/14 24/32/24
f 1/28/1 23/31/23 25/33/25
f 1/28/1 25/33/25 26/34/26
f 26/34/26 25/33/25 27/35/27
f 26/34/26 27/35/27 28/36/28
f 27/35/27 25/33/25 29/37/29
f 29/37/29 25/33/25 30/38/30
f 30/38/30 25/33/25 23/31/23
f 30/38/30 23/31/23 24/32/24
f 30/38/30 24/32/24 31/39/31
f 30/38/30 31/39/31 32/40/32
f 31/39/31 24/32/24 33/41/33
f 4/42/4 1/43/1 7/44/7
f 7/44/7 1/43/1 8/45/8
f 4/42/4 7/44/7 6/46/6
f 4/42/4 6/46/6 34/47/34
f 4/42/4 34/47/34 11/48/11
f 35/49/35 36/50/36 37/51/37
f 36/50/36 35/49/35 38/52/38
f 36/50/36 38/52/38 37/51/37
f 38/52/38 35/49/35 39/53/39
f 38/52/38 39/53/39 40/54/40
f 38/52/38 40/54/40 37/51/37
f 37/51/37 40/54/40 26/55/26
f 41/56/41 42/57/42 39/58/39
f 42/57/42 41/56/41 43/59/43
f 42/57/42 43/59/43 44/60/44
f 39/58/39 42/57/42 45/61/45
f 45/61/45 42/57/42 44/60/44
f 39/58/39 45/61/45 40/62/40
f 45/61/45 44/60/44 46/63/46
f 46/63/46 44/60/44 47/64/47
f 40/62/40 45/61/45 48/65/48
f 48/65/48 45/61/45 46/63/46
f 40/62/40 48/65/48 49/66/49
f 49/66/49 48/65/48 50/67/50
f 50/67/50 48/65/48 51/68/51
f 48/65/48 46/63/46 52/69/52
f 48/65/48 52/69/52 51/68/51
f 52/69/52 46/63/46 53/70/53
f 52/69/52 53/70/53 51/68/51
f 39/71/39 35/72/35 54/73/54
f 54/73/54 35/72/35 37/74/37
f 43/75/43 41/76/41 39/71/39
f 43/75/43 39/71/39 54/73/54
f 43/75/43 54/73/54 44/77/44
f 54/73/54 37/74/37 26/78/26
f 44/77/44 54/73/54 47/79/47
f 47/79/47 54/73/54 26/78/26
f 47/79/47 26/78/26 28/80/28
f 34/81/34 55/82/55 56/83/56
f 55/82/55 34/81/34 6/84/6
f 11/85/11 34/81/34 21/86/21
f 21/86/21 34/81/34 56/83/56
f 21/86/21 56/83/56 20/87/20
f 20/87/20 56/83/56 57/88/57
f 55/82/55 6/84/6 40/89/40
f 40/89/40 6/84/6 26/90/26
f 26/90/26 6/84/6 1/91/1
f 55/82/55 40/89/40 58/92/58
f 55/82/55 58/92/58 56/83/56
f 58/92/58 40/89/40 49/93/49
f 58/92/58 49/93/49 56/83/56
f 56/83/56 49/93/49 50/94/50
f 59/95/59 57/88/57 56/83/56
f 57/88/57 59/95/59 60/96/60
f 56/83/56 50/94/50 61/97/61
f 56/83/56 61/97/61 59/95/59
f 61/97/61 50/94/50 62/98/62
f 62/98/62 50/94/50 63/99/63
f 61/97/61 62/98/62 64/100/64
f 61/97/61 64/100/64 59/95/59
f 60/96/60 59/95/59 65/101/65
f 65/101/65 59/95/59 64/100/64
f 60/96/60 65/101/65 66/102/66
f 60/96/60 66/102/66 67/103/67
f 66/102/66 65/101/65 68/104/68
f 65/101/65 64/100/64 69/105/69
f 65/101/65 69/105/69 68/104/68
f 69/105/69 64/100/64 70/106/70
f 68/104/68 69/105/69 71/107/71
f 69/105/69 70/106/70 72/108/72
f 69/105/69 72/108/72 71/107/71
f 18/109/18 17/110/17 13/111/13
f 73/112/73 13/113/13 18/114/18
f 13/113/13 73/112/73 74/115/74
f 13/113/13 74/115/74 14/116/14
f 74/115/74 73/112/73 75/117/75
f 74/115/74 75/117/75 76/118/76
f 76/118/76 75/117/75 77/119/77
f 14/116/14 74/115/74 78/120/78
f 14/116/14 78/120/78 24/121/24
f 24/121/24 78/120/78 32/122/32
f 78/120/78 74/115/74 79/123/79
f 79/123/79 74/115/74 76/118/76
f 78/120/78 79/123/79 80/124/80
f 79/123/79 76/118/76 81/125/81
f 79/123/79 81/125/81 80/124/80
f 82/126/82 19/127/19 67/128/67
f 82/126/82 67/128/67 83/129/83
f 19/127/19 82/126/82 18/130/18
f 67/128/67 19/127/19 60/131/60
f 60/131/60 19/127/19 20/132/20
f 60/131/60 20/132/20 57/133/57
f 30/134/30 32/135/32 84/136/84
f 30/134/30 84/136/84 85/137/85
f 30/134/30 85/137/85 29/138/29
f 66/139/66 86/140/86 67/141/67
f 86/140/86 66/139/66 87/142/87
f 87/142/87 66/139/66 88/143/88
f 88/143/88 66/139/66 89/144/89
f 88/143/88 89/144/89 90/145/90
f 89/144/89 66/139/66 68/146/68
f 89/144/89 68/146/68 91/147/91
f 89/144/89 91/147/91 92/148/92
f 93/149/93 33/150/33 24/151/24
f 32/152/32 93/153/93 24/154/24
f 93/153/93 32/152/32 94/155/94
f 95/156/95 32/157/32 78/158/78
f 32/157/32 95/156/95 96/159/96
f 32/157/32 96/159/96 84/160/84
f 96/159/96 95/156/95 97/161/97
f 97/161/97 95/156/95 98/162/98
f 96/159/96 97/161/97 99/163/99
f 96/159/96 99/163/99 84/160/84
f 84/160/84 99/163/99 100/164/100
f 84/160/84 100/164/100 85/165/85
f 80/166/80 95/167/95 78/168/78
f 95/167/95 80/166/80 98/169/98
f 101/170/101 102/171/102 103/172/103
f 101/170/101 103/172/103 104/173/104
f 105/174/105 29/175/29 85/176/85
f 29/175/29 105/174/105 106/177/106
f 29/175/29 106/177/106 27/178/27
f 104/179/104 103/180/103 102/181/102
f 104/179/104 102/181/102 101/182/101
f 107/183/107 108/184/108 109/185/109
f 107/183/107 109/185/109 110/186/110
f 108/184/108 107/183/107 111/187/111
f 111/187/111 107/183/107 112/188/112
f 108/184/108 111/187/111 113/189/113
f 85/190/85 100/191/100 105/192/105
f 105/192/105 100/191/100 114/193/114
f 105/192/105 114/193/114 115/194/115
f 115/194/115 114/193/114 116/195/116
f 115/194/115 116/195/116 117/196/117
f 77/197/77 118/198/118 76/199/76
f 118/198/118 77/197/77 119/200/119
f 119/200/119 77/197/77 120/201/120
f 118/198/118 119/200/119 121/202/121
f 76/199/76 118/198/118 81/203/81
f 81/203/81 118/198/118 121/202/121
f 81/203/81 121/202/121 122/204/122
f 122/204/122 121/202/121 123/205/123
f 81/203/81 122/204/122 98/206/98
f 81/203/81 98/206/98 80/207/80
f 33/208/33 93/209/93 124/210/124
f 33/208/33 124/210/124 31/211/31
f 31/211/31 124/210/124 32/212/32
f 93/213/93 125/214/125 124/215/124
f 125/214/125 93/213/93 94/216/94
f 125/214/125 94/216/94 124/215/124
f 124/215/124 94/216/94 32/217/32
f 123/218/123 121/219/121 126/220/126
f 123/218/123 126/220/126 127/221/127
f 123/218/123 127/221/127 128/222/128
f 129/223/129 51/224/51 28/225/28
f 28/225/28 51/224/51 53/226/53
f 28/225/28 53/226/53 46/227/46
f 28/225/28 46/227/46 47/228/47
f 129/223/129 28/225/28 130/229/130
f 130/229/130 28/225/28 27/230/27
f 129/223/129 130/229/130 131/231/131
f 130/229/130 27/230/27 106/232/106
f 131/231/131 130/229/130 132/233/132
f 132/233/132 130/229/130 106/232/106
f 133/234/133 134/235/134 135/236/135
f 135/236/135 134/235/134 136/237/136
f 135/236/135 136/237/136 137/238/137
f 134/235/134 133/234/133 138/239/138
f 138/239/138 133/234/133 135/236/135
f 138/239/138 135/236/135 139/240/139
f 138/239/138 139/240/139 140/241/140
f 138/239/138 140/241/140 141/242/141
f 141/242/141 140/241/140 142/243/142
f 138/239/138 141/242/141 143/244/143
f 144/245/144 135/246/135 137/247/137
f 135/246/135 144/245/144 145/248/145
f 135/246/135 145/248/145 139/249/139
f 145/248/145 144/245/144 146/250/146
f 139/249/139 145/248/145 147/251/147
f 147/251/147 145/248/145 146/250/146
f 136/252/136 144/253/144 137/254/137
f 144/253/144 136/252/136 146/255/146
f 146/255/146 136/252/136 147/256/147
f 129/257/129 63/258/63 50/259/50
f 129/257/129 50/259/50 51/260/51
f 63/258/63 129/257/129 131/261/131
f 63/258/63 131/261/131 148/262/148
f 63/258/63 148/262/148 62/263/62
f 62/263/62 148/262/148 149/264/149
f 62/263/62 149/264/149 64/265/64
f 149/264/149 148/262/148 150/266/150
f 64/265/64 149/264/149 151/267/151
f 151/267/151 149/264/149 150/266/150
f 64/265/64 151/267/151 70/268/70
f 70/268/70 151/267/151 150/266/150
f 70/268/70 150/266/150 143/269/143
f 70/268/70 143/269/143 152/270/152
f 70/268/70 152/270/152 72/271/72
f 153/272/153 152/270/152 141/273/141
f 72/271/72 152/270/152 154/274/154
f 154/274/154 152/270/152 153/272/153
f 72/271/72 154/274/154 155/275/155
f 72/271/72 155/275/155 156/276/156
f 156/276/156 155/275/155 157/277/157
f 157/277/157 155/275/155 158/278/158
f 157/277/157 158/278/158 159/279/159
f 155/275/155 154/274/154 160/280/160
f 155/275/155 160/280/160 158/278/158
f 160/280/160 154/274/154 153/272/153
f 158/278/158 160/280/160 159/279/159
f 160/280/160 153/272/153 161/281/161
f 160/280/160 161/281/161 159/279/159
f 86/282/86 83/283/83 67/284/67
f 83/283/83 86/282/86 162/285/162
f 162/285/162 86/282/86 123/286/123
f 147/287/147 140/288/140 139/289/139
f 140/288/140 147/287/147 136/290/136
f 140/288/140 136/290/136 142/291/142
f 142/291/142 136/290/136 134/292/134
f 142/291/142 134/292/134 163/293/163
f 163/293/163 134/292/134 138/294/138
f 117/295/117 131/296/131 132/297/132
f 117/295/117 132/297/132 115/298/115
f 115/298/115 132/297/132 106/299/106
f 115/298/115 106/299/106 105/300/105
f 163/301/163 141/302/141 142/303/142
f 141/302/141 163/301/163 153/304/153
f 153/304/153 163/301/163 164/305/164
f 165/306/165 166/307/166 167/308/167
f 167/308/167 166/307/166 168/309/168
f 165/306/165 167/308/167 100/310/100
f 100/310/100 167/308/167 168/309/168
f 131/311/131 117/312/117 169/313/169
f 131/311/131 169/313/169 148/314/148
f 148/314/148 169/313/169 170/315/170
f 148/314/148 170/315/170 150/316/150
f 170/315/170 169/313/169 171/317/171
f 171/317/171 169/313/169 172/318/172
f 170/315/170 171/317/171 173/319/173
f 170/315/170 173/319/173 150/316/150
f 150/316/150 173/319/173 174/320/174
f 117/321/117 175/322/175 169/323/169
f 169/323/169 175/322/175 172/324/172
f 175/322/175 117/321/117 171/325/171
f 171/325/171 117/321/117 176/326/176
f 177/327/177 172/328/172 175/329/175
f 177/327/177 175/329/175 173/330/173
f 177/331/177 172/332/172 178/333/178
f 177/331/177 178/333/178 164/334/164
f 164/334/164 178/333/178 179/335/179
f 177/331/177 164/334/164 180/336/180
f 177/331/177 180/336/180 174/337/174
f 174/337/174 180/336/180 164/334/164
f 177/331/177 174/337/174 173/338/173
f 174/337/174 164/334/164 143/339/143
f 174/337/174 143/339/143 150/340/150
f 143/339/143 164/334/164 163/341/163
f 143/339/143 163/341/163 138/342/138
f 178/343/178 172/344/172 173/345/173
f 178/343/178 173/345/173 181/346/181
f 87/347/87 88/348/88 182/349/182
f 182/349/182 88/348/88 90/350/90
f 87/347/87 182/349/182 122/351/122
f 87/347/87 122/351/122 123/352/123
f 87/347/87 123/352/123 86/353/86
f 90/354/90 89/355/89 92/356/92
f 183/357/183 92/356/92 184/358/184
f 92/356/92 183/357/183 185/359/185
f 92/356/92 185/359/185 90/354/90
f 90/354/90 185/359/185 186/360/186
f 90/354/90 186/360/186 182/361/182
f 143/362/143 141/363/141 152/364/152
f 187/365/187 161/366/161 153/367/153
f 161/366/161 187/365/187 188/368/188
f 187/365/187 153/367/153 164/369/164
f 188/368/188 187/365/187 189/370/189
f 188/368/188 189/370/189 190/371/190
f 190/371/190 189/370/189 187/365/187
f 190/371/190 187/365/187 191/372/191
f 191/372/191 187/365/187 192/373/192
f 192/373/192 187/365/187 164/369/164
f 191/372/191 192/373/192 193/374/193
f 193/374/193 192/373/192 164/369/164
f 193/374/193 164/369/164 179/375/179
f 194/376/194 195/377/195 196/378/196
f 196/378/196 195/377/195 197/379/197
f 194/380/194 198/381/198 195/382/195
f 198/381/198 194/380/194 199/383/199
f 195/382/195 198/381/198 200/384/200
f 195/382/195 200/384/200 201/385/201
f 200/384/200 198/381/198 202/386/202
f 202/386/202 198/381/198 199/383/199
f 202/386/202 199/383/199 203/387/203
f 203/387/203 199/383/199 204/388/204
f 203/387/203 204/388/204 205/389/205
f 201/390/201 206/391/206 195/392/195
f 195/392/195 206/391/206 197/393/197
f 206/391/206 201/390/201 207/394/207
f 194/395/194 196/396/196 208/397/208
f 194/395/194 208/397/208 199/398/199
f 199/398/199 208/397/208 204/399/204
f 82/400/82 209/401/209 18/402/18
f 18/402/18 209/401/209 73/403/73
f 209/401/209 82/400/82 210/404/210
f 210/404/210 82/400/82 83/405/83
f 210/404/210 83/405/83 162/406/162
f 73/403/73 209/401/209 211/407/211
f 211/407/211 209/401/209 210/404/210
f 73/403/73 211/407/211 75/408/75
f 75/408/75 211/407/211 77/409/77
f 77/409/77 211/407/211 120/410/120
f 120/410/120 211/407/211 210/404/210
f 120/410/120 210/404/210 162/406/162
f 120/410/120 162/406/162 212/411/212
f 212/411/212 162/406/162 123/412/123
f 213/413/213 214/414/214 202/415/202
f 214/414/214 213/413/213 215/416/215
f 213/413/213 202/415/202 203/417/203
f 215/416/215 213/413/213 216/418/216
f 215/416/215 216/418/216 217/419/217
f 213/413/213 203/417/203 218/420/218
f 213/413/213 218/420/218 216/418/216
f 218/420/218 203/417/203 219/421/219
f 219/421/219 203/417/203 220/422/220
f 216/418/216 218/420/218 221/423/221
f 217/419/217 216/418/216 222/424/222
f 216/418/216 221/423/221 223/425/223
f 216/418/216 223/425/223 222/424/222
f 224/426/224 225/427/225 226/428/226
f 224/426/224 226/428/226 227/429/227
f 226/428/226 225/427/225 228/430/228
f 226/428/226 228/430/228 227/429/227
f 228/430/228 225/427/225 229/431/229
f 227/429/227 228/430/228 230/432/230
f 230/432/230 228/430/228 231/433/231
f 215/434/215 232/435/232 214/436/214
f 214/436/214 232/435/232 202/437/202
f 232/435/232 215/434/215 225/438/225
f 202/437/202 232/435/232 200/439/200
f 232/435/232 225/438/225 224/440/224
f 232/435/232 224/440/224 200/439/200
f 233/441/233 225/442/225 215/443/215
f 225/442/225 233/441/233 229/444/229
f 233/441/233 215/443/215 234/445/234
f 229/444/229 233/441/233 235/446/235
f 233/441/233 234/445/234 236/447/236
f 233/441/233 236/447/236 235/446/235
f 206/448/206 197/449/197 196/450/196
f 237/451/237 207/452/207 238/453/238
f 238/453/238 207/452/207 201/454/201
f 237/451/237 238/453/238 227/455/227
f 227/455/227 238/453/238 201/454/201
f 207/456/207 230/457/230 206/458/206
f 206/458/206 230/457/230 196/459/196
f 201/460/201 200/461/200 227/462/227
f 227/462/227 200/461/200 224/463/224
f 230/464/230 207/465/207 237/466/237
f 230/464/230 237/466/237 227/467/227
f 229/468/229 239/469/239 228/470/228
f 228/470/228 239/469/239 240/471/240
f 228/470/228 240/471/240 241/472/241
f 228/470/228 241/472/241 231/473/231
f 241/474/241 239/475/239 242/476/242
f 239/475/239 241/474/241 240/477/240
f 241/474/241 242/476/242 231/478/231
f 243/479/243 239/475/239 229/480/229
f 239/475/239 243/479/243 244/481/244
f 231/478/231 242/476/242 244/481/244
f 231/478/231 244/481/244 245/482/245
f 242/476/242 239/475/239 246/483/246
f 242/476/242 246/483/246 244/481/244
f 244/481/244 246/483/246 239/475/239
f 247/484/247 248/485/247 249/486/247
f 208/487/208 196/488/196 230/489/230
f 204/490/204 205/491/205 208/492/208
f 203/493/203 208/494/208 220/495/220
f 208/494/208 203/493/203 205/496/205
f 230/497/230 220/498/220 208/499/208
f 220/498/220 230/497/230 250/500/248
f 250/500/248 230/497/230 231/501/231
f 251/502/249 220/498/220 252/503/250
f 252/503/250 220/498/220 250/500/248
f 250/500/248 231/501/231 253/504/251
f 252/503/250 250/500/248 254/505/252
f 250/500/248 253/504/251 255/506/253
f 250/500/248 255/506/253 254/505/252
f 255/506/253 253/504/251 256/507/254
f 256/507/254 253/504/251 257/508/255
f 254/505/252 255/506/253 258/509/256
f 254/505/252 258/509/256 259/510/257
f 259/510/257 258/509/256 260/511/258
f 260/511/258 258/509/256 261/512/259
f 260/511/258 261/512/259 236/513/236
f 235/514/235 236/513/236 256/507/254
f 261/512/259 258/509/256 262/515/260
f 262/515/260 258/509/256 255/506/253
f 261/512/259 262/515/260 236/513/236
f 262/515/260 255/506/253 256/507/254
f 262/515/260 256/507/254 236/513/236
f 218/516/218 219/517/219 263/518/261
f 263/518/261 219/517/219 264/519/262
f 218/516/218 263/518/261 221/520/221
f 221/520/221 263/518/261 265/521/263
f 221/520/221 265/521/263 223/522/223
f 223/522/223 265/521/263 266/523/264
f 223/522/223 266/523/264 222/524/222
f 222/524/222 266/523/264 267/525/265
f 267/525/265 266/523/264 268/526/266
f 119/527/119 269/528/267 121/529/121
f 269/528/267 119/527/119 270/530/268
f 270/530/268 119/527/119 120/531/120
f 270/530/268 120/531/120 271/532/269
f 271/532/269 120/531/120 212/533/212
f 271/532/269 212/533/212 272/534/270
f 272/534/270 212/533/212 128/535/128
f 128/535/128 212/533/212 123/536/123
f 220/537/220 273/538/271 219/539/219
f 273/538/271 220/537/220 274/540/272
f 273/538/271 274/540/272 275/541/273
f 274/540/272 220/537/220 251/542/249
f 274/540/272 251/542/249 276/543/274
f 276/543/274 251/542/249 252/544/250
f 276/543/274 252/544/250 277/545/275
f 277/545/275 252/544/250 254/546/252
f 277/545/275 254/546/252 259/547/257
f 277/545/275 259/547/257 278/548/276
f 278/548/276 259/547/257 260/549/258
f 277/545/275 278/548/276 279/550/277
f 273/551/271 264/552/262 219/553/219
f 264/552/262 273/551/271 275/554/273
f 280/555/278 281/556/279 282/557/280
f 282/557/280 281/556/279 283/558/281
f 282/557/280 283/558/281 284/559/282
f 280/560/278 282/561/280 285/562/283
f 285/562/283 282/561/280 284/563/282
f 280/560/278 285/562/283 281/564/279
f 285/562/283 284/563/282 283/565/281
f 285/562/283 283/565/281 281/564/279
f 71/566/71 286/567/284 287/568/285
f 287/568/285 286/567/284 215/569/215
f 215/569/215 286/567/284 288/570/286
f 288/570/286 286/567/284 71/566/71
f 215/569/215 288/570/286 234/571/234
f 234/571/234 288/570/286 289/572/287
f 234/571/234 289/572/287 236/573/236
f 236/573/236 289/572/287 260/574/258
f 260/574/258 289/572/287 290/575/288
f 290/575/288 289/572/287 288/570/286
f 260/574/258 290/575/288 291/576/289
f 291/576/289 290/575/288 292/577/290
f 292/577/290 290/575/288 293/578/291
f 293/578/291 290/575/288 288/570/286
f 292/577/290 293/578/291 294/579/292
f 294/579/292 293/578/291 295/580/293
f 293/578/291 288/570/286 296/581/294
f 296/581/294 288/570/286 71/566/71
f 296/581/294 71/566/71 72/582/72
f 296/581/294 72/582/72 156/583/156
f 293/578/291 296/581/294 297/584/295
f 297/584/295 296/581/294 156/583/156
f 293/578/291 297/584/295 295/580/293
f 295/580/293 297/584/295 298/585/296
f 298/585/296 297/584/295 156/583/156
f 295/580/293 298/585/296 190/586/190
f 190/586/190 298/585/296 188/587/188
f 298/585/296 156/583/156 299/588/297
f 298/585/296 299/588/297 188/587/188
f 299/588/297 156/583/156 157/589/157
f 188/587/188 299/588/297 161/590/161
f 299/588/297 157/589/157 159/591/159
f 299/588/297 159/591/159 161/590/161
f 91/592/91 68/593/68 71/594/71
f 91/592/91 71/594/71 300/595/298
f 91/592/91 300/595/298 92/596/92
f 300/595/298 71/594/71 287/597/285
f 300/595/298 287/597/285 301/598/299
f 300/595/298 301/598/299 302/599/300
f 301/598/299 287/597/285 303/600/301
f 301/598/299 303/600/301 267/601/265
f 267/601/265 303/600/301 217/602/217
f 217/602/217 303/600/301 287/597/285
f 217/602/217 287/597/285 215/603/215
f 304/604/302 305/605/303 306/606/304
f 306/606/304 305/605/303 307/607/305
f 307/607/305 305/605/303 308/608/306
f 307/607/305 308/608/306 309/609/307
f 309/609/307 308/608/306 310/610/308
f 309/609/307 310/610/308 311/611/309
f 311/611/309 310/610/308 312/612/310
f 309/609/307 311/611/309 306/613/304
f 311/611/309 312/612/310 304/614/302
f 311/611/309 304/614/302 306/613/304
f 229/615/229 235/616/235 243/617/243
f 243/617/243 235/616/235 313/618/311
f 313/618/311 235/616/235 256/619/254
f 243/617/243 313/618/311 314/620/312
f 314/620/312 313/618/311 315/621/313
f 314/620/312 315/621/313 243/617/243
f 243/617/243 315/621/313 244/622/244
f 315/623/313 245/624/245 244/625/244
f 245/624/245 315/623/313 253/626/251
f 245/624/245 253/626/251 231/627/231
f 256/628/254 315/629/313 313/630/311
f 315/629/313 256/628/254 257/631/255
f 304/632/302 316/633/314 305/634/303
f 316/633/314 304/632/302 312/635/310
f 305/634/303 316/633/314 317/636/315
f 305/634/303 317/636/315 308/637/306
f 310/638/308 317/639/315 316/640/314
f 317/639/315 310/638/308 308/641/306
f 310/638/308 316/640/314 312/642/310
f 267/643/265 217/644/217 222/645/222
f 318/646/316 302/647/300 301/648/299
f 318/646/316 301/648/299 267/649/265
f 302/647/300 318/646/316 319/650/317
f 302/647/300 319/650/317 320/651/318
f 302/647/300 320/651/318 321/652/319
f 321/652/319 320/651/318 322/653/320
f 302/647/300 321/652/319 300/654/298
f 321/652/319 322/653/320 184/655/184
f 300/654/298 321/652/319 92/656/92
f 92/656/92 321/652/319 184/655/184
f 295/657/293 323/658/321 294/659/292
f 294/659/292 323/658/321 307/660/305
f 294/659/292 307/660/305 324/661/322
f 307/660/305 323/658/321 306/662/304
f 306/662/304 323/658/321 309/663/307
f 324/661/322 307/660/305 309/664/307
f 324/661/322 309/664/307 323/665/321
f 323/666/321 325/667/323 324/668/322
f 190/669/190 323/666/321 295/670/293
f 323/666/321 190/669/190 325/667/323
f 325/667/323 190/669/190 191/671/191
f 325/667/323 191/671/191 326/672/324
f 324/668/322 325/667/323 292/673/290
f 292/673/290 325/667/323 326/672/324
f 324/668/322 292/673/290 294/674/292
f 292/673/290 326/672/324 327/675/325
f 292/673/290 327/675/325 328/676/326
f 292/673/290 328/676/326 291/677/289
f 328/676/326 327/675/325 329/678/327
f 328/676/326 329/678/327 291/677/289
f 291/677/289 329/678/327 278/679/276
f 278/679/276 329/678/327 330/680/328
f 291/677/289 278/679/276 260/681/258
f 253/682/251 257/683/255 315/684/313
f 166/685/166 165/686/165 168/687/168
f 168/687/168 165/686/165 331/688/329
f 100/689/100 332/690/330 165/691/165
f 165/691/165 332/690/330 331/692/329
f 332/690/330 100/689/100 99/693/99
f 332/690/330 99/693/99 333/694/331
f 333/694/331 99/693/99 97/695/97
f 98/696/98 334/697/332 97/695/97
f 97/695/97 334/697/332 335/698/333
f 97/695/97 335/698/333 333/694/331
f 335/698/333 334/697/332 126/699/126
f 335/698/333 126/699/126 336/700/334
f 333/694/331 335/698/333 337/701/335
f 333/694/331 337/701/335 338/702/336
f 337/701/335 335/698/333 339/703/337
f 339/703/337 335/698/333 340/704/338
f 114/705/114 100/706/100 168/707/168
f 114/705/114 168/707/168 331/708/329
f 114/705/114 331/708/329 116/709/116
f 332/710/330 341/711/339 331/708/329
f 331/708/329 341/711/339 342/712/340
f 331/708/329 342/712/340 116/709/116
f 116/709/116 342/712/340 176/713/176
f 116/709/116 176/713/176 117/714/117
f 111/715/111 343/716/341 344/717/342
f 344/717/342 343/716/341 112/718/112
f 111/715/111 344/717/342 113/719/113
f 345/720/343 107/721/107 110/722/110
f 107/721/107 345/720/343 112/723/112
f 112/723/112 345/720/343 110/722/110
f 112/723/112 110/722/110 346/724/344
f 112/723/112 346/724/344 347/725/345
f 112/723/112 347/725/345 269/726/267
f 346/724/344 110/722/110 348/727/346
f 348/727/346 110/722/110 109/728/109
f 347/725/345 346/724/344 349/729/347
f 349/729/347 346/724/344 348/727/346
f 347/725/345 349/729/347 270/730/268
f 349/729/347 348/727/346 350/731/348
f 349/729/347 350/731/348 270/730/268
f 350/731/348 348/727/346 113/732/113
f 270/730/268 350/731/348 269/733/267
f 269/733/267 350/731/348 113/732/113
f 269/733/267 113/732/113 112/734/112
f 112/734/112 113/732/113 344/735/342
f 351/736/349 352/737/350 353/738/351
f 352/737/350 351/736/349 354/739/352
f 351/736/349 353/738/351 355/740/353
f 351/736/349 355/740/353 354/739/352
f 354/739/352 355/740/353 356/741/354
f 341/742/339 333/743/331 357/744/355
f 333/743/331 341/742/339 332/745/330
f 357/744/355 333/743/331 338/746/336
f 357/744/355 338/746/336 358/747/356
f 358/747/356 338/746/336 337/748/335
f 358/747/356 337/748/335 339/749/337
f 358/747/356 339/749/337 357/744/355
f 357/744/355 339/749/337 359/750/357
f 341/751/339 357/752/355 352/753/350
f 352/753/350 357/752/355 360/754/358
f 360/754/358 357/752/355 361/755/359
f 360/754/358 361/755/359 352/753/350
f 341/756/339 352/757/350 354/758/352
f 341/756/339 354/758/352 342/759/340
f 342/759/340 354/758/352 362/760/360
f 362/760/360 354/758/352 356/761/354
f 362/760/360 356/761/354 363/762/361
f 363/762/361 356/761/354 364/763/362
f 357/764/355 365/765/363 361/766/359
f 361/766/359 365/765/363 366/767/364
f 113/768/113 109/769/109 108/770/108
f 109/769/109 113/768/113 348/771/346
f 367/772/365 122/773/122 182/774/182
f 334/775/332 98/776/98 122/777/122
f 334/778/332 122/779/122 367/780/365
f 334/778/332 367/780/365 368/781/366
f 336/782/334 334/783/332 347/784/345
f 347/784/345 334/783/332 269/785/267
f 336/782/334 347/784/345 369/786/367
f 336/782/334 369/786/367 126/787/126
f 126/787/126 369/786/367 370/788/368
f 370/788/368 369/786/367 371/789/369
f 371/789/369 369/786/367 372/790/370
f 371/789/369 372/790/370 373/791/371
f 374/792/372 367/793/365 182/794/182
f 374/792/372 182/794/182 186/795/186
f 367/796/365 374/797/372 375/798/373
f 376/799/374 368/800/366 367/796/365
f 376/799/374 367/796/365 377/801/375
f 377/801/375 367/796/365 375/798/373
f 377/801/375 375/798/373 378/802/376
f 378/802/376 375/798/373 379/803/377
f 378/802/376 379/803/377 380/804/378
f 375/798/373 374/797/372 381/805/379
f 380/804/378 379/803/377 381/805/379
f 381/805/379 379/803/377 375/798/373
f 381/805/379 374/797/372 186/806/186
f 381/805/379 186/806/186 382/807/380
f 126/808/126 269/809/267 334/810/332
f 269/809/267 126/808/126 121/811/121
f 340/812/338 335/813/333 336/814/334
f 340/812/338 336/814/334 368/815/366
f 368/815/366 336/814/334 334/816/332
f 383/817/381 171/818/171 176/819/176
f 342/820/340 181/821/181 176/822/176
f 176/822/176 181/821/181 384/823/382
f 181/824/181 385/825/383 386/826/384
f 386/826/384 385/825/383 387/827/385
f 387/827/385 385/825/383 388/828/386
f 388/828/386 385/825/383 389/829/387
f 389/829/387 385/825/383 181/824/181
f 389/829/387 181/824/181 342/830/340
f 355/831/353 353/832/351 390/833/388
f 390/833/388 353/832/351 352/834/350
f 355/831/353 390/833/388 356/835/354
f 356/835/354 390/833/388 352/834/350
f 356/835/354 352/834/350 361/836/359
f 356/835/354 361/836/359 366/837/364
f 356/835/354 366/837/364 364/838/362
f 389/839/387 342/840/340 391/841/389
f 391/841/389 342/840/340 362/842/360
f 362/843/360 389/844/387 391/845/389
f 389/844/387 362/843/360 363/846/361
f 387/847/385 388/848/386 389/844/387
f 387/847/385 389/844/387 386/849/384
f 386/849/384 389/844/387 392/850/390
f 392/850/390 389/844/387 363/846/361
f 386/849/384 392/850/390 393/851/391
f 392/850/390 363/846/361 394/852/392
f 392/850/390 394/852/392 393/851/391
f 394/852/392 363/846/361 395/853/393
f 395/853/393 363/846/361 396/854/394
f 394/852/392 395/853/393 397/855/395
f 393/851/391 394/852/392 398/856/396
f 393/851/391 398/856/396 399/857/397
f 393/851/391 399/857/397 400/858/398
f 399/857/397 398/856/396 401/859/399
f 400/858/398 399/857/397 402/860/400
f 402/860/400 399/857/397 401/859/399
f 171/861/171 383/862/381 173/863/173
f 181/864/181 173/865/173 383/866/381
f 181/864/181 383/866/381 384/867/382
f 382/868/380 186/869/186 185/870/185
f 382/868/380 185/870/185 403/871/401
f 403/871/401 185/870/185 381/872/379
f 381/872/379 185/870/185 183/873/183
f 381/872/379 183/873/183 380/874/378
f 380/874/378 183/873/183 404/875/402
f 404/875/402 183/873/183 184/876/184
f 179/877/179 178/878/178 181/879/181
f 179/877/179 181/879/181 386/880/384
f 179/877/179 386/880/384 393/881/391
f 179/877/179 393/881/391 405/882/403
f 405/882/403 393/881/391 400/883/398
f 179/877/179 405/882/403 406/884/404
f 179/877/179 406/884/404 193/885/193
f 405/882/403 400/883/398 407/886/405
f 407/886/405 400/883/398 402/887/400
f 406/884/404 405/882/403 408/888/406
f 408/888/406 405/882/403 407/886/405
f 406/884/404 408/888/406 326/889/324
f 407/886/405 402/887/400 409/890/407
f 407/886/405 409/890/407 408/888/406
f 409/890/407 402/887/400 410/891/408
f 326/889/324 408/888/406 411/892/409
f 411/892/409 408/888/406 412/893/410
f 412/893/410 408/888/406 413/894/411
f 408/888/406 409/890/407 414/895/412
f 408/888/406 414/895/412 413/894/411
f 414/895/412 409/890/407 415/896/413
f 414/895/412 415/896/413 416/897/414
f 413/894/411 414/895/412 417/898/415
f 417/898/415 414/895/412 418/899/416
f 419/900/417 176/901/176 383/902/381
f 176/901/176 419/900/417 384/903/382
f 403/904/401 381/905/379 420/906/418
f 403/904/401 420/906/418 421/907/419
f 403/904/401 421/907/419 322/908/320
f 322/908/320 421/907/419 422/909/420
f 322/908/320 422/909/420 380/910/378
f 322/908/320 380/910/378 184/911/184
f 184/911/184 380/910/378 404/912/402
f 382/913/380 423/914/421 424/915/422
f 423/914/421 382/913/380 403/916/401
f 382/913/380 424/915/422 398/917/396
f 382/913/380 398/917/396 381/918/379
f 381/918/379 398/917/396 425/919/423
f 398/917/396 424/915/422 401/920/399
f 401/920/399 424/915/422 410/921/408
f 410/921/408 424/915/422 426/922/424
f 427/923/425 424/915/422 423/914/421
f 424/915/422 427/923/425 426/922/424
f 427/923/425 423/914/421 403/916/401
f 426/922/424 427/923/425 428/924/426
f 427/923/425 403/916/401 320/925/318
f 427/923/425 320/925/318 428/924/426
f 320/925/318 403/916/401 322/926/320
f 428/924/426 320/925/318 429/927/427
f 429/927/427 320/925/318 319/928/317
f 428/924/426 429/927/427 380/929/378
f 428/924/426 380/929/378 422/930/420
f 428/924/426 422/930/420 430/931/428
f 265/932/263 263/933/261 431/934/429
f 431/934/429 263/933/261 264/935/262
f 265/932/263 431/934/429 266/936/264
f 431/934/429 264/935/262 432/937/430
f 432/937/430 264/935/262 275/938/273
f 432/937/430 275/938/273 433/939/431
f 432/937/430 433/939/431 434/940/432
f 431/934/429 432/937/430 435/941/433
f 266/936/264 431/934/429 436/942/434
f 436/942/434 431/934/429 435/941/433
f 436/942/434 435/941/433 437/943/435
f 266/936/264 436/942/434 268/944/266
f 268/944/266 436/942/434 438/945/436
f 268/944/266 438/945/436 439/946/437
f 268/944/266 439/946/437 440/947/438
f 441/948/439 378/949/376 440/947/438
f 440/947/438 378/949/376 380/950/378
f 440/947/438 380/950/378 429/951/427
f 440/947/438 429/951/427 268/944/266
f 268/944/266 429/951/427 267/952/265
f 267/952/265 429/951/427 318/953/316
f 318/953/316 429/951/427 319/954/317
f 279/955/277 442/956/440 276/957/274
f 274/958/272 442/956/440 275/959/273
f 275/959/273 442/956/440 433/960/431
f 433/960/431 442/956/440 434/961/432
f 434/961/432 442/956/440 279/955/277
f 434/961/432 279/955/277 443/962/441
f 443/962/441 279/955/277 444/963/442
f 434/961/432 443/962/441 445/964/443
f 445/964/443 443/962/441 446/965/444
f 445/964/443 446/965/444 447/966/445
f 447/966/445 446/965/444 448/967/446
f 447/966/445 448/967/446 449/968/447
f 449/968/447 448/967/446 446/965/444
f 449/968/447 446/965/444 450/969/448
f 450/969/448 446/965/444 443/962/441
f 449/968/447 450/969/448 451/970/449
f 451/970/449 450/969/448 452/971/450
f 450/969/448 443/962/441 417/972/415
f 417/972/415 443/962/441 453/973/451
f 450/969/448 417/972/415 418/974/416
f 435/975/433 454/976/452 455/977/453
f 454/976/452 435/975/433 432/978/430
f 435/975/433 455/977/453 456/979/454
f 369/980/367 347/981/345 270/982/268
f 369/980/367 270/982/268 457/983/455
f 457/983/455 270/982/268 271/984/269
f 369/980/367 457/983/455 373/985/371
f 369/980/367 373/985/371 372/986/370
f 373/985/371 457/983/455 371/987/369
f 457/983/455 271/984/269 458/988/456
f 457/983/455 458/988/456 459/989/457
f 459/989/457 458/988/456 271/984/269
f 459/989/457 271/984/269 272/990/270
f 454/991/452 460/992/458 455/993/453
f 455/993/453 460/992/458 456/994/454
f 460/992/458 454/991/452 432/995/430
f 456/994/454 460/992/458 461/996/459
f 460/992/458 432/995/430 434/997/432
f 461/996/459 460/992/458 462/998/460
f 462/998/460 460/992/458 434/997/432
f 461/996/459 462/998/460 463/999/461
f 462/998/460 434/997/432 464/1000/462
f 464/1000/462 434/997/432 445/1001/443
f 465/1002/463 435/1003/433 456/1004/454
f 435/1003/433 465/1002/463 466/1005/464
f 465/1002/463 456/1004/454 461/1006/459
f 467/1007/465 468/1008/466 469/1009/467
f 468/1008/466 467/1007/465 470/1010/468
f 467/1007/465 469/1009/467 471/1011/469
f 470/1010/468 467/1007/465 472/1012/470
f 472/1012/470 467/1007/465 471/1011/469
f 468/1013/466 471/1014/469 469/1015/467
f 471/1014/469 468/1013/466 470/1016/468
f 471/1014/469 470/1016/468 472/1017/470
f 442/1018/440 274/1019/272 276/1020/274
f 473/1021/471 464/1022/462 474/1023/472
f 474/1023/472 464/1022/462 451/1024/449
f 451/1024/449 464/1022/462 445/1025/443
f 451/1024/449 445/1025/443 449/1026/447
f 449/1026/447 445/1025/443 447/1027/445
f 462/1028/460 464/1029/462 473/1030/471
f 462/1028/460 473/1030/471 451/1031/449
f 451/1031/449 473/1030/471 474/1032/472
f 462/1028/460 451/1031/449 463/1033/461
f 406/1034/404 326/1035/324 191/1036/191
f 406/1034/404 191/1036/191 193/1037/193
f 411/1038/409 327/1039/325 326/1040/324
f 330/1041/328 329/1042/327 475/1043/473
f 475/1043/473 329/1042/327 412/1044/410
f 475/1043/473 412/1044/410 453/1045/451
f 453/1045/451 412/1044/410 413/1046/411
f 453/1045/451 413/1046/411 417/1047/415
f 475/1043/473 453/1045/451 476/1048/474
f 476/1048/474 453/1045/451 443/1049/441
f 476/1048/474 443/1049/441 444/1050/442
f 412/1051/410 329/1052/327 327/1053/325
f 412/1054/410 327/1055/325 411/1056/409
f 475/1057/473 477/1058/475 330/1059/328
f 478/1060/476 477/1058/475 479/1061/477
f 477/1058/475 478/1060/476 444/1062/442
f 477/1058/475 444/1062/442 330/1059/328
f 330/1059/328 444/1062/442 279/1063/277
f 330/1059/328 279/1063/277 278/1064/276
f 477/1065/475 475/1066/473 476/1067/474
f 477/1065/475 476/1067/474 479/1068/477
f 479/1068/477 476/1067/474 480/1069/478
f 480/1069/478 476/1067/474 444/1070/442
f 277/1071/275 279/1072/277 276/1073/274
f 479/1074/477 481/1075/479 482/1076/480
f 481/1075/479 479/1074/477 480/1077/478
f 479/1074/477 482/1076/480 478/1078/476
f 481/1075/479 480/1077/478 483/1079/481
f 478/1078/476 482/1076/480 483/1079/481
f 483/1079/481 482/1076/480 481/1075/479
f 359/1080/357 365/1081/363 357/1082/355
f 484/1083/482 485/1084/483 359/1080/357
f 359/1080/357 485/1084/483 486/1085/484
f 359/1080/357 486/1085/484 365/1081/363
f 486/1085/484 485/1084/483 487/1086/485
f 486/1085/484 487/1086/485 488/1087/486
f 365/1081/363 486/1085/484 489/1088/487
f 489/1088/487 486/1085/484 488/1087/486
f 365/1081/363 489/1088/487 366/1089/364
f 366/1089/364 489/1088/487 490/1090/488
f 489/1088/487 488/1087/486 491/1091/489
f 491/1091/489 488/1087/486 492/1092/490
f 484/1093/482 339/1094/337 340/1095/338
f 339/1094/337 484/1093/482 359/1096/357
f 484/1093/482 340/1095/338 493/1097/491
f 493/1097/491 340/1095/338 494/1098/492
f 493/1097/491 494/1098/492 495/1099/493
f 494/1098/492 340/1095/338 368/1100/366
f 496/1101/494 366/1102/364 490/1103/488
f 497/1104/495 498/1105/496 499/1106/497
f 497/1104/495 499/1106/497 364/1107/362
f 497/1104/495 364/1107/362 366/1108/364
f 499/1109/497 498/1110/496 500/1111/498
f 500/1111/498 498/1110/496 497/1112/495
f 499/1109/497 500/1111/498 366/1113/364
f 366/1113/364 500/1111/498 497/1112/495
f 499/1114/497 366/1115/364 501/1116/499
f 501/1116/499 366/1115/364 496/1117/494
f 501/1116/499 496/1117/494 502/1118/500
f 502/1118/500 496/1117/494 376/1119/374
f 501/1116/499 502/1118/500 503/1120/501
f 501/1116/499 503/1120/501 499/1114/497
f 503/1120/501 502/1118/500 504/1121/502
f 503/1120/501 504/1121/502 505/1122/503
f 503/1120/501 505/1122/503 499/1114/497
f 499/1114/497 505/1122/503 364/1123/362
f 484/1124/482 493/1125/491 506/1126/504
f 484/1124/482 506/1126/504 485/1127/483
f 490/1128/488 507/1129/505 496/1130/494
f 496/1130/494 507/1129/505 508/1131/506
f 496/1130/494 508/1131/506 376/1132/374
f 507/1129/505 490/1128/488 492/1133/490
f 492/1133/490 490/1128/488 491/1134/489
f 491/1134/489 490/1128/488 489/1135/487
f 126/1136/126 370/1137/368 509/1138/507
f 126/1136/126 509/1138/507 127/1139/127
f 509/1140/507 370/1141/368 510/1142/508
f 511/1143/509 512/1144/510 513/1145/511
f 513/1145/511 512/1144/510 514/1146/512
f 512/1144/510 511/1143/509 485/1147/483
f 514/1148/512 487/1149/485 513/1150/511
f 513/1150/511 487/1149/485 511/1151/509
f 511/1151/509 487/1149/485 485/1152/483
f 492/1153/490 488/1154/486 504/1155/502
f 504/1155/502 488/1154/486 515/1156/513
f 504/1155/502 515/1156/513 505/1157/503
f 492/1153/490 504/1155/502 516/1158/514
f 492/1153/490 516/1158/514 517/1159/515
f 517/1159/515 516/1158/514 518/1160/516
f 518/1160/516 516/1158/514 519/1161/517
f 518/1160/516 519/1161/517 520/1162/518
f 487/1163/485 514/1164/512 488/1165/486
f 488/1165/486 514/1164/512 521/1166/519
f 521/1166/519 514/1164/512 512/1167/510
f 488/1165/486 521/1166/519 522/1168/520
f 488/1165/486 522/1168/520 523/1169/521
f 488/1165/486 523/1169/521 515/1170/513
f 523/1169/521 522/1168/520 524/1171/522
f 485/1172/483 506/1173/504 512/1174/510
f 512/1174/510 506/1173/504 525/1175/523
f 525/1175/523 506/1173/504 526/1176/524
f 526/1176/524 506/1173/504 527/1177/525
f 526/1176/524 527/1177/525 528/1178/526
f 528/1178/526 527/1177/525 529/1179/527
f 528/1178/526 529/1179/527 521/1180/519
f 371/1181/369 530/1182/528 370/1183/368
f 530/1182/528 371/1181/369 531/1184/529
f 531/1184/529 371/1181/369 457/1185/455
f 531/1184/529 457/1185/455 532/1186/530
f 532/1186/530 457/1185/455 459/1187/457
f 533/1188/531 368/1189/366 376/1190/374
f 494/1191/492 368/1192/366 533/1193/531
f 510/1194/508 370/1195/368 530/1196/528
f 534/1197/532 376/1198/374 377/1199/375
f 376/1198/374 534/1197/532 535/1200/533
f 376/1198/374 535/1200/533 536/1201/534
f 376/1198/374 536/1201/534 502/1202/500
f 534/1197/532 377/1199/375 537/1203/535
f 537/1203/535 377/1199/375 397/1204/395
f 537/1203/535 397/1204/395 538/1205/536
f 508/1206/506 533/1207/531 376/1208/374
f 533/1207/531 508/1206/506 539/1209/537
f 539/1209/537 508/1206/506 540/1210/538
f 127/1211/127 509/1212/507 541/1213/539
f 127/1211/127 541/1213/539 542/1214/540
f 542/1215/540 128/1216/128 127/1217/127
f 272/1218/270 128/1219/128 543/1220/541
f 518/1221/516 507/1222/505 492/1223/490
f 518/1221/516 492/1223/490 517/1224/515
f 507/1222/505 518/1221/516 508/1225/506
f 508/1225/506 518/1221/516 540/1226/538
f 128/1227/128 542/1228/540 543/1229/541
f 436/1230/434 437/1231/435 438/1232/436
f 438/1232/436 437/1231/435 544/1233/542
f 438/1232/436 544/1233/542 545/1234/543
f 466/1235/464 437/1236/435 435/1237/433
f 437/1236/435 466/1235/464 546/1238/544
f 437/1236/435 546/1238/544 547/1239/545
f 546/1238/544 466/1235/464 548/1240/546
f 547/1239/545 546/1238/544 549/1241/547
f 549/1241/547 546/1238/544 548/1240/546
f 549/1241/547 548/1240/546 550/1242/548
f 549/1241/547 550/1242/548 551/1243/549
f 551/1243/549 550/1242/548 552/1244/550
f 439/1245/437 438/1246/436 545/1247/543
f 439/1245/437 545/1247/543 553/1248/551
f 553/1248/551 545/1247/543 554/1249/552
f 555/1250/553 439/1251/437 556/1252/554
f 556/1252/554 439/1251/437 553/1253/551
f 556/1252/554 553/1253/551 557/1254/555
f 556/1252/554 557/1254/555 558/1255/556
f 556/1252/554 558/1255/556 559/1256/557
f 559/1256/557 558/1255/556 560/1257/558
f 559/1256/557 560/1257/558 461/1258/459
f 560/1257/558 558/1255/556 552/1259/550
f 461/1258/459 560/1257/558 561/1260/559
f 561/1260/559 560/1257/558 552/1259/550
f 461/1258/459 561/1260/559 562/1261/560
f 561/1260/559 552/1259/550 550/1262/548
f 561/1260/559 550/1262/548 563/1263/561
f 563/1263/561 550/1262/548 564/1264/562
f 561/1260/559 563/1263/561 565/1265/563
f 561/1260/559 565/1265/563 562/1261/560
f 565/1265/563 563/1263/561 566/1266/564
f 565/1265/563 566/1266/564 567/1267/565
f 565/1265/563 567/1267/565 562/1261/560
f 562/1261/560 567/1267/565 548/1268/546
f 555/1269/553 556/1270/554 568/1271/92
f 568/1271/92 556/1270/554 559/1272/557
f 568/1271/92 559/1272/557 569/1273/566
f 569/1273/566 559/1272/557 463/1274/461
f 463/1274/461 559/1272/557 461/1275/459
f 569/1273/566 463/1274/461 452/1276/450
f 452/1276/450 463/1274/461 451/1277/449
f 548/1278/546 466/1279/464 562/1280/560
f 562/1280/560 466/1279/464 465/1281/463
f 562/1280/560 465/1281/463 461/1282/459
f 439/1283/437 570/1284/567 440/1285/438
f 440/1285/438 570/1284/567 571/1286/568
f 570/1284/567 439/1283/437 572/1287/569
f 572/1287/569 439/1283/437 555/1288/553
f 572/1287/569 555/1288/553 573/1289/570
f 440/1285/438 571/1286/568 574/1290/571
f 440/1285/438 574/1290/571 441/1291/439
f 441/1291/439 574/1290/571 575/1292/572
f 441/1291/439 575/1292/572 428/1293/426
f 428/1293/426 575/1292/572 576/1294/573
f 428/1293/426 576/1294/573 577/1295/574
f 428/1293/426 577/1295/574 426/1296/424
f 441/1291/439 428/1293/426 430/1297/428
f 441/1291/439 430/1297/428 378/1298/376
f 378/1298/376 430/1297/428 578/1299/575
f 378/1298/376 578/1299/575 377/1300/375
f 459/1301/457 272/1302/270 543/1303/541
f 579/1304/576 566/1305/564 580/1306/577
f 579/1304/576 580/1306/577 564/1307/562
f 564/1307/562 580/1306/577 581/1308/578
f 564/1307/562 581/1308/578 582/1309/579
f 564/1307/562 582/1309/579 563/1310/561
f 550/1311/548 567/1312/565 564/1313/562
f 567/1312/565 550/1311/548 548/1314/546
f 564/1313/562 567/1312/565 579/1315/576
f 579/1315/576 567/1312/565 566/1316/564
f 583/1317/580 544/1318/542 437/1319/435
f 583/1317/580 437/1319/435 547/1320/545
f 554/1321/552 545/1322/543 544/1323/542
f 554/1321/552 544/1323/542 584/1324/581
f 568/1325/92 585/1326/582 555/1327/553
f 585/1326/582 568/1325/92 569/1328/566
f 586/1329/583 551/1330/549 552/1331/550
f 586/1329/583 552/1331/550 558/1332/556
f 586/1329/583 558/1332/556 557/1333/555
f 586/1329/583 557/1333/555 587/1334/584
f 587/1334/584 557/1333/555 549/1335/547
f 586/1329/583 587/1334/584 588/1336/585
f 586/1329/583 588/1336/585 589/1337/586
f 588/1336/585 587/1334/584 590/1338/587
f 590/1338/587 587/1334/584 591/1339/588
f 590/1338/587 591/1339/588 592/1340/589
f 590/1338/587 592/1340/589 588/1336/585
f 588/1336/585 592/1340/589 593/1341/590
f 581/1342/578 580/1343/577 566/1344/564
f 581/1342/578 566/1344/564 582/1345/579
f 582/1345/579 566/1344/564 563/1346/561
f 383/1347/381 384/1348/382 419/1349/417
f 594/1350/591 398/1351/396 394/1352/392
f 594/1350/591 394/1352/392 595/1353/592
f 595/1353/592 394/1352/392 397/1354/395
f 594/1350/591 595/1353/592 596/1355/593
f 594/1350/591 596/1355/593 597/1356/594
f 596/1355/593 595/1353/592 598/1357/595
f 598/1357/595 595/1353/592 599/1358/596
f 599/1358/596 595/1353/592 397/1354/395
f 599/1358/596 397/1354/395 578/1359/575
f 578/1359/575 397/1354/395 377/1360/375
f 599/1358/596 578/1359/575 600/1361/597
f 600/1361/597 578/1359/575 601/1362/598
f 601/1362/598 578/1359/575 430/1363/428
f 601/1362/598 430/1363/428 602/1364/599
f 602/1364/599 430/1363/428 603/1365/600
f 603/1365/600 430/1363/428 422/1366/420
f 602/1364/599 603/1365/600 604/1367/601
f 604/1367/601 603/1365/600 605/1368/602
f 381/1369/379 425/1370/423 420/1371/418
f 420/1371/418 425/1370/423 606/1372/603
f 420/1371/418 606/1372/603 607/1373/604
f 420/1371/418 607/1373/604 608/1374/605
f 608/1374/605 607/1373/604 609/1375/606
f 608/1374/605 609/1375/606 420/1371/418
f 420/1371/418 609/1375/606 610/1376/607
f 597/1377/594 425/1378/423 398/1379/396
f 425/1378/423 597/1377/594 606/1380/603
f 597/1377/594 398/1379/396 594/1381/591
f 420/1382/418 401/1383/399 611/1384/608
f 420/1382/418 611/1384/608 421/1385/419
f 421/1385/419 611/1384/608 603/1386/600
f 421/1385/419 603/1386/600 422/1387/420
f 603/1386/600 611/1384/608 610/1388/607
f 603/1386/600 610/1388/607 577/1389/574
f 577/1389/574 610/1388/607 605/1390/602
f 603/1386/600 577/1389/574 576/1391/573
f 603/1386/600 576/1391/573 605/1392/602
f 410/1393/408 401/1394/399 610/1395/607
f 610/1395/607 401/1394/399 420/1396/418
f 410/1393/408 610/1395/607 611/1397/608
f 410/1393/408 611/1397/608 402/1398/400
f 402/1398/400 611/1397/608 401/1399/399
f 396/1400/394 363/1401/361 364/1402/362
f 396/1400/394 364/1402/362 612/1403/609
f 396/1400/394 612/1403/609 515/1404/513
f 396/1400/394 515/1404/513 536/1405/534
f 396/1400/394 536/1405/534 395/1406/393
f 612/1407/609 364/1408/362 505/1409/503
f 612/1407/609 505/1409/503 515/1410/513
f 395/1411/393 536/1412/534 538/1413/536
f 395/1411/393 538/1413/536 397/1414/395
f 613/1415/610 614/1416/611 615/1417/612
f 616/1418/613 614/1419/611 613/1420/610
f 616/1418/613 613/1420/610 617/1421/614
f 617/1421/614 613/1420/610 618/1422/615
f 616/1418/613 617/1421/614 619/1423/616
f 617/1421/614 618/1422/615 596/1424/593
f 619/1423/616 617/1421/614 620/1425/617
f 620/1425/617 617/1421/614 596/1424/593
f 619/1423/616 620/1425/617 523/1426/521
f 619/1423/616 523/1426/521 515/1427/513
f 620/1425/617 596/1424/593 621/1428/618
f 620/1425/617 621/1428/618 523/1426/521
f 621/1428/618 596/1424/593 538/1429/536
f 523/1426/521 621/1428/618 524/1430/522
f 519/1431/517 502/1432/500 536/1433/534
f 502/1432/500 519/1431/517 516/1434/514
f 502/1432/500 516/1434/514 504/1435/502
f 519/1431/517 536/1433/534 622/1436/619
f 622/1436/619 536/1433/534 515/1437/513
f 622/1436/619 515/1437/513 524/1438/522
f 535/1439/533 623/1440/620 536/1441/534
f 536/1441/534 623/1440/620 598/1442/595
f 536/1441/534 598/1442/595 538/1443/536
f 598/1442/595 623/1440/620 596/1444/593
f 596/1444/593 623/1440/620 538/1445/536
f 538/1445/536 623/1440/620 537/1446/535
f 598/1447/595 599/1448/596 538/1449/536
f 538/1449/536 599/1448/596 624/1450/621
f 624/1450/621 599/1448/596 600/1451/597
f 624/1450/621 600/1451/597 601/1452/598
f 624/1450/621 601/1452/598 625/1453/622
f 625/1453/622 601/1452/598 602/1454/599
f 625/1453/622 602/1454/599 626/1455/623
f 626/1455/623 602/1454/599 576/1456/573
f 626/1455/623 576/1456/573 575/1457/572
f 627/1458/624 534/1459/532 537/1460/535
f 627/1458/624 537/1460/535 628/1461/625
f 615/1462/612 614/1463/611 618/1464/615
f 615/1462/612 618/1464/615 613/1465/610
f 614/1466/611 629/1467/626 618/1468/615
f 618/1468/615 629/1467/626 596/1469/593
f 629/1467/626 614/1466/611 616/1470/613
f 629/1467/626 616/1470/613 630/1471/627
f 630/1471/627 616/1470/613 619/1472/616
f 629/1467/626 630/1471/627 631/1473/628
f 596/1469/593 629/1467/626 632/1474/629
f 632/1474/629 629/1467/626 631/1473/628
f 596/1469/593 632/1474/629 597/1475/594
f 632/1474/629 631/1473/628 633/1476/630
f 632/1474/629 633/1476/630 597/1475/594
f 633/1476/630 631/1473/628 634/1477/631
f 597/1475/594 633/1476/630 606/1478/603
f 606/1478/603 633/1476/630 634/1477/631
f 607/1479/604 635/1480/632 636/1481/633
f 607/1479/604 636/1481/633 604/1482/601
f 635/1480/632 607/1479/604 606/1483/603
f 604/1482/601 636/1481/633 576/1484/573
f 604/1482/601 576/1484/573 602/1485/599
f 576/1484/573 636/1481/633 637/1486/634
f 637/1486/634 636/1481/633 635/1480/632
f 635/1480/632 606/1483/603 634/1487/631
f 637/1486/634 635/1480/632 638/1488/635
f 638/1488/635 635/1480/632 634/1487/631
f 637/1486/634 638/1488/635 639/1489/636
f 638/1488/635 634/1487/631 640/1490/637
f 640/1490/637 634/1487/631 641/1491/638
f 638/1488/635 640/1490/637 642/1492/639
f 638/1488/635 642/1492/639 639/1489/636
f 639/1489/636 642/1492/639 643/1493/640
f 643/1493/640 642/1492/639 644/1494/641
f 645/1495/642 646/1496/643 647/1497/644
f 646/1496/643 645/1495/642 418/1498/416
f 645/1495/642 647/1497/644 648/1499/645
f 648/1499/645 647/1497/644 573/1500/570
f 418/1498/416 645/1495/642 452/1501/450
f 452/1501/450 645/1495/642 648/1499/645
f 418/1498/416 452/1501/450 450/1502/448
f 452/1501/450 648/1499/645 649/1503/646
f 452/1501/450 649/1503/646 569/1504/566
f 418/1505/416 414/1506/412 416/1507/414
f 418/1505/416 416/1507/414 650/1508/647
f 650/1508/647 416/1507/414 605/1509/602
f 650/1508/647 605/1509/602 651/1510/648
f 605/1509/602 416/1507/414 577/1511/574
f 577/1511/574 416/1507/414 426/1512/424
f 418/1513/416 650/1514/647 646/1515/643
f 646/1515/643 650/1514/647 652/1516/649
f 652/1516/649 650/1514/647 643/1517/640
f 646/1515/643 652/1516/649 575/1518/572
f 646/1515/643 575/1518/572 574/1519/571
f 575/1518/572 652/1516/649 626/1520/623
f 426/1521/424 416/1522/414 653/1523/650
f 653/1523/650 416/1522/414 410/1524/408
f 653/1523/650 410/1524/408 426/1521/424
f 410/1525/408 416/1526/414 409/1527/407
f 409/1527/407 416/1526/414 415/1528/413
f 654/1529/651 483/1530/481 655/1531/652
f 654/1529/651 655/1531/652 656/1532/653
f 656/1532/653 655/1531/652 483/1530/481
f 656/1532/653 483/1530/481 480/1533/478
f 444/1534/442 478/1535/476 480/1536/478
f 480/1536/478 478/1535/476 654/1537/651
f 480/1536/478 654/1537/651 656/1538/653
f 654/1537/651 478/1535/476 483/1539/481
f 647/1540/644 646/1541/643 657/1542/654
f 657/1542/654 646/1541/643 574/1543/571
f 649/1544/646 658/1545/655 569/1546/566
f 659/1547/656 658/1548/655 649/1549/646
f 658/1548/655 659/1547/656 589/1550/586
f 659/1547/656 649/1549/646 660/1551/657
f 659/1547/656 660/1551/657 589/1550/586
f 648/1552/645 660/1553/657 649/1554/646
f 661/1555/658 610/1556/607 609/1557/606
f 610/1556/607 661/1555/658 605/1558/602
f 605/1558/602 661/1555/658 604/1559/601
f 604/1559/601 661/1555/658 609/1557/606
f 604/1559/601 609/1557/606 607/1560/604
f 570/1561/567 662/1562/659 571/1563/568
f 662/1562/659 570/1561/567 663/1564/660
f 571/1563/568 662/1562/659 664/1565/661
f 571/1563/568 664/1565/661 665/1566/662
f 573/1567/570 555/1568/553 585/1569/582
f 573/1567/570 585/1569/582 588/1570/585
f 657/1571/654 573/1572/570 647/1573/644
f 605/1574/602 576/1575/573 637/1576/634
f 605/1574/602 637/1576/634 651/1577/648
f 651/1577/648 637/1576/634 639/1578/636
f 651/1577/648 639/1578/636 643/1579/640
f 651/1580/648 643/1581/640 650/1582/647
f 666/1583/663 667/1584/664 668/1585/665
f 668/1585/665 667/1584/664 644/1586/641
f 667/1584/664 666/1583/663 669/1587/666
f 644/1586/641 667/1584/664 670/1588/667
f 670/1588/667 667/1584/664 669/1587/666
f 512/1589/510 526/1590/524 528/1591/526
f 526/1590/524 512/1589/510 671/1592/668
f 512/1589/510 528/1591/526 521/1593/519
f 522/1594/520 521/1595/519 672/1596/669
f 522/1594/520 672/1596/669 673/1597/670
f 672/1596/669 521/1595/519 674/1598/671
f 672/1596/669 674/1598/671 673/1597/670
f 674/1598/671 521/1595/519 529/1599/527
f 522/1594/520 673/1597/670 675/1600/672
f 675/1600/672 673/1597/670 674/1598/671
f 522/1594/520 675/1600/672 524/1601/522
f 675/1600/672 674/1598/671 676/1602/673
f 676/1602/673 674/1598/671 529/1599/527
f 676/1602/673 529/1599/527 677/1603/674
f 677/1604/674 529/1605/527 678/1606/675
f 677/1604/674 678/1606/675 679/1607/676
f 680/1608/677 527/1609/525 506/1610/504
f 680/1608/677 506/1610/504 493/1611/491
f 680/1608/677 493/1611/491 495/1612/493
f 680/1608/677 495/1612/493 681/1613/678
f 681/1613/678 495/1612/493 510/1614/508
f 680/1615/677 518/1616/516 527/1617/525
f 682/1618/679 527/1619/525 518/1620/516
f 682/1618/679 518/1620/516 520/1621/518
f 682/1618/679 520/1621/518 519/1622/517
f 682/1618/679 519/1622/517 683/1623/680
f 683/1623/680 519/1622/517 622/1624/619
f 527/1619/525 682/1618/679 529/1625/527
f 529/1625/527 682/1618/679 684/1626/681
f 529/1625/527 684/1626/681 685/1627/682
f 529/1625/527 685/1627/682 679/1628/676
f 529/1625/527 679/1628/676 678/1629/675
f 686/1630/683 687/1631/684 688/1632/685
f 686/1630/683 688/1632/685 689/1633/686
f 630/1634/627 619/1635/616 690/1636/687
f 630/1634/627 690/1636/687 631/1637/628
f 515/1638/513 524/1639/522 619/1635/616
f 619/1635/616 524/1639/522 690/1636/687
f 631/1637/628 690/1636/687 691/1640/688
f 631/1637/628 691/1640/688 641/1641/638
f 641/1641/638 691/1640/688 690/1636/687
f 690/1636/687 524/1639/522 621/1642/618
f 690/1636/687 621/1642/618 641/1641/638
f 641/1641/638 621/1642/618 692/1643/689
f 692/1643/689 621/1642/618 624/1644/621
f 624/1644/621 621/1642/618 538/1645/536
f 692/1643/689 624/1644/621 693/1646/690
f 693/1646/690 624/1644/621 694/1647/691
f 693/1646/690 694/1647/691 692/1643/689
f 694/1647/691 624/1644/621 625/1648/622
f 692/1643/689 694/1647/691 695/1649/692
f 695/1649/692 694/1647/691 625/1648/622
f 695/1649/692 625/1648/622 626/1650/623
f 695/1649/692 626/1650/623 665/1651/662
f 665/1651/662 626/1650/623 643/1652/640
f 665/1651/662 643/1652/640 657/1653/654
f 657/1653/654 643/1652/640 696/1654/693
f 535/1655/533 622/1656/619 623/1657/620
f 622/1656/619 535/1655/533 683/1658/680
f 683/1658/680 535/1655/533 697/1659/694
f 697/1659/694 535/1655/533 534/1660/532
f 697/1659/694 534/1660/532 627/1661/624
f 526/1662/524 671/1663/668 525/1664/523
f 525/1664/523 671/1663/668 512/1665/510
f 698/1666/695 530/1667/528 531/1668/529
f 698/1666/695 531/1668/529 699/1669/696
f 699/1669/696 531/1668/529 700/1670/697
f 700/1670/697 531/1668/529 532/1671/530
f 700/1670/697 532/1671/530 701/1672/698
f 702/1673/699 698/1674/695 699/1675/696
f 698/1674/695 702/1673/699 530/1676/528
f 530/1676/528 702/1673/699 703/1677/700
f 703/1677/700 702/1673/699 699/1675/696
f 703/1677/700 699/1675/696 704/1678/701
f 704/1678/701 699/1675/696 700/1679/697
f 703/1677/700 704/1678/701 544/1680/542
f 704/1678/701 700/1679/697 701/1681/698
f 532/1682/530 544/1680/542 701/1681/698
f 704/1678/701 701/1681/698 705/1683/702
f 704/1678/701 705/1683/702 544/1680/542
f 544/1680/542 705/1683/702 701/1681/698
f 533/1684/531 495/1685/493 494/1686/492
f 533/1687/531 509/1688/507 510/1689/508
f 509/1688/507 533/1687/531 541/1690/539
f 533/1691/531 510/1692/508 495/1693/493
f 542/1694/540 706/1695/703 707/1696/704
f 707/1696/704 706/1695/703 708/1697/705
f 707/1696/704 708/1697/705 543/1698/541
f 543/1698/541 708/1697/705 709/1699/706
f 709/1700/706 542/1701/540 541/1702/539
f 706/1703/703 542/1704/540 708/1705/705
f 623/1706/620 628/1707/625 537/1708/535
f 628/1707/625 623/1706/620 622/1709/619
f 631/1710/628 641/1711/638 634/1712/631
f 676/1713/673 677/1714/674 710/1715/707
f 710/1715/707 677/1714/674 711/1716/708
f 711/1716/708 677/1714/674 679/1717/676
f 711/1718/708 712/1719/709 710/1720/707
f 710/1720/707 712/1719/709 713/1721/710
f 712/1719/709 711/1718/708 714/1722/711
f 714/1722/711 711/1718/708 679/1723/676
f 714/1722/711 679/1723/676 685/1724/682
f 712/1719/709 714/1722/711 715/1725/712
f 712/1719/709 715/1725/712 713/1721/710
f 715/1725/712 714/1722/711 685/1724/682
f 713/1721/710 715/1725/712 684/1726/681
f 684/1726/681 715/1725/712 685/1724/682
f 676/1727/673 684/1728/681 675/1729/672
f 710/1730/707 713/1731/710 676/1727/673
f 676/1727/673 713/1731/710 684/1728/681
f 716/1732/664 684/1728/681 682/1733/679
f 684/1728/681 716/1732/664 717/1734/713
f 684/1728/681 717/1734/713 718/1735/714
f 684/1728/681 718/1735/714 675/1729/672
f 675/1729/672 718/1735/714 524/1736/522
f 524/1736/522 718/1735/714 622/1737/619
f 622/1737/619 718/1735/714 689/1738/686
f 622/1737/619 689/1738/686 719/1739/715
f 622/1737/619 719/1739/715 720/1740/716
f 719/1739/715 689/1738/686 688/1741/685
f 719/1739/715 688/1741/685 687/1742/684
f 719/1739/715 687/1742/684 721/1743/717
f 682/1744/679 722/1745/718 716/1746/664
f 723/1747/719 722/1745/718 724/1748/720
f 722/1745/718 723/1747/719 725/1749/721
f 722/1745/718 725/1749/721 726/1750/722
f 722/1745/718 726/1750/722 716/1746/664
f 716/1746/664 726/1750/722 727/1751/723
f 727/1751/723 726/1750/722 728/1752/724
f 727/1751/723 728/1752/724 729/1753/725
f 727/1751/723 729/1753/725 730/1754/726
f 727/1751/723 730/1754/726 731/1755/727
f 727/1751/723 731/1755/727 716/1746/664
f 716/1746/664 731/1755/727 732/1756/728
f 718/1757/714 733/1758/729 689/1759/686
f 733/1758/729 718/1757/714 734/1760/730
f 734/1760/730 718/1757/714 735/1761/731
f 734/1760/730 735/1761/731 736/1762/732
f 736/1762/732 735/1761/731 720/1763/716
f 736/1762/732 720/1763/716 721/1764/717
f 736/1762/732 721/1764/717 737/1765/733
f 737/1765/733 721/1764/717 733/1766/729
f 733/1766/729 721/1764/717 689/1767/686
f 518/1768/516 680/1769/677 725/1770/721
f 518/1768/516 725/1770/721 540/1771/538
f 725/1770/721 680/1769/677 738/1772/734
f 540/1771/538 725/1770/721 723/1773/719
f 540/1771/538 723/1773/719 539/1774/537
f 539/1774/537 723/1773/719 739/1775/735
f 539/1774/537 739/1775/735 533/1776/531
f 533/1776/531 739/1775/735 541/1777/539
f 541/1777/539 739/1775/735 709/1778/706
f 738/1772/734 680/1769/677 681/1779/678
f 738/1772/734 681/1779/678 740/1780/736
f 740/1780/736 681/1779/678 510/1781/508
f 738/1772/734 740/1780/736 741/1782/737
f 741/1782/737 740/1780/736 510/1781/508
f 741/1782/737 510/1781/508 530/1783/528
f 741/1782/737 530/1783/528 742/1784/738
f 742/1784/738 530/1783/528 703/1785/700
f 743/1786/739 683/1787/680 697/1788/694
f 683/1787/680 743/1786/739 735/1789/731
f 683/1787/680 735/1789/731 744/1790/740
f 744/1790/740 735/1789/731 718/1791/714
f 683/1787/680 744/1790/740 722/1792/718
f 744/1790/740 718/1791/714 717/1793/713
f 722/1792/718 744/1790/740 745/1794/741
f 745/1794/741 744/1790/740 717/1793/713
f 722/1795/718 682/1796/679 683/1797/680
f 720/1798/716 628/1799/625 622/1800/619
f 628/1799/625 720/1798/716 627/1801/624
f 627/1801/624 720/1798/716 735/1802/731
f 627/1801/624 735/1802/731 697/1803/694
f 746/1804/742 747/1805/743 748/1806/744
f 692/1807/689 748/1808/744 720/1809/716
f 748/1808/744 692/1807/689 749/1810/745
f 749/1810/745 692/1807/689 695/1811/692
f 749/1810/745 695/1811/692 664/1812/661
f 664/1812/661 695/1811/692 665/1813/662
f 692/1807/689 720/1809/716 641/1814/638
f 641/1814/638 720/1809/716 750/1815/746
f 750/1815/746 720/1809/716 719/1816/715
f 750/1815/746 719/1816/715 751/1817/747
f 750/1815/746 751/1817/747 641/1814/638
f 641/1814/638 751/1817/747 752/1818/748
f 641/1814/638 752/1818/748 640/1819/637
f 640/1819/637 752/1818/748 753/1820/749
f 640/1819/637 753/1820/749 642/1821/639
f 721/1822/717 720/1823/716 748/1824/744
f 721/1822/717 748/1824/744 754/1825/750
f 754/1825/750 748/1824/744 755/1826/751
f 721/1822/717 754/1825/750 751/1827/747
f 721/1822/717 751/1827/747 719/1828/715
f 751/1827/747 754/1825/750 752/1829/748
f 752/1829/748 754/1825/750 753/1830/749
f 753/1830/749 754/1825/750 755/1826/751
f 753/1830/749 755/1826/751 756/1831/752
f 756/1831/752 755/1826/751 664/1832/661
f 753/1830/749 756/1831/752 757/1833/753
f 748/1834/744 747/1835/743 758/1836/754
f 748/1834/744 758/1836/754 759/1837/755
f 748/1834/744 759/1837/755 755/1838/751
f 759/1837/755 758/1836/754 760/1839/756
f 755/1838/751 759/1837/755 749/1840/745
f 749/1840/745 759/1837/755 760/1839/756
f 755/1838/751 749/1840/745 664/1841/661
f 749/1840/745 760/1839/756 761/1842/757
f 547/1843/545 549/1844/547 762/1845/758
f 762/1845/758 549/1844/547 763/1846/759
f 763/1846/759 549/1844/547 557/1847/555
f 763/1846/759 557/1847/555 553/1848/551
f 584/1849/581 459/1850/457 543/1851/541
f 459/1850/457 584/1849/581 532/1852/530
f 553/1853/551 554/1854/552 764/1855/760
f 764/1856/760 763/1857/759 553/1858/551
f 584/1859/581 544/1860/542 532/1861/530
f 708/1862/705 709/1863/706 542/1864/540
f 554/1865/552 584/1866/581 764/1867/760
f 764/1867/760 584/1866/581 765/1868/761
f 765/1868/761 584/1866/581 709/1869/706
f 709/1869/706 584/1866/581 543/1870/541
f 663/1871/660 570/1872/567 572/1873/569
f 663/1871/660 572/1873/569 766/1874/762
f 766/1874/762 572/1873/569 660/1875/657
f 660/1875/657 572/1873/569 573/1876/570
f 767/1877/763 591/1878/588 587/1879/584
f 591/1878/588 767/1877/763 592/1880/589
f 592/1880/589 767/1877/763 586/1881/583
f 592/1880/589 586/1881/583 768/1882/764
f 767/1883/763 587/1884/584 551/1885/549
f 551/1885/549 587/1884/584 549/1886/547
f 767/1883/763 551/1885/549 586/1887/583
f 585/1888/582 569/1889/566 658/1890/655
f 769/1891/765 585/1892/582 658/1893/655
f 585/1892/582 769/1891/765 588/1894/585
f 571/1895/568 665/1896/662 574/1897/571
f 626/1898/623 652/1899/649 643/1900/640
f 574/1901/571 665/1902/662 657/1903/654
f 573/1904/570 660/1905/657 648/1906/645
f 573/1907/570 657/1908/654 766/1907/762
f 770/1909/766 589/1910/586 660/1911/657
f 770/1909/766 660/1911/657 670/1912/667
f 771/1913/767 669/1914/666 666/1915/663
f 771/1913/767 666/1915/663 668/1916/665
f 703/1917/700 544/1918/542 772/1919/768
f 703/1917/700 772/1919/768 742/1920/738
f 772/1919/768 544/1918/542 583/1921/580
f 772/1919/768 583/1921/580 773/1922/769
f 773/1922/769 583/1921/580 547/1923/545
f 773/1922/769 547/1923/545 762/1924/758
f 773/1922/769 762/1924/758 774/1925/770
f 773/1922/769 774/1925/770 775/1926/771
f 775/1926/771 774/1925/770 776/1927/772
f 776/1927/772 774/1925/770 777/1928/773
f 774/1925/770 762/1924/758 763/1929/759
f 777/1928/773 774/1925/770 778/1930/774
f 778/1930/774 774/1925/770 763/1929/759
f 778/1930/774 763/1929/759 764/1931/760
f 778/1930/774 764/1931/760 765/1932/761
f 779/1933/775 588/1934/585 593/1935/590
f 779/1933/775 593/1935/590 780/1936/776
f 588/1934/585 779/1933/775 781/1937/777
f 588/1934/585 781/1937/777 766/1938/762
f 781/1937/777 779/1933/775 782/1939/778
f 766/1938/762 781/1937/777 663/1940/660
f 781/1937/777 782/1939/778 783/1941/79
f 781/1937/777 783/1941/79 663/1940/660
f 663/1940/660 783/1941/79 662/1942/659
f 662/1942/659 783/1941/79 664/1943/661
f 664/1943/661 783/1941/79 756/1944/752
f 768/1945/764 593/1946/590 777/1947/773
f 768/1945/764 777/1947/773 779/1948/775
f 768/1945/764 779/1948/775 780/1949/776
f 779/1948/775 777/1947/773 778/1950/774
f 779/1948/775 778/1950/774 784/1951/779
f 779/1948/775 784/1951/779 782/1952/778
f 782/1952/778 784/1951/779 785/1953/780
f 785/1953/780 784/1951/779 786/1954/781
f 785/1953/780 786/1954/781 787/1955/782
f 782/1952/778 785/1953/780 788/1956/783
f 788/1956/783 785/1953/780 789/1957/784
f 782/1952/778 788/1956/783 790/1958/785
f 790/1958/785 788/1956/783 791/1959/786
f 776/1960/772 777/1961/773 792/1962/787
f 792/1962/787 777/1961/773 793/1963/788
f 793/1963/788 777/1961/773 794/1964/789
f 794/1964/789 777/1961/773 593/1965/590
f 794/1964/789 593/1965/590 780/1966/776
f 793/1963/788 794/1964/789 795/1967/790
f 795/1967/790 794/1964/789 796/1968/791
f 795/1967/790 796/1968/791 797/1969/792
f 793/1963/788 795/1967/790 798/1970/793
f 793/1963/788 798/1970/793 792/1962/787
f 798/1970/793 795/1967/790 797/1969/792
f 792/1962/787 798/1970/793 799/1971/794
f 798/1970/793 797/1969/792 800/1972/795
f 798/1970/793 800/1972/795 799/1971/794
f 799/1971/794 800/1972/795 789/1973/784
f 787/1974/782 786/1975/781 792/1976/787
f 792/1976/787 786/1975/781 776/1977/772
f 789/1978/784 787/1974/782 770/1979/766
f 770/1979/766 787/1974/782 589/1980/586
f 589/1980/586 787/1974/782 792/1976/787
f 589/1980/586 792/1976/787 768/1981/764
f 589/1980/586 768/1981/764 586/1982/583
f 768/1981/764 792/1976/787 799/1983/794
f 593/1984/590 592/1985/589 768/1986/764
f 588/1987/585 658/1988/655 589/1989/586
f 780/1990/776 801/1991/796 794/1992/789
f 794/1992/789 801/1991/796 796/1993/791
f 801/1991/796 780/1990/776 800/1994/795
f 796/1995/791 801/1996/796 797/1997/792
f 797/1997/792 801/1996/796 800/1998/795
f 800/1999/795 780/2000/776 770/2001/766
f 770/2001/766 780/2000/776 799/2002/794
f 800/1999/795 770/2001/766 789/2003/784
f 588/2004/585 766/2005/762 573/2005/570
f 696/2006/693 766/2007/762 657/2008/654
f 766/2007/762 696/2006/693 670/2009/667
f 670/2009/667 696/2006/693 644/2010/641
f 644/2010/641 696/2006/693 643/2011/640
f 670/2012/667 660/1874/657 766/1875/762
f 644/2013/641 642/2014/639 757/2015/753
f 757/2015/753 642/2014/639 753/2016/749
f 644/2013/641 757/2015/753 668/2017/665
f 668/2017/665 757/2015/753 802/2018/797
f 668/2017/665 802/2018/797 771/2019/767
f 771/2019/767 802/2018/797 803/2020/798
f 771/2019/767 803/2020/798 799/2021/794
f 799/2021/794 803/2020/798 804/2022/799
f 748/2023/744 749/2024/745 746/2025/742
f 746/2025/742 749/2024/745 747/2026/743
f 747/2026/743 749/2024/745 805/2027/800
f 747/2026/743 805/2027/800 758/2028/754
f 805/2027/800 749/2024/745 761/2029/757
f 806/2030/801 783/2031/79 782/2032/778
f 806/2030/801 782/2032/778 790/2033/785
f 783/2031/79 806/2030/801 807/2034/802
f 783/2031/79 807/2034/802 808/2035/803
f 783/2031/79 808/2035/803 756/2036/752
f 756/2036/752 808/2035/803 809/2037/804
f 756/2036/752 809/2037/804 802/2038/797
f 756/2036/752 802/2038/797 757/2039/753
f 802/2038/797 809/2037/804 810/2040/805
f 802/2038/797 810/2040/805 803/2041/798
f 803/2041/798 810/2040/805 811/2042/806
f 803/2041/798 811/2042/806 804/2043/799
f 804/2043/799 811/2042/806 789/2044/784
f 804/2043/799 789/2044/784 799/2045/794
f 799/2046/794 669/2047/666 771/2048/767
f 669/2047/666 799/2046/794 770/2049/766
f 669/2047/666 770/2049/766 670/2050/667
f 768/2051/764 799/2052/794 780/2053/776
f 789/2054/784 785/2055/780 787/2056/782
f 730/2057/726 729/2058/725 812/2059/807
f 730/2057/726 812/2059/807 731/2060/727
f 812/2059/807 729/2058/725 728/2061/724
f 812/2059/807 728/2061/724 731/2060/727
f 731/2060/727 728/2061/724 732/2062/728
f 732/2062/728 728/2061/724 726/2063/722
f 725/2064/721 738/2065/734 726/2066/722
f 726/2066/722 738/2065/734 813/2067/808
f 732/2068/728 726/2069/722 814/2070/809
f 741/2071/737 813/2072/808 738/2073/734
f 813/2072/808 741/2071/737 815/2074/810
f 815/2074/810 741/2071/737 816/2075/811
f 815/2074/810 816/2075/811 817/2076/812
f 817/2076/812 816/2075/811 818/2077/813
f 816/2075/811 741/2071/737 819/2078/814
f 819/2078/814 741/2071/737 820/2079/815
f 820/2079/815 741/2071/737 742/2080/738
f 820/2079/815 742/2080/738 819/2078/814
f 819/2078/814 742/2080/738 772/2081/768
f 819/2078/814 772/2081/768 773/2082/769
f 819/2078/814 773/2082/769 775/2083/771
f 814/2084/809 726/2085/722 813/2086/808
f 814/2084/809 813/2086/808 821/2087/816
f 821/2087/816 813/2086/808 822/2088/817
f 814/2084/809 821/2087/816 823/2089/818
f 823/2089/818 821/2087/816 824/2090/819
f 825/2091/820 732/2092/728 814/2093/809
f 732/2092/728 825/2091/820 826/2094/821
f 825/2091/820 814/2093/809 827/2095/822
f 827/2095/822 814/2093/809 828/2096/823
f 825/2091/820 827/2095/822 824/2097/819
f 827/2095/822 828/2096/823 829/2098/824
f 827/2095/822 829/2098/824 824/2097/819
f 823/2099/818 828/2100/823 814/2101/809
f 825/2102/820 824/2103/819 821/2104/816
f 825/2102/820 821/2104/816 830/2105/825
f 830/2105/825 821/2104/816 831/2106/826
f 831/2106/826 821/2104/816 815/2107/810
f 815/2107/810 821/2104/816 822/2108/817
f 815/2107/810 822/2108/817 813/2109/808
f 830/2105/825 831/2106/826 832/2110/827
f 830/2105/825 832/2110/827 833/2111/828
f 832/2110/827 831/2106/826 834/2112/829
f 833/2111/828 832/2110/827 835/2113/830
f 835/2113/830 832/2110/827 834/2112/829
f 826/2114/821 716/2115/664 732/2116/728
f 716/2115/664 826/2114/821 717/2117/713
f 717/2117/713 826/2114/821 836/2118/831
f 836/2118/831 826/2114/821 837/2119/832
f 836/2118/831 837/2119/832 838/2120/833
f 717/2117/713 836/2118/831 745/2121/741
f 745/2121/741 836/2118/831 839/2122/834
f 839/2122/834 836/2118/831 840/2123/835
f 745/2121/741 839/2122/834 841/2124/836
f 745/2121/741 841/2124/836 722/2125/718
f 722/2125/718 841/2124/836 724/2126/720
f 724/2126/720 841/2124/836 842/2127/837
f 842/2127/837 841/2124/836 839/2122/834
f 842/2127/837 839/2122/834 843/2128/838
f 844/2129/839 733/2130/729 734/2131/730
f 844/2129/839 734/2131/730 845/2132/840
f 844/2129/839 845/2132/840 846/2133/841
f 844/2129/839 846/2133/841 847/2134/842
f 847/2134/842 846/2133/841 848/2135/843
f 846/2133/841 845/2132/840 849/2136/844
f 846/2133/841 849/2136/844 850/2137/845
f 845/2132/840 734/2131/730 851/2138/846
f 845/2132/840 851/2138/846 849/2136/844
f 851/2138/846 734/2131/730 736/2139/732
f 851/2138/846 736/2139/732 737/2140/733
f 851/2138/846 737/2140/733 849/2136/844
f 849/2136/844 737/2140/733 852/2141/847
f 849/2136/844 852/2141/847 853/2142/848
f 724/2143/720 739/2144/735 723/2145/719
f 739/2144/735 724/2143/720 842/2146/837
f 739/2144/735 842/2146/837 854/2147/849
f 739/2144/735 854/2147/849 709/2148/706
f 854/2147/849 842/2146/837 855/2149/850
f 855/2149/850 842/2146/837 843/2150/838
f 758/2151/754 805/2152/800 852/2153/847
f 758/2151/754 852/2153/847 856/2154/851
f 856/2154/851 852/2153/847 857/2155/852
f 856/2154/851 857/2155/852 858/2156/853
f 858/2156/853 857/2155/852 859/2157/854
f 758/2151/754 856/2154/851 860/2158/855
f 860/2158/855 856/2154/851 858/2156/853
f 758/2151/754 860/2158/855 760/2159/756
f 860/2158/855 858/2156/853 861/2160/856
f 760/2159/756 860/2158/855 761/2161/757
f 761/2161/757 860/2158/855 861/2160/856
f 837/2162/832 826/2163/821 825/2164/820
f 830/2165/825 836/2166/831 825/2167/820
f 825/2167/820 836/2166/831 838/2168/833
f 838/2169/833 825/2170/820 837/2171/832
f 824/2172/819 829/2173/824 823/2174/818
f 823/2174/818 829/2173/824 828/2175/823
f 817/2176/812 862/2177/857 815/2178/810
f 862/2177/857 817/2176/812 818/2179/813
f 863/2180/858 836/2181/831 830/2182/825
f 863/2180/858 830/2182/825 833/2183/828
f 836/2181/831 863/2180/858 840/2184/835
f 863/2180/858 833/2183/828 864/2185/859
f 863/2180/858 864/2185/859 840/2184/835
f 840/2184/835 864/2185/859 865/2186/860
f 865/2186/860 864/2185/859 866/2187/861
f 840/2184/835 865/2186/860 867/2188/862
f 867/2188/862 865/2186/860 868/2189/863
f 869/2190/864 815/2191/810 862/2192/857
f 815/2191/810 869/2190/864 831/2193/826
f 869/2190/864 862/2192/857 818/2194/813
f 831/2193/826 869/2190/864 870/2195/865
f 869/2190/864 818/2194/813 871/2196/866
f 869/2190/864 871/2196/866 870/2195/865
f 870/2195/865 871/2196/866 872/2197/867
f 873/2198/868 855/2199/850 874/2200/869
f 874/2200/869 855/2199/850 875/2201/870
f 874/2200/869 875/2201/870 873/2198/868
f 875/2201/870 855/2199/850 843/2202/838
f 875/2201/870 843/2202/838 835/2203/830
f 835/2203/830 843/2202/838 833/2204/828
f 875/2201/870 835/2203/830 834/2205/829
f 875/2201/870 834/2205/829 831/2206/826
f 875/2201/870 831/2206/826 873/2198/868
f 873/2198/868 831/2206/826 870/2207/865
f 873/2198/868 870/2207/865 876/2208/871
f 876/2208/871 870/2207/865 877/2209/872
f 878/2210/873 879/2211/874 880/2212/875
f 878/2210/873 880/2212/875 881/2213/876
f 881/2214/876 879/2215/874 878/2216/873
f 879/2215/874 881/2214/876 880/2217/875
f 867/2218/862 839/2219/834 840/2220/835
f 839/2219/834 867/2218/862 882/2221/877
f 839/2219/834 882/2221/877 843/2222/838
f 843/2222/838 882/2221/877 883/2223/878
f 843/2222/838 883/2223/878 884/2224/879
f 843/2222/838 884/2224/879 833/2225/828
f 855/2226/850 873/2227/868 885/2228/880
f 885/2228/880 873/2227/868 876/2229/871
f 885/2228/880 876/2229/871 886/2230/881
f 885/2228/880 886/2230/881 887/2231/882
f 886/2230/881 876/2229/871 888/2232/883
f 888/2232/883 876/2229/871 877/2233/872
f 889/2234/884 833/2235/828 884/2236/879
f 833/2235/828 889/2234/884 864/2237/859
f 864/2237/859 889/2234/884 866/2238/861
f 866/2238/861 889/2234/884 890/2239/885
f 889/2234/884 884/2236/879 865/2240/860
f 889/2234/884 865/2240/860 890/2239/885
f 865/2240/860 884/2236/879 891/2241/886
f 890/2239/885 865/2240/860 892/2242/887
f 892/2242/887 865/2240/860 866/2243/861
f 893/2244/888 894/2245/889 895/2246/890
f 893/2244/888 895/2246/890 896/2247/891
f 894/2248/889 896/2249/891 895/2250/890
f 885/2251/880 854/2252/849 855/2253/850
f 854/2252/849 885/2251/880 897/2254/892
f 854/2252/849 897/2254/892 877/2255/872
f 877/2255/872 897/2254/892 888/2256/883
f 854/2252/849 877/2255/872 898/2257/893
f 898/2257/893 877/2255/872 899/2258/894
f 899/2258/894 877/2255/872 900/2259/895
f 900/2259/895 877/2255/872 901/2260/896
f 900/2259/895 901/2260/896 902/2261/897
f 902/2261/897 901/2260/896 903/2262/898
f 900/2259/895 902/2261/897 904/2263/899
f 900/2259/895 904/2263/899 905/2264/900
f 904/2263/899 902/2261/897 906/2265/901
f 907/2266/902 903/2262/898 906/2265/901
f 907/2266/902 906/2265/901 902/2261/897
f 907/2266/902 902/2261/897 903/2262/898
f 867/2267/862 908/2268/903 909/2269/904
f 909/2269/904 908/2268/903 882/2270/877
f 892/2271/887 866/2272/861 910/2273/905
f 910/2273/905 866/2272/861 890/2274/885
f 890/2275/885 892/2276/887 910/2277/905
f 911/2278/906 775/2279/771 776/2280/772
f 911/2278/906 776/2280/772 786/2281/781
f 911/2278/906 786/2281/781 912/2282/907
f 911/2278/906 912/2282/907 913/2283/908
f 913/2283/908 912/2282/907 914/2284/909
f 913/2283/908 914/2284/909 905/2285/900
f 911/2278/906 913/2283/908 915/2286/910
f 915/2286/910 913/2283/908 905/2285/900
f 911/2278/906 915/2286/910 916/2287/911
f 916/2287/911 915/2286/910 905/2285/900
f 916/2287/911 905/2285/900 872/2288/867
f 775/2289/771 871/2290/866 819/2291/814
f 819/2291/814 871/2290/866 816/2292/811
f 816/2292/811 871/2290/866 818/2293/813
f 871/2290/866 775/2289/771 917/2294/912
f 917/2294/912 775/2289/771 911/2295/906
f 871/2290/866 917/2294/912 872/2296/867
f 917/2294/912 911/2295/906 916/2297/911
f 872/2296/867 917/2294/912 918/2298/913
f 918/2298/913 917/2294/912 916/2297/911
f 918/2298/913 916/2297/911 872/2296/867
f 919/2299/914 920/2300/915 921/2301/916
f 921/2301/916 920/2300/915 922/2302/917
f 898/2303/893 765/2304/761 709/2305/706
f 898/2303/893 709/2305/706 854/2306/849
f 898/2307/893 899/2308/894 765/2309/761
f 765/2309/761 899/2308/894 923/2310/918
f 765/2309/761 923/2310/918 778/2311/774
f 923/2310/918 899/2308/894 924/2312/919
f 923/2310/918 924/2312/919 784/2313/779
f 784/2313/779 924/2312/919 912/2314/907
f 784/2313/779 912/2314/907 786/2315/781
f 912/2314/907 924/2312/919 914/2316/909
f 920/2317/915 919/2318/914 925/2319/920
f 925/2320/920 922/2321/917 920/2322/915
f 926/2323/921 791/2324/786 927/2325/922
f 926/2323/921 927/2325/922 928/2326/923
f 926/2323/921 928/2326/923 929/2327/924
f 930/2328/925 927/2329/922 791/2330/786
f 927/2329/922 930/2328/925 928/2331/923
f 928/2331/923 930/2328/925 929/2332/924
f 929/2332/924 930/2328/925 791/2330/786
f 929/2332/924 791/2330/786 788/2333/783
f 931/2334/926 932/2335/927 806/2336/801
f 806/2336/801 932/2335/927 929/2337/924
f 929/2337/924 932/2335/927 926/2338/921
f 931/2334/926 806/2336/801 790/2339/785
f 931/2334/926 790/2339/785 933/2340/928
f 923/2341/918 784/2342/779 778/2343/774
f 932/2344/927 933/2345/928 790/2346/785
f 932/2344/927 790/2346/785 926/2347/921
f 926/2347/921 790/2346/785 791/2348/786
f 811/2349/806 788/2350/783 789/2351/784
f 788/2350/783 811/2349/806 806/2352/801
f 788/2350/783 806/2352/801 929/2353/924
f 807/2354/802 806/2355/801 811/2356/806
f 807/2354/802 811/2356/806 934/2357/929
f 934/2357/929 811/2356/806 935/2358/930
f 934/2357/929 935/2358/930 936/2359/931
f 935/2358/930 811/2356/806 810/2360/805
f 936/2359/931 935/2358/930 937/2361/932
f 935/2358/930 810/2360/805 809/2362/804
f 937/2361/932 935/2358/930 938/2363/933
f 938/2363/933 935/2358/930 809/2362/804
f 937/2361/932 938/2363/933 861/2364/856
f 938/2363/933 809/2362/804 808/2365/803
f 861/2364/856 938/2363/933 939/2366/934
f 939/2366/934 938/2363/933 808/2365/803
f 939/2366/934 808/2365/803 807/2367/802
f 919/2368/914 921/2369/916 925/2370/920
f 925/2370/920 921/2369/916 922/2371/917
f 877/2372/872 870/2373/865 901/2374/896
f 901/2374/896 870/2373/865 872/2375/867
f 901/2374/896 872/2375/867 903/2376/898
f 903/2376/898 872/2375/867 904/2377/899
f 903/2376/898 904/2377/899 906/2378/901
f 904/2377/899 872/2375/867 905/2379/900
f 900/2380/895 905/2381/900 940/2382/935
f 900/2380/895 940/2382/935 941/2383/936
f 941/2383/936 940/2382/935 942/2384/937
f 941/2383/936 942/2384/937 943/2385/938
f 943/2385/938 942/2384/937 944/2386/939
f 899/2387/894 945/2388/940 924/2389/919
f 945/2388/940 899/2387/894 946/2390/941
f 899/2391/894 900/2392/895 947/2393/942
f 947/2393/942 900/2392/895 941/2394/936
f 899/2391/894 947/2393/942 946/2395/941
f 945/2396/940 948/2397/943 924/2398/919
f 924/2398/919 948/2397/943 949/2399/944
f 924/2398/919 949/2399/944 914/2400/909
f 914/2400/909 949/2399/944 941/2401/936
f 941/2401/936 949/2399/944 950/2402/945
f 941/2401/936 950/2402/945 947/2403/942
f 914/2400/909 941/2401/936 951/2404/946
f 951/2404/946 941/2401/936 943/2405/938
f 951/2404/946 943/2405/938 952/2406/947
f 952/2406/947 943/2405/938 953/2407/948
f 940/2408/935 905/2409/900 914/2410/909
f 940/2408/935 914/2410/909 951/2411/946
f 940/2408/935 951/2411/946 942/2412/937
f 942/2412/937 951/2411/946 952/2413/947
f 942/2412/937 952/2413/947 954/2414/949
f 933/2415/928 932/2416/927 931/2417/926
f 955/2418/950 956/2419/951 957/2420/952
f 956/2419/951 955/2418/950 958/2421/953
f 956/2419/951 958/2421/953 959/2422/954
f 953/2423/948 943/2424/938 944/2425/939
f 953/2423/948 944/2425/939 954/2426/949
f 953/2423/948 954/2426/949 952/2427/947
f 954/2426/949 944/2425/939 942/2428/937
f 960/2429/955 733/2430/729 844/2431/839
f 733/2430/729 960/2429/955 737/2432/733
f 737/2432/733 960/2429/955 852/2433/847
f 852/2433/847 960/2429/955 857/2434/852
f 960/2429/955 844/2431/839 847/2435/842
f 857/2434/852 960/2429/955 961/2436/956
f 961/2436/956 960/2429/955 847/2435/842
f 961/2436/956 847/2435/842 962/2437/957
f 963/2438/958 964/2439/959 965/2440/960
f 936/2441/931 963/2442/958 965/2443/960
f 936/2441/931 965/2443/960 934/2444/929
f 963/2442/958 936/2441/931 966/2445/961
f 963/2442/958 966/2445/961 967/2446/962
f 963/2442/958 967/2446/962 964/2447/959
f 964/2447/959 967/2446/962 968/2448/963
f 964/2449/959 969/2450/964 970/2451/965
f 969/2450/964 964/2449/959 968/2452/963
f 969/2453/964 971/2454/966 970/2455/965
f 971/2454/966 969/2453/964 972/2456/967
f 972/2456/967 969/2453/964 968/2457/963
f 970/2455/965 971/2454/966 973/2458/968
f 970/2455/965 973/2458/968 965/2459/960
f 970/2455/965 965/2459/960 964/2460/959
f 965/2459/960 973/2458/968 974/2461/969
f 975/2462/970 976/2463/971 977/2464/972
f 977/2464/972 976/2463/971 978/2465/973
f 977/2464/972 978/2465/973 979/2466/974
f 980/2467/975 977/2468/972 981/2469/976
f 981/2469/976 977/2468/972 979/2470/974
f 977/2471/972 982/2472/977 975/2473/970
f 982/2472/977 977/2471/972 980/2474/975
f 976/2475/971 975/2476/970 983/2477/803
f 976/2475/971 983/2477/803 978/2478/973
f 984/2479/978 981/2480/976 979/2481/974
f 985/2482/979 986/2483/980 987/2484/981
f 988/2485/982 989/2486/983 990/2487/984
f 988/2485/982 990/2487/984 991/2488/985
f 991/2488/985 990/2487/984 992/2489/986
f 988/2485/982 991/2488/985 984/2490/978
f 988/2485/982 984/2490/978 989/2486/983
f 989/2486/983 984/2490/978 979/2491/974
f 989/2486/983 979/2491/974 978/2492/973
f 993/2493/987 990/2494/984 989/2495/983
f 993/2493/987 989/2495/983 978/2496/973
f 993/2493/987 978/2496/973 983/2497/803
f 990/2494/984 993/2493/987 994/2498/988
f 990/2494/984 994/2498/988 992/2499/986
f 992/2499/986 994/2498/988 995/2500/989
f 992/2499/986 995/2500/989 991/2501/985
f 995/2500/989 994/2498/988 996/2502/990
f 993/2493/987 983/2497/803 997/2503/991
f 994/2498/988 993/2493/987 998/2504/992
f 994/2498/988 998/2504/992 996/2502/990
f 998/2504/992 993/2493/987 997/2503/991
f 996/2502/990 998/2504/992 999/2505/993
f 996/2502/990 999/2505/993 1000/2506/994
f 997/2503/991 983/2497/803 1001/2507/995
f 997/2503/991 1001/2507/995 998/2504/992
f 1001/2507/995 983/2497/803 975/2508/970
f 1001/2507/995 975/2508/970 982/2509/977
f 1001/2507/995 982/2509/977 980/2510/975
f 1001/2507/995 980/2510/975 962/2511/957
f 848/2512/843 999/2505/993 998/2504/992
f 848/2512/843 998/2504/992 1001/2507/995
f 848/2512/843 1001/2507/995 962/2511/957
f 999/2505/993 848/2512/843 1002/2513/996
f 848/2512/843 962/2511/957 847/2514/842
f 1003/2515/997 1004/2516/998 1005/2517/999
f 1005/2517/999 1004/2516/998 1006/2518/1000
f 1005/2517/999 1006/2518/1000 1007/2519/1001
f 1006/2518/1000 1004/2516/998 1008/2520/1002
f 1004/2516/998 1003/2515/997 1009/2521/1003
f 1004/2516/998 1009/2521/1003 1008/2520/1002
f 1008/2520/1002 1009/2521/1003 1010/2522/1004
f 1010/2522/1004 1009/2521/1003 1011/2523/1005
f 1009/2521/1003 1003/2515/997 1012/2524/1006
f 1009/2521/1003 1012/2524/1006 1013/2525/1007
f 1013/2525/1007 1012/2524/1006 1014/2526/1008
f 1009/2521/1003 1013/2525/1007 1015/2527/1009
f 1015/2527/1009 1013/2525/1007 1016/2528/1010
f 1015/2527/1009 1016/2528/1010 1017/2529/1011
f 1003/2530/997 1005/2531/999 1007/2532/1001
f 986/2533/980 1018/2534/1012 987/2535/981
f 987/2535/981 1018/2534/1012 1019/2536/1013
f 1018/2534/1012 986/2533/980 1020/2537/1014
f 1020/2537/1014 986/2533/980 985/2538/979
f 1020/2537/1014 985/2538/979 1012/2539/1006
f 1003/2540/997 1007/2541/1001 1021/2542/1015
f 1021/2542/1015 1007/2541/1001 1022/2543/1016
f 1021/2542/1015 1022/2543/1016 1018/2544/1012
f 1021/2542/1015 1018/2544/1012 1020/2545/1014
f 1021/2542/1015 1020/2545/1014 1003/2540/997
f 1003/2540/997 1020/2545/1014 1012/2546/1006
f 1023/2547/1017 805/2548/800 761/2549/757
f 805/2548/800 1023/2547/1017 853/2550/848
f 805/2548/800 853/2550/848 852/2551/847
f 1023/2547/1017 761/2549/757 939/2552/934
f 939/2552/934 761/2549/757 861/2553/856
f 1023/2547/1017 939/2552/934 1024/2554/1018
f 961/2555/956 859/2556/854 857/2557/852
f 859/2556/854 961/2555/956 984/2558/978
f 984/2558/978 961/2555/956 962/2559/957
f 984/2558/978 962/2559/957 981/2560/976
f 859/2556/854 984/2558/978 991/2561/985
f 859/2556/854 991/2561/985 1025/2562/1019
f 859/2556/854 1025/2562/1019 858/2563/853
f 1025/2562/1019 991/2561/985 1026/2564/1020
f 807/2565/802 934/2566/929 939/2567/934
f 939/2567/934 934/2566/929 974/2568/969
f 974/2568/969 934/2566/929 965/2569/960
f 939/2567/934 974/2568/969 1024/2570/1018
f 1027/2571/1021 937/2572/932 861/2573/856
f 980/2574/975 981/2575/976 962/2576/957
f 1028/2577/1022 1029/2578/1023 1030/2579/1024
f 1028/2577/1022 1030/2579/1024 1031/2580/1025
f 1028/2577/1022 1031/2580/1025 1032/2581/1026
f 1028/2577/1022 1032/2581/1026 1029/2578/1023
f 1029/2578/1023 1032/2581/1026 1033/2582/1027
f 1034/2583/1028 861/2584/856 858/2585/853
f 1034/2583/1028 858/2585/853 1025/2586/1019
f 1034/2583/1028 1025/2586/1019 1035/2587/1029
f 1034/2583/1028 1035/2587/1029 1036/2588/1030
f 861/2584/856 1034/2583/1028 966/2589/961
f 1034/2583/1028 1036/2588/1030 1037/2590/1031
f 966/2589/961 1034/2583/1028 985/2591/979
f 985/2591/979 1034/2583/1028 1037/2590/1031
f 966/2589/961 985/2591/979 967/2592/962
f 985/2591/979 1037/2590/1031 1012/2593/1006
f 968/2594/963 967/2595/962 987/2596/981
f 987/2596/981 967/2595/962 985/2597/979
f 987/2598/981 1019/2599/1013 968/2600/963
f 968/2601/963 1019/2602/1013 1038/2603/1032
f 1038/2603/1032 1019/2602/1013 1039/2604/1033
f 1038/2603/1032 1039/2604/1033 1040/2605/1034
f 968/2601/963 1038/2603/1032 972/2606/967
f 972/2606/967 1038/2603/1032 1041/2607/1035
f 1041/2607/1035 1038/2603/1032 1014/2608/1008
f 972/2606/967 1041/2607/1035 959/2609/954
f 972/2606/967 959/2609/954 971/2610/966
f 971/2610/966 959/2609/954 973/2611/968
f 1022/2612/1016 1007/2613/1001 1006/2614/1000
f 1022/2612/1016 1006/2614/1000 1042/2615/1036
f 1042/2615/1036 1006/2614/1000 1008/2616/1002
f 1022/2612/1016 1042/2615/1036 1016/2617/1010
f 1016/2617/1010 1042/2615/1036 1017/2618/1011
f 1022/2612/1016 1016/2617/1010 1018/2619/1012
f 1043/2620/1037 894/2621/889 893/2622/888
f 894/2621/889 1043/2620/1037 896/2623/891
f 848/2624/843 1043/2625/1037 893/2626/888
f 1043/2625/1037 848/2624/843 846/2627/841
f 1043/2625/1037 846/2627/841 850/2628/845
f 1043/2625/1037 850/2628/845 1044/2629/1038
f 1043/2625/1037 1044/2629/1038 1045/2630/1039
f 1043/2625/1037 1045/2630/1039 896/2631/891
f 896/2631/891 1045/2630/1039 1002/2632/996
f 1002/2632/996 1045/2630/1039 999/2633/993
f 1044/2629/1038 850/2628/845 1046/2634/1040
f 1046/2634/1040 850/2628/845 849/2635/844
f 1046/2634/1040 849/2635/844 853/2636/848
f 1046/2634/1040 853/2636/848 1037/2637/1031
f 1037/2637/1031 853/2636/848 1023/2638/1017
f 1044/2629/1038 1046/2634/1040 1047/2639/1041
f 1044/2629/1038 1047/2639/1041 1048/2640/1042
f 1046/2634/1040 1037/2637/1031 1049/2641/1043
f 1046/2634/1040 1049/2641/1043 1047/2639/1041
f 1049/2641/1043 1037/2637/1031 1036/2642/1030
f 1049/2641/1043 1036/2642/1030 1050/2643/1044
f 1047/2639/1041 1049/2641/1043 1051/2644/1045
f 1047/2639/1041 1051/2644/1045 1048/2640/1042
f 1048/2640/1042 1051/2644/1045 1052/2645/1046
f 1002/2646/996 893/2647/888 896/2648/891
f 893/2647/888 1002/2646/996 848/2649/843
f 973/2650/968 955/2651/950 958/2652/953
f 936/2653/931 937/2654/932 966/2655/961
f 966/2655/961 937/2654/932 1027/2656/1021
f 1024/2657/1018 974/2658/969 1053/2659/1047
f 1053/2659/1047 974/2658/969 1054/2660/1048
f 1053/2659/1047 1054/2660/1048 1024/2657/1018
f 958/2661/953 974/2658/969 973/2662/968
f 974/2658/969 958/2661/953 1054/2660/1048
f 1037/2663/1031 1023/2664/1017 1024/2657/1018
f 1037/2663/1031 1024/2657/1018 1054/2660/1048
f 1037/2663/1031 1054/2660/1048 1012/2665/1006
f 1012/2665/1006 1054/2660/1048 1014/2666/1008
f 1014/2666/1008 1054/2660/1048 1041/2667/1035
f 1041/2667/1035 1054/2660/1048 958/2661/953
f 1041/2667/1035 958/2661/953 959/2668/954
f 1039/2669/1033 1019/2670/1013 1018/2671/1012
f 1039/2669/1033 1018/2671/1012 1016/2672/1010
f 1039/2669/1033 1016/2672/1010 1055/2673/1049
f 1055/2673/1049 1016/2672/1010 1040/2674/1034
f 1055/2673/1049 1040/2674/1034 1056/2675/1050
f 1040/2674/1034 1016/2672/1010 1013/2676/1007
f 1040/2674/1034 1013/2676/1007 1014/2677/1008
f 1040/2674/1034 1014/2677/1008 1038/2678/1032
f 1052/2679/1046 995/2680/989 996/2681/990
f 1052/2679/1046 996/2681/990 1000/2682/994
f 1052/2679/1046 1000/2682/994 1057/2683/1051
f 995/2680/989 1052/2679/1046 1051/2684/1045
f 995/2680/989 1051/2684/1045 1026/2685/1020
f 995/2680/989 1026/2685/1020 991/2686/985
f 1058/2687/1052 1026/2688/1020 1059/2689/1053
f 1059/2689/1053 1026/2688/1020 1051/2690/1045
f 1058/2687/1052 1059/2689/1053 1060/2691/1054
f 1059/2689/1053 1051/2690/1045 1061/2692/1055
f 1059/2689/1053 1061/2692/1055 1060/2691/1054
f 1061/2692/1055 1051/2690/1045 1049/2693/1043
f 1060/2691/1054 1061/2692/1055 1062/2694/1056
f 1060/2691/1054 1062/2694/1056 1063/2695/1057
f 1063/2695/1057 1062/2694/1056 1058/2696/1052
f 1061/2692/1055 1049/2693/1043 1064/2697/1058
f 1061/2692/1055 1064/2697/1058 1062/2694/1056
f 1064/2697/1058 1049/2693/1043 1050/2698/1044
f 1064/2697/1058 1050/2698/1044 1065/2699/1059
f 1064/2697/1058 1065/2699/1059 1062/2694/1056
f 1062/2694/1056 1065/2699/1059 1066/2700/1060
f 1066/2700/1060 1065/2699/1059 1067/2701/1061
f 1067/2701/1061 1065/2699/1059 1068/2702/1062
f 1069/2703/1063 1025/2704/1019 1026/2705/1020
f 1025/2704/1019 1069/2703/1063 1035/2706/1029
f 1069/2703/1063 1026/2705/1020 1070/2707/1064
f 1069/2703/1063 1070/2707/1064 1035/2706/1029
f 1070/2707/1064 1026/2705/1020 1058/2708/1052
f 1070/2707/1064 1058/2708/1052 1071/2709/1065
f 1035/2706/1029 1070/2707/1064 1068/2710/1062
f 1068/2710/1062 1070/2707/1064 1067/2711/1061
f 1030/2712/1024 1029/2713/1023 1057/2714/1051
f 1057/2714/1051 1029/2713/1023 1072/2715/1066
f 1057/2714/1051 1072/2715/1066 1052/2716/1046
f 1072/2715/1066 1029/2713/1023 1073/2717/1067
f 1072/2715/1066 1073/2717/1067 1052/2716/1046
f 1073/2717/1067 1029/2713/1023 1033/2718/1027
f 1052/2716/1046 1073/2717/1067 1048/2719/1042
f 1073/2717/1067 1033/2718/1027 1074/2720/1068
f 1048/2719/1042 1073/2717/1067 1075/2721/1069
f 1075/2721/1069 1073/2717/1067 1074/2720/1068
f 1075/2721/1069 1074/2720/1068 1076/2722/1070
f 1032/2723/1026 1077/2724/1071 1033/2725/1027
f 1077/2724/1071 1032/2723/1026 1031/2726/1025
f 1078/2727/1072 1058/2728/1052 1060/2729/1054
f 1058/2728/1052 1078/2727/1072 1079/2730/1073
f 1078/2727/1072 1060/2729/1054 1080/2731/1074
f 1081/2732/1075 1082/2733/1076 1079/2730/1073
f 1081/2732/1075 1079/2730/1073 1083/2734/1077
f 1083/2734/1077 1079/2730/1073 1078/2727/1072
f 1083/2734/1077 1078/2727/1072 1080/2731/1074
f 1083/2734/1077 1080/2731/1074 1084/2735/1078
f 1083/2734/1077 1084/2735/1078 1085/2736/1079
f 1085/2736/1079 1084/2735/1078 1080/2731/1074
f 1086/2737/1080 1087/2738/1081 1071/2739/1065
f 1086/2737/1080 1071/2739/1065 1088/2740/1082
f 1086/2737/1080 1088/2740/1082 1087/2738/1081
f 1071/2739/1065 1087/2738/1081 1070/2741/1064
f 1087/2738/1081 1088/2740/1082 1089/2742/1083
f 1070/2741/1064 1087/2738/1081 1090/2743/1084
f 1090/2743/1084 1087/2738/1081 1089/2742/1083
f 1090/2743/1084 1089/2742/1083 1091/2744/1085
f 1070/2741/1064 1090/2743/1084 1067/2745/1061
f 1067/2745/1061 1090/2743/1084 1092/2746/1086
f 1092/2746/1086 1090/2743/1084 1093/2747/1087
f 1092/2746/1086 1093/2747/1087 1094/2748/1088
f 1067/2745/1061 1092/2746/1086 1095/2749/1089
f 1095/2749/1089 1092/2746/1086 1094/2748/1088
f 1067/2745/1061 1095/2749/1089 1066/2750/1060
f 1066/2750/1060 1095/2749/1089 1096/2751/1090
f 1096/2751/1090 1095/2749/1089 1094/2748/1088
f 1066/2750/1060 1096/2751/1090 1097/2752/1091
f 1097/2752/1091 1096/2751/1090 1094/2748/1088
f 1097/2752/1091 1094/2748/1088 1098/2753/1092
f 1079/2754/1073 1063/2755/1057 1058/2756/1052
f 1063/2755/1057 1079/2754/1073 1082/2757/1076
f 1063/2755/1057 1082/2757/1076 1080/2758/1074
f 1063/2755/1057 1080/2758/1074 1060/2759/1054
f 1099/2760/1093 1089/2761/1083 1071/2762/1065
f 1058/2763/1052 1062/2764/1056 1071/2762/1065
f 1071/2762/1065 1062/2764/1056 1066/2765/1060
f 1071/2762/1065 1066/2765/1060 1099/2760/1093
f 1099/2760/1093 1066/2765/1060 1097/2766/1091
f 1099/2760/1093 1097/2766/1091 1100/2767/1094
f 1050/2768/1044 1036/2769/1030 1101/2770/1095
f 1101/2770/1095 1036/2769/1030 1035/2771/1029
f 1050/2768/1044 1101/2770/1095 1065/2772/1059
f 1101/2770/1095 1035/2771/1029 1068/2773/1062
f 1065/2772/1059 1101/2770/1095 1102/2774/1096
f 1102/2774/1096 1101/2770/1095 1068/2773/1062
f 1065/2772/1059 1102/2774/1096 1103/2775/1097
f 1065/2772/1059 1103/2775/1097 1068/2776/1062
f 1068/2776/1062 1103/2775/1097 1104/2777/1098
f 1104/2777/1098 1103/2775/1097 1102/2774/1096
f 1104/2777/1098 1102/2774/1096 1105/2778/1099
f 1104/2777/1098 1105/2778/1099 1106/2779/1100
f 1105/2778/1099 1102/2774/1096 1107/2780/1101
f 1107/2780/1101 1102/2774/1096 1068/2773/1062
f 1107/2780/1101 1068/2773/1062 1104/2781/1098
f 1107/2780/1101 1104/2781/1098 1108/2782/1102
f 1107/2780/1101 1108/2782/1102 1109/2783/1103
f 1109/2783/1103 1108/2782/1102 1104/2781/1098
f 891/2784/886 884/2785/879 883/2786/878
f 891/2784/886 883/2786/878 1110/2787/1104
f 891/2784/886 1110/2787/1104 1111/2788/1105
f 1110/2787/1104 883/2786/878 1112/2789/1106
f 1112/2789/1106 883/2786/878 882/2790/877
f 1112/2789/1106 882/2790/877 1113/2791/1107
f 1112/2789/1106 1113/2791/1107 1114/2792/1108
f 1113/2791/1107 882/2790/877 909/2793/904
f 1113/2791/1107 909/2793/904 867/2794/862
f 1113/2791/1107 867/2794/862 868/2795/863
f 865/2796/860 1111/2797/1105 868/2798/863
f 1111/2797/1105 865/2796/860 891/2799/886
f 868/2798/863 1111/2797/1105 1115/2800/1109
f 868/2798/863 1115/2800/1109 1113/2801/1107
f 887/2802/882 897/2803/892 885/2804/880
f 897/2803/892 887/2802/882 1116/2805/1110
f 1116/2805/1110 887/2802/882 1117/2806/1111
f 897/2803/892 1116/2805/1110 888/2807/883
f 1116/2805/1110 1117/2806/1111 1118/2808/1112
f 1116/2805/1110 1118/2808/1112 1119/2809/1113
f 1119/2809/1113 1118/2808/1112 1120/2810/1114
f 1119/2809/1113 1120/2810/1114 1121/2811/1115
f 1119/2809/1113 1121/2811/1115 1122/2812/1116
f 1119/2809/1113 1122/2812/1116 1116/2805/1110
f 1116/2805/1110 1122/2812/1116 888/2807/883
f 888/2807/883 1122/2812/1116 1123/2813/1117
f 888/2807/883 1123/2813/1117 886/2814/881
f 1123/2813/1117 1122/2812/1116 1124/2815/1118
f 1123/2813/1117 1124/2815/1118 886/2814/881
f 1125/2816/1119 1126/2817/1119 1127/2818/1119
f 1117/2819/1111 887/2820/882 1128/2821/1120
f 1128/2821/1120 887/2820/882 886/2822/881
f 1128/2821/1120 886/2822/881 1124/2823/1118
f 1117/2819/1111 1128/2821/1120 1129/2824/1121
f 1117/2819/1111 1129/2824/1121 1118/2825/1112
f 1118/2825/1112 1129/2824/1121 1120/2826/1114
f 1120/2826/1114 1129/2824/1121 1121/2827/1115
f 1129/2824/1121 1128/2821/1120 1130/2828/1122
f 1129/2824/1121 1130/2828/1122 1121/2827/1115
f 1130/2828/1122 1128/2821/1120 1124/2823/1118
f 1121/2827/1115 1130/2828/1122 1122/2829/1116
f 1122/2829/1116 1130/2828/1122 1124/2823/1118
f 1075/2830/1069 1045/2831/1039 1044/2832/1038
f 1075/2830/1069 1044/2832/1038 1048/2833/1042
f 1045/2831/1039 1075/2830/1069 999/2834/993
f 999/2834/993 1075/2830/1069 1076/2835/1070
f 1076/2836/1070 1000/2837/994 999/2838/993
f 1057/2839/1051 1000/2837/994 1030/2840/1024
f 1030/2840/1024 1000/2837/994 1031/2841/1025
f 1031/2841/1025 1000/2837/994 1076/2836/1070
f 1031/2841/1025 1076/2836/1070 1077/2842/1071
f 1077/2842/1071 1076/2836/1070 1074/2843/1068
f 1077/2842/1071 1074/2843/1068 1131/2844/1123
f 1131/2844/1123 1074/2843/1068 1132/2845/1124
f 1132/2845/1124 1074/2843/1068 1133/2846/1125
f 1131/2844/1123 1132/2845/1124 1134/2847/1126
f 1131/2844/1123 1134/2847/1126 1135/2848/1127
f 1134/2847/1126 1132/2845/1124 1136/2849/1128
f 1136/2849/1128 1132/2845/1124 1137/2850/1129
f 1137/2850/1129 1132/2845/1124 1133/2846/1125
f 1137/2850/1129 1133/2846/1125 1138/2851/1130
f 1137/2850/1129 1138/2851/1130 1139/2852/1131
f 1138/2851/1130 1133/2846/1125 1140/2853/1132
f 1139/2852/1131 1138/2851/1130 1141/2854/1133
f 1139/2852/1131 1141/2854/1133 1142/2855/1134
f 1138/2851/1130 1140/2853/1132 1143/2856/1135
f 1138/2851/1130 1143/2856/1135 1141/2854/1133
f 1143/2856/1135 1140/2853/1132 1144/2857/1136
f 1141/2854/1133 1143/2856/1135 1145/2858/1137
f 1113/2859/1107 1115/2860/1109 1114/2861/1108
f 1146/2862/1138 1147/2863/1139 1148/2864/1140
f 1147/2863/1139 1146/2862/1138 1149/2865/1141
f 1149/2865/1141 1146/2862/1138 1148/2864/1140
f 1148/2864/1140 1147/2863/1139 1133/2866/1125
f 1148/2864/1140 1133/2866/1125 1115/2867/1109
f 1115/2867/1109 1133/2866/1125 1074/2868/1068
f 1148/2864/1140 1115/2867/1109 1111/2869/1105
f 1148/2864/1140 1111/2869/1105 1110/2870/1104
f 1150/2871/1142 1151/2872/1143 1152/2873/1144
f 1151/2872/1143 1150/2871/1142 1153/2874/1145
f 1140/2875/1132 1149/2876/1141 1148/2877/1140
f 1149/2876/1141 1140/2875/1132 1147/2878/1139
f 1147/2878/1139 1140/2875/1132 1133/2879/1125
f 1140/2875/1132 1148/2877/1140 1144/2880/1136
f 1144/2880/1136 1148/2877/1140 1110/2881/1104
f 1144/2880/1136 1110/2881/1104 1112/2882/1106
f 1112/2883/1106 1114/2884/1108 1144/2885/1136
f 1144/2885/1136 1114/2884/1108 1154/2886/1146
f 1144/2885/1136 1154/2886/1146 1155/2887/1147
f 1155/2887/1147 1154/2886/1146 1156/2888/1063
f 1155/2887/1147 1156/2888/1063 1157/2889/1148
f 1157/2889/1148 1156/2888/1063 1158/2890/1149
f 1158/2890/1149 1156/2888/1063 1154/2886/1146
f 1154/2886/1146 1114/2884/1108 1159/2891/1150
f 1159/2891/1150 1114/2884/1108 1033/2892/1027
f 1033/2892/1027 1114/2884/1108 1115/2893/1109
f 1033/2892/1027 1115/2893/1109 1074/2894/1068
f 1159/2891/1150 1033/2892/1027 1160/2895/1151
f 1160/2895/1151 1033/2892/1027 1077/2896/1071
f 1160/2895/1151 1077/2896/1071 1159/2891/1150
f 1161/2897/1152 1150/2898/1142 1152/2899/1144
f 1150/2898/1142 1161/2897/1152 1153/2900/1145
f 1161/2897/1152 1152/2899/1144 1151/2901/1143
f 1153/2900/1145 1161/2897/1152 1162/2902/1153
f 1153/2900/1145 1162/2902/1153 1163/2903/1154
f 1161/2897/1152 1151/2901/1143 1164/2904/1155
f 1164/2904/1155 1151/2901/1143 1165/2905/1156
f 1162/2902/1153 1161/2897/1152 1166/2906/1157
f 1162/2902/1153 1166/2906/1157 1164/2904/1155
f 1164/2904/1155 1166/2906/1157 1161/2897/1152
f 946/2907/941 947/2908/942 950/2909/945
f 946/2907/941 950/2909/945 1167/2910/1158
f 1167/2910/1158 950/2909/945 1168/2911/1159
f 946/2907/941 1167/2910/1158 1169/2912/1160
f 946/2907/941 1169/2912/1160 945/2913/940
f 945/2913/940 1169/2912/1160 1170/2914/1161
f 1170/2914/1161 1169/2912/1160 1171/2915/1162
f 1171/2915/1162 1169/2912/1160 1172/2916/1163
f 1172/2916/1163 1169/2912/1160 1167/2910/1158
f 1172/2916/1163 1167/2910/1158 1173/2917/1164
f 1173/2917/1164 1167/2910/1158 1168/2911/1159
f 1173/2917/1164 1168/2911/1159 1174/2918/1165
f 1174/2918/1165 1168/2911/1159 1175/2919/1166
f 1174/2918/1165 1175/2919/1166 1173/2917/1164
f 945/2920/940 1170/2921/1161 948/2922/943
f 948/2922/943 1170/2921/1161 1176/2923/1167
f 1176/2923/1167 1170/2921/1161 1171/2924/1162
f 1176/2923/1167 1171/2924/1162 1175/2925/1166
f 948/2922/943 1176/2923/1167 949/2926/944
f 1176/2923/1167 1175/2925/1166 1168/2927/1159
f 949/2926/944 1176/2923/1167 1177/2928/1168
f 1177/2928/1168 1176/2923/1167 1168/2927/1159
f 949/2926/944 1177/2928/1168 950/2929/945
f 950/2929/945 1177/2928/1168 1168/2927/1159
f 1015/2930/1009 1011/2931/1005 1009/2932/1003
f 1011/2931/1005 1015/2930/1009 1178/2933/1169
f 1011/2931/1005 1178/2933/1169 1179/2934/1170
f 1040/2935/1034 1039/2936/1033 1180/2937/1171
f 1040/2935/1034 1180/2937/1171 1056/2938/1050
f 1180/2939/1171 1039/2940/1033 1055/2941/1049
f 1180/2939/1171 1055/2941/1049 1056/2942/1050
f 1077/2943/1071 1181/2944/1172 1159/2945/1150
f 1181/2944/1172 1077/2943/1071 1131/2946/1123
f 1181/2944/1172 1131/2946/1123 1182/2947/1173
f 1159/2945/1150 1181/2944/1172 1183/2948/1174
f 1159/2945/1150 1183/2948/1174 1184/2949/1175
f 1159/2945/1150 1184/2949/1175 1154/2950/1146
f 1154/2950/1146 1184/2949/1175 1185/2951/1176
f 1185/2951/1176 1184/2949/1175 1141/2952/1133
f 1141/2952/1133 1184/2949/1175 1183/2948/1174
f 1141/2952/1133 1183/2948/1174 1186/2953/1177
f 1187/2954/1178 1181/2955/1172 1188/2956/1179
f 1181/2955/1172 1187/2954/1178 1183/2957/1174
f 1187/2954/1178 1188/2956/1179 1182/2958/1173
f 1187/2954/1178 1182/2958/1173 1183/2957/1174
f 1183/2957/1174 1182/2958/1173 1186/2959/1177
f 1186/2959/1177 1182/2958/1173 1189/2960/1180
f 1190/2961/1181 1191/2962/1182 1192/2963/1183
f 1190/2961/1181 1192/2963/1183 1193/2964/1184
f 1188/2965/1179 1181/2966/1172 1182/2967/1173
f 1143/2968/1135 1144/2969/1136 1194/2970/1185
f 1194/2970/1185 1144/2969/1136 1195/2971/1186
f 1195/2971/1186 1144/2969/1136 1155/2972/1147
f 1195/2971/1186 1155/2972/1147 1157/2973/1148
f 1175/2974/1166 1171/2975/1162 1157/2973/1148
f 1157/2973/1148 1171/2975/1162 1195/2971/1186
f 1195/2971/1186 1171/2975/1162 1172/2976/1163
f 1195/2971/1186 1172/2976/1163 1173/2977/1164
f 1194/2970/1185 1195/2971/1186 1196/2978/1187
f 1196/2978/1187 1195/2971/1186 1173/2977/1164
f 1194/2970/1185 1196/2978/1187 1197/2979/1188
f 1196/2978/1187 1173/2977/1164 1198/2980/1189
f 1196/2978/1187 1198/2980/1189 1197/2979/1188
f 1198/2980/1189 1173/2977/1164 1175/2981/1166
f 1197/2979/1188 1198/2980/1189 1199/2982/1190
f 1165/2983/1156 1151/2984/1143 1153/2985/1145
f 1165/2983/1156 1153/2985/1145 1164/2986/1155
f 1164/2986/1155 1153/2985/1145 1163/2987/1154
f 1164/2986/1155 1163/2987/1154 1162/2988/1153
f 1200/2989/1191 1201/2990/1192 1202/2991/1193
f 1200/2989/1191 1202/2991/1193 1203/2992/1194
f 1203/2993/1194 1201/2994/1192 1200/2995/1191
f 1201/2994/1192 1203/2993/1194 1202/2996/1193
f 1185/2997/1176 1143/2998/1135 1194/2999/1185
f 1143/2998/1135 1185/2997/1176 1145/3000/1137
f 1145/3000/1137 1185/2997/1176 1141/3001/1133
f 1185/2997/1176 1194/2999/1185 1204/3002/1195
f 1185/2997/1176 1204/3002/1195 1205/3003/1196
f 1205/3003/1196 1204/3002/1195 1206/3004/1197
f 1206/3004/1197 1204/3002/1195 1207/3005/1198
f 1204/3002/1195 1194/2999/1185 1197/3006/1188
f 1207/3005/1198 1204/3002/1195 1208/3007/1199
f 1208/3007/1199 1204/3002/1195 1197/3006/1188
f 1208/3007/1199 1197/3006/1188 1154/3008/1146
f 1208/3007/1199 1154/3008/1146 1185/3009/1176
f 1042/3010/1036 1008/3011/1002 1011/3012/1005
f 1011/3012/1005 1008/3011/1002 1010/3013/1004
f 1042/3010/1036 1011/3012/1005 1209/3014/1200
f 1042/3010/1036 1209/3014/1200 1017/3015/1011
f 1017/3015/1011 1209/3014/1200 1210/3016/1201
f 1017/3015/1011 1210/3016/1201 1015/3017/1009
f 1210/3016/1201 1209/3014/1200 1211/3018/1202
f 1015/3017/1009 1210/3016/1201 1178/3019/1169
f 1178/3019/1169 1210/3016/1201 1211/3018/1202
f 1209/3020/1200 1011/3021/1005 1179/3022/1170
f 1209/3020/1200 1179/3022/1170 1157/3023/1148
f 1209/3020/1200 1157/3023/1148 1178/3024/1169
f 1178/3025/1169 1211/3026/1202 1209/3027/1200
f 1212/3028/1203 1178/3029/1169 1179/3030/1170
f 1178/3029/1169 1212/3028/1203 1213/3031/1204
f 1212/3028/1203 1179/3030/1170 1214/3032/1205
f 1214/3032/1205 1179/3030/1170 1157/3033/1148
f 1214/3032/1205 1157/3033/1148 1158/3034/1149
f 1215/3035/1206 1213/3036/1204 1212/3037/1203
f 1216/3038/1207 1213/3036/1204 1217/3039/1208
f 1217/3039/1208 1213/3036/1204 1218/3040/1209
f 1218/3040/1209 1213/3036/1204 1215/3035/1206
f 1218/3040/1209 1215/3035/1206 1219/3041/1210
f 1219/3041/1210 1215/3035/1206 1220/3042/1211
f 1219/3041/1210 1220/3042/1211 1221/3043/1212
f 1220/3042/1211 1215/3035/1206 1222/3044/1213
f 1197/3045/1188 1158/3046/1149 1154/3047/1146
f 1158/3046/1149 1197/3045/1188 1199/3048/1190
f 1158/3046/1149 1199/3048/1190 1223/3049/1214
f 1158/3046/1149 1223/3049/1214 1224/3050/1215
f 1158/3046/1149 1224/3050/1215 1207/3051/1198
f 1158/3046/1149 1207/3051/1198 1225/3052/1216
f 1158/3046/1149 1225/3052/1216 1214/3053/1205
f 1214/3053/1205 1225/3052/1216 1222/3054/1213
f 1214/3053/1205 1222/3054/1213 1215/3055/1206
f 1214/3053/1205 1215/3055/1206 1212/3056/1203
f 1157/3057/1148 1198/3058/1189 1175/3059/1166
f 1198/3058/1189 1157/3057/1148 1178/3060/1169
f 1226/3061/1217 1198/3062/1189 1178/3063/1169
f 1226/3061/1217 1178/3063/1169 1227/3064/1218
f 1226/3061/1217 1227/3064/1218 1216/3065/1207
f 1216/3065/1207 1227/3064/1218 1178/3063/1169
f 1216/3065/1207 1178/3063/1169 1213/3066/1204
f 1228/3067/1219 1198/3068/1189 1226/3069/1217
f 1198/3068/1189 1228/3067/1219 1199/3070/1190
f 1223/3071/1214 1199/3072/1190 1226/3073/1217
f 1226/3073/1217 1199/3072/1190 1229/3074/1220
f 1223/3071/1214 1226/3073/1217 1216/3075/1207
f 1223/3071/1214 1216/3075/1207 1225/3076/1216
f 1228/3077/1219 1229/3078/1220 1199/3079/1190
f 1229/3078/1220 1228/3077/1219 1226/3080/1217
f 1230/3081/1221 1231/3082/1222 1232/3083/1223
f 1230/3081/1221 1232/3083/1223 1233/3084/1224
f 1232/3083/1223 1231/3082/1222 1234/3085/1225
f 1232/3083/1223 1234/3085/1225 1233/3084/1224
f 1233/3084/1224 1234/3085/1225 1235/3086/1226
f 1235/3086/1226 1234/3085/1225 1236/3087/1227
f 1235/3086/1226 1236/3087/1227 1237/3088/1228
f 1235/3086/1226 1237/3088/1228 1238/3089/1229
f 1230/3090/1221 1239/3091/1230 1231/3092/1222
f 1231/3092/1222 1239/3091/1230 1234/3093/1225
f 1234/3093/1225 1239/3091/1230 1236/3094/1227
f 1236/3094/1227 1239/3091/1230 1240/3095/1231
f 1240/3095/1231 1239/3091/1230 1237/3096/1228
f 1237/3096/1228 1239/3091/1230 1230/3090/1221
f 1237/3096/1228 1230/3090/1221 1233/3097/1224
f 1237/3096/1228 1233/3097/1224 1238/3098/1229
f 1241/3099/1232 1233/3100/1224 1235/3101/1226
f 1241/3099/1232 1235/3101/1226 1238/3102/1229
f 1233/3100/1224 1241/3099/1232 1242/3103/1233
f 1233/3100/1224 1242/3103/1233 1238/3104/1229
f 1242/3103/1233 1241/3099/1232 1243/3105/1234
f 1242/3103/1233 1243/3105/1234 1244/3106/1235
f 1238/3107/1229 1245/3108/1236 1241/3109/1232
f 1241/3109/1232 1245/3108/1236 1243/3110/1234
f 1245/3108/1236 1238/3107/1229 1246/3111/1237
f 1245/3108/1236 1246/3111/1237 1247/3112/1238
f 1247/3112/1238 1246/3111/1237 1248/3113/1239
f 1246/3111/1237 1238/3107/1229 1242/3114/1233
f 1248/3113/1239 1246/3111/1237 1249/3115/1240
f 1246/3111/1237 1242/3114/1233 1250/3116/1241
f 1250/3116/1241 1242/3114/1233 1244/3117/1235
f 1250/3116/1241 1244/3117/1235 1251/3118/1242
f 1250/3116/1241 1251/3118/1242 1252/3119/1243
f 1246/3111/1237 1250/3116/1241 1253/3120/1244
f 1246/3111/1237 1253/3120/1244 1249/3115/1240
f 1253/3120/1244 1250/3116/1241 1252/3119/1243
f 1249/3115/1240 1253/3120/1244 1254/3121/1245
f 1253/3120/1244 1252/3119/1243 1255/3122/1246
f 1253/3120/1244 1255/3122/1246 1254/3121/1245
f 1254/3121/1245 1255/3122/1246 1256/3123/1247
f 1256/3123/1247 1255/3122/1246 1257/3124/1248
f 1258/3125/1249 1259/3126/1250 1248/3127/1239
f 1248/3127/1239 1259/3126/1250 1247/3128/1238
f 1247/3128/1238 1259/3126/1250 1258/3125/1249
f 1258/3125/1249 1248/3127/1239 1260/3129/1251
f 1260/3129/1251 1248/3127/1239 1249/3130/1240
f 1260/3129/1251 1249/3130/1240 1261/3131/1252
f 1260/3129/1251 1261/3131/1252 1258/3125/1249
f 1258/3125/1249 1261/3131/1252 1262/3132/1253
f 1258/3125/1249 1262/3132/1253 1247/3128/1238
f 1262/3132/1253 1261/3131/1252 1263/3133/1254
f 1262/3132/1253 1263/3133/1254 1247/3128/1238
f 1247/3128/1238 1263/3133/1254 1264/3134/1255
f 1264/3134/1255 1263/3133/1254 1265/3135/1256
f 1247/3128/1238 1264/3134/1255 1245/3136/1236
f 1264/3134/1255 1265/3135/1256 1266/3137/1257
f 1266/3137/1257 1265/3135/1256 1267/3138/1258
f 1264/3134/1255 1266/3137/1257 1268/3139/1259
f 1264/3134/1255 1268/3139/1259 1245/3136/1236
f 1245/3136/1236 1268/3139/1259 1244/3140/1235
f 1245/3136/1236 1244/3140/1235 1243/3141/1234
f 1268/3142/1259 1269/3143/1260 1244/3144/1235
f 1269/3143/1260 1268/3142/1259 1270/3145/1261
f 1270/3145/1261 1268/3142/1259 1271/3146/1262
f 1271/3146/1262 1268/3142/1259 1266/3147/1257
f 1270/3145/1261 1271/3146/1262 1272/3148/1263
f 1249/3149/1240 1266/3147/1257 1261/3150/1252
f 1266/3147/1257 1249/3149/1240 1254/3151/1245
f 1266/3147/1257 1254/3151/1245 1273/3152/1264
f 1266/3147/1257 1273/3152/1264 1274/3153/1265
f 1271/3146/1262 1266/3147/1257 1275/3154/1266
f 1275/3154/1266 1266/3147/1257 1274/3153/1265
f 1271/3146/1262 1275/3154/1266 1272/3148/1263
f 1275/3154/1266 1274/3153/1265 1276/3155/1267
f 1275/3154/1266 1276/3155/1267 1272/3148/1263
f 1272/3148/1263 1276/3155/1267 1277/3156/1268
f 1272/3148/1263 1277/3156/1268 1278/3157/1269
f 1272/3148/1263 1278/3157/1269 1270/3145/1261
f 1270/3145/1261 1278/3157/1269 1279/3158/1270
f 1279/3158/1270 1278/3157/1269 1280/3159/1271
f 1279/3158/1270 1280/3159/1271 1281/3160/1272
f 1280/3159/1271 1278/3157/1269 1282/3161/1273
f 1282/3161/1273 1278/3157/1269 1283/3162/1274
f 1282/3161/1273 1283/3162/1274 1280/3159/1271
f 1280/3159/1271 1283/3162/1274 1284/3163/1275
f 1281/3160/1272 1280/3159/1271 1285/3164/1276
f 1281/3160/1272 1285/3164/1276 1286/3165/1277
f 1286/3165/1277 1285/3164/1276 1287/3166/1278
f 1285/3164/1276 1280/3159/1271 1288/3167/1279
f 1285/3164/1276 1288/3167/1279 1287/3166/1278
f 1288/3167/1279 1280/3159/1271 1284/3163/1275
f 1287/3166/1278 1288/3167/1279 1289/3168/1280
f 1288/3167/1279 1284/3163/1275 1290/3169/1281
f 1288/3167/1279 1290/3169/1281 1291/3170/1282
f 1290/3169/1281 1284/3163/1275 1292/3171/1283
f 1290/3169/1281 1292/3171/1283 1293/3172/1284
f 1290/3169/1281 1293/3172/1284 1294/3173/1285
f 1295/3174/1286 1296/3175/1287 1297/3176/1288
f 1297/3176/1288 1296/3175/1287 1298/3177/1289
f 1297/3176/1288 1298/3177/1289 1299/3178/1290
f 1297/3176/1288 1299/3178/1290 1300/3179/1291
f 1297/3176/1288 1300/3179/1291 1295/3174/1286
f 1296/3175/1287 1295/3174/1286 1301/3180/1292
f 1295/3174/1286 1300/3179/1291 1302/3181/1293
f 1301/3180/1292 1295/3174/1286 1303/3182/1294
f 1295/3174/1286 1302/3181/1293 1304/3183/1295
f 1295/3174/1286 1304/3183/1295 1303/3182/1294
f 1301/3184/1292 1303/3185/1294 1305/3186/1296
f 1301/3184/1292 1305/3186/1296 1306/3187/1297
f 1306/3187/1297 1305/3186/1296 1307/3188/1298
f 1301/3184/1292 1306/3187/1297 1308/3189/1299
f 1301/3184/1292 1308/3189/1299 1296/3190/1287
f 1308/3189/1299 1306/3187/1297 1309/3191/1300
f 1296/3190/1287 1308/3189/1299 1298/3192/1289
f 1308/3189/1299 1309/3191/1300 1299/3193/1290
f 1308/3189/1299 1299/3193/1290 1298/3192/1289
f 1303/3194/1294 1310/3195/1301 1305/3196/1296
f 1305/3196/1296 1310/3195/1301 1281/3197/1272
f 1310/3195/1301 1303/3194/1294 1311/3198/1302
f 1281/3197/1272 1310/3195/1301 1312/3199/1303
f 1311/3198/1302 1303/3194/1294 1304/3200/1295
f 1312/3199/1303 1310/3195/1301 1311/3198/1302
f 1311/3198/1302 1304/3200/1295 1313/3201/1304
f 1281/3197/1272 1312/3199/1303 1279/3202/1270
f 1279/3202/1270 1312/3199/1303 1314/3203/1305
f 1279/3202/1270 1314/3203/1305 1270/3204/1261
f 1270/3204/1261 1314/3203/1305 1269/3205/1260
f 1269/3205/1260 1314/3203/1305 1312/3199/1303
f 1312/3199/1303 1311/3198/1302 1315/3206/1306
f 1312/3199/1303 1315/3206/1306 1269/3205/1260
f 1315/3206/1306 1311/3198/1302 1313/3201/1304
f 1315/3206/1306 1313/3201/1304 1316/3207/1307
f 1316/3207/1307 1313/3201/1304 1317/3208/1308
f 1315/3206/1306 1316/3207/1307 1318/3209/1309
f 1269/3205/1260 1315/3206/1306 1319/3210/1310
f 1319/3210/1310 1315/3206/1306 1318/3209/1309
f 1269/3205/1260 1319/3210/1310 1244/3211/1235
f 1319/3210/1310 1318/3209/1309 1251/3212/1242
f 1319/3210/1310 1251/3212/1242 1244/3211/1235
f 1286/3213/1277 1320/3214/1311 1281/3215/1272
f 1281/3215/1272 1320/3214/1311 1321/3216/1312
f 1320/3214/1311 1286/3213/1277 1322/3217/1313
f 1323/3218/1314 1324/3219/1315 1325/3220/1316
f 1325/3220/1316 1324/3219/1315 1326/3221/1317
f 1323/3218/1314 1325/3220/1316 1283/3222/1274
f 1325/3220/1316 1326/3221/1317 1327/3223/1318
f 1327/3223/1318 1326/3221/1317 1328/3224/1319
f 1325/3220/1316 1327/3223/1318 1329/3225/1320
f 1325/3220/1316 1329/3225/1320 1283/3222/1274
f 1283/3222/1274 1329/3225/1320 1284/3226/1275
f 1284/3226/1275 1329/3225/1320 1330/3227/1321
f 1236/3228/1227 1331/3229/1322 1237/3230/1228
f 1331/3229/1322 1236/3228/1227 1332/3231/1323
f 1332/3231/1323 1236/3228/1227 1240/3232/1231
f 1332/3231/1323 1240/3232/1231 1304/3233/1295
f 1304/3233/1295 1240/3232/1231 1237/3234/1228
f 1304/3233/1295 1237/3234/1228 1317/3235/1308
f 1317/3235/1308 1237/3234/1228 1331/3236/1322
f 1317/3237/1308 1313/3238/1304 1304/3239/1295
f 1333/3240/1324 1331/3241/1322 1332/3242/1323
f 1331/3241/1322 1333/3240/1324 1317/3243/1308
f 1317/3243/1308 1333/3240/1324 1332/3242/1323
f 1299/3244/1290 1334/3245/1325 1300/3246/1291
f 1334/3245/1325 1299/3244/1290 1335/3247/1326
f 1335/3247/1326 1299/3244/1290 1309/3248/1300
f 1334/3245/1325 1335/3247/1326 1336/3249/1327
f 1300/3246/1291 1334/3245/1325 1302/3250/1293
f 1302/3250/1293 1334/3245/1325 1336/3249/1327
f 1302/3250/1293 1336/3249/1327 1337/3251/1328
f 1302/3250/1293 1337/3251/1328 1332/3252/1323
f 1302/3250/1293 1332/3252/1323 1304/3253/1295
f 1332/3252/1323 1337/3251/1328 1338/3254/1329
f 1332/3252/1323 1338/3254/1329 1317/3255/1308
f 1317/3255/1308 1338/3254/1329 1339/3256/1330
f 1317/3257/1308 1340/3258/1331 1316/3259/1307
f 1340/3258/1331 1317/3257/1308 1339/3260/1330
f 1316/3259/1307 1340/3258/1331 1341/3261/1332
f 1316/3259/1307 1341/3261/1332 1318/3262/1309
f 1318/3262/1309 1341/3261/1332 1342/3263/1333
f 1318/3262/1309 1342/3263/1333 1251/3264/1242
f 1251/3264/1242 1342/3263/1333 1252/3265/1243
f 1286/3266/1277 1343/3267/1334 1344/3268/1335
f 1344/3268/1335 1343/3267/1334 1345/3269/1336
f 1343/3267/1334 1286/3266/1277 1287/3270/1278
f 1343/3267/1334 1287/3270/1278 1346/3271/457
f 1346/3271/457 1287/3270/1278 1347/3272/1337
f 1347/3272/1337 1287/3270/1278 1289/3273/1280
f 1347/3272/1337 1289/3273/1280 1348/3274/1338
f 1348/3274/1338 1289/3273/1280 1291/3275/1282
f 1291/3275/1282 1289/3273/1280 1288/3276/1279
f 1349/3277/1339 1344/3278/1335 1350/3279/1340
f 1349/3277/1339 1350/3279/1340 1351/3280/1341
f 1349/3277/1339 1351/3280/1341 1352/3281/1342
f 1352/3281/1342 1351/3280/1341 1353/3282/1343
f 1352/3281/1342 1353/3282/1343 1354/3283/1344
f 1352/3281/1342 1354/3283/1344 1355/3284/1345
f 1355/3284/1345 1354/3283/1344 1356/3285/1346
f 1355/3284/1345 1356/3285/1346 1357/3286/1347
f 1255/3287/1246 1252/3288/1243 1358/3289/1348
f 1358/3289/1348 1252/3288/1243 1359/3290/1349
f 1255/3287/1246 1358/3289/1348 1360/3291/1350
f 1360/3291/1350 1358/3289/1348 1359/3290/1349
f 1344/3292/1335 1349/3293/1339 1286/3294/1277
f 1286/3294/1277 1349/3293/1339 1322/3295/1313
f 1322/3295/1313 1349/3293/1339 1352/3296/1342
f 1322/3295/1313 1352/3296/1342 1320/3297/1311
f 1328/3298/1319 1361/3299/1351 1327/3300/1318
f 1327/3300/1318 1361/3299/1351 1362/3301/1352
f 1327/3300/1318 1362/3301/1352 1329/3302/1320
f 1361/3299/1351 1328/3298/1319 1363/3303/1353
f 1363/3303/1353 1328/3298/1319 1364/3304/1354
f 1364/3304/1354 1328/3298/1319 1365/3305/1355
f 1359/3306/1349 1252/3307/1243 1342/3308/1333
f 1366/3309/1356 1346/3310/457 1347/3311/1337
f 1366/3309/1356 1347/3311/1337 1367/3312/1357
f 1367/3312/1357 1347/3311/1337 1368/3313/1358
f 1368/3313/1358 1347/3311/1337 1369/3314/1359
f 1369/3314/1359 1347/3311/1337 1348/3315/1338
f 1369/3314/1359 1348/3315/1338 1370/3316/1360
f 1371/3317/1361 1372/3318/1362 1373/3319/1363
f 1372/3320/1362 1371/3321/1361 1350/3322/1340
f 1350/3322/1340 1371/3321/1361 1373/3323/1363
f 1261/3324/1252 1267/3325/1258 1263/3326/1254
f 1267/3325/1258 1261/3324/1252 1266/3327/1257
f 1267/3328/1258 1265/3329/1256 1263/3330/1254
f 1273/3331/1264 1374/3332/1364 1274/3333/1265
f 1274/3333/1265 1374/3332/1364 1375/3334/1365
f 1274/3333/1265 1375/3334/1365 1276/3335/1267
f 1276/3335/1267 1375/3334/1365 1376/3336/1366
f 1276/3335/1267 1376/3336/1366 1277/3337/1268
f 1277/3337/1268 1376/3336/1366 1377/3338/1367
f 1376/3336/1366 1375/3334/1365 1378/3339/1368
f 1378/3339/1368 1375/3334/1365 1379/3340/1369
f 1376/3336/1366 1378/3339/1368 1380/3341/1370
f 1376/3336/1366 1380/3341/1370 1381/3342/1371
f 1374/3343/1364 1378/3344/1368 1379/3345/1369
f 1378/3344/1368 1374/3343/1364 1273/3346/1264
f 1273/3347/1264 1382/3348/1372 1383/3349/1373
f 1382/3348/1372 1273/3347/1264 1384/3350/1374
f 1273/3347/1264 1383/3349/1373 1378/3351/1368
f 1378/3351/1368 1383/3349/1373 1380/3352/1370
f 1380/3352/1370 1383/3349/1373 1381/3353/1371
f 1381/3353/1371 1383/3349/1373 1382/3348/1372
f 1381/3353/1371 1382/3348/1372 1385/3354/1375
f 1381/3353/1371 1385/3354/1375 1376/3355/1366
f 1385/3354/1375 1382/3348/1372 1386/3356/1376
f 1385/3354/1375 1386/3356/1376 1387/3357/1377
f 1376/3355/1366 1385/3354/1375 1377/3358/1367
f 1385/3354/1375 1387/3357/1377 1277/3359/1268
f 1388/3360/1378 1277/3359/1268 1377/3358/1367
f 1277/3359/1268 1388/3360/1378 1385/3354/1375
f 1388/3360/1378 1377/3358/1367 1389/3361/1379
f 1388/3360/1378 1389/3361/1379 1385/3354/1375
f 1385/3354/1375 1389/3361/1379 1377/3358/1367
f 1390/3362/1380 1278/3363/1269 1277/3364/1268
f 1278/3363/1269 1390/3362/1380 1283/3365/1274
f 1283/3365/1274 1390/3362/1380 1323/3366/1314
f 1323/3366/1314 1390/3362/1380 1391/3367/1381
f 1391/3367/1381 1390/3362/1380 1392/3368/1382
f 1392/3368/1382 1390/3362/1380 1393/3369/1383
f 1392/3368/1382 1393/3369/1383 1394/3370/1384
f 1390/3362/1380 1277/3364/1268 1395/3371/1385
f 1390/3362/1380 1395/3371/1385 1393/3369/1383
f 1395/3371/1385 1277/3364/1268 1293/3372/1284
f 1393/3369/1383 1395/3371/1385 1396/3373/1386
f 1395/3371/1385 1293/3372/1284 1292/3374/1283
f 1395/3371/1385 1292/3374/1283 1396/3373/1386
f 1293/3375/1284 1277/3376/1268 1387/3377/1377
f 1293/3375/1284 1387/3377/1377 1384/3378/1374
f 1384/3378/1374 1387/3377/1377 1382/3379/1372
f 1293/3375/1284 1384/3378/1374 1397/3380/1387
f 1293/3375/1284 1397/3380/1387 1398/3381/1388
f 1398/3381/1388 1397/3380/1387 1256/3382/1247
f 1256/3382/1247 1397/3380/1387 1254/3383/1245
f 1254/3383/1245 1397/3380/1387 1384/3378/1374
f 1254/3383/1245 1384/3378/1374 1273/3384/1264
f 1292/3385/1283 1284/3386/1275 1399/3387/1389
f 1399/3387/1389 1284/3386/1275 1330/3388/1321
f 1292/3385/1283 1399/3387/1389 1400/3389/1390
f 1292/3385/1283 1400/3389/1390 1396/3390/1386
f 1400/3389/1390 1399/3387/1389 1401/3391/1391
f 1396/3390/1386 1400/3389/1390 1402/3392/1392
f 1402/3392/1392 1400/3389/1390 1401/3391/1391
f 1387/3393/1377 1403/3394/1393 1404/3395/1394
f 1404/3396/1394 1382/3397/1372 1387/3398/1377
f 1382/3397/1372 1404/3396/1394 1386/3399/1376
f 1403/3400/1393 1387/3401/1377 1386/3402/1376
f 1403/3400/1393 1386/3402/1376 1404/3403/1394
f 1405/3404/1395 1406/3405/1396 1407/3406/1397
f 1407/3406/1397 1406/3405/1396 1408/3407/1398
f 1290/3408/1281 1294/3409/1285 1291/3410/1282
f 1291/3410/1282 1294/3409/1285 1409/3411/1399
f 1360/3412/1350 1257/3413/1248 1255/3414/1246
f 1257/3413/1248 1360/3412/1350 1410/3415/1400
f 1411/3416/1401 1412/3417/1402 1413/3418/1403
f 1411/3416/1401 1413/3418/1403 1414/3419/1404
f 1411/3416/1401 1414/3419/1404 1415/3420/1405
f 1330/3421/1321 1329/3422/1320 1416/3423/1406
f 1416/3423/1406 1329/3422/1320 1417/3424/1407
f 1330/3421/1321 1416/3423/1406 1399/3425/1389
f 1399/3425/1389 1416/3423/1406 1401/3426/1391
f 1418/3427/1408 1417/3428/1407 1419/3429/1409
f 1418/3427/1408 1419/3429/1409 1401/3430/1391
f 1413/3431/1403 1416/3432/1406 1418/3433/1408
f 1416/3432/1406 1413/3431/1403 1412/3434/1402
f 1415/3435/1405 1416/3436/1406 1412/3437/1402
f 1415/3435/1405 1412/3437/1402 1411/3438/1401
f 1420/3439/1410 1329/3440/1320 1362/3441/1352
f 1329/3440/1320 1420/3439/1410 1417/3442/1407
f 1421/3443/1411 1417/3444/1407 1422/3445/1412
f 1422/3445/1412 1417/3444/1407 1423/3446/1413
f 1423/3446/1413 1417/3444/1407 1420/3447/1410
f 1421/3443/1411 1422/3445/1412 1365/3448/1355
f 1417/3444/1407 1421/3443/1411 1419/3449/1409
f 1421/3443/1411 1365/3448/1355 1424/3450/624
f 1421/3443/1411 1424/3450/624 1419/3449/1409
f 1424/3450/624 1365/3448/1355 1328/3451/1319
f 1419/3449/1409 1424/3450/624 1425/3452/1414
f 1413/3453/1403 1418/3454/1408 1415/3455/1405
f 1413/3453/1403 1415/3455/1405 1414/3456/1404
f 1426/3457/1415 1427/3458/1416 1428/3459/1417
f 1428/3459/1417 1427/3458/1416 1429/3460/1418
f 1426/3457/1415 1428/3459/1417 1430/3461/1419
f 1430/3461/1419 1428/3459/1417 1429/3460/1418
f 1426/3457/1415 1430/3461/1419 1431/3462/1420
f 1431/3462/1420 1430/3461/1419 1432/3463/1421
f 1432/3463/1421 1430/3461/1419 1433/3464/1422
f 1432/3463/1421 1433/3464/1422 1434/3465/1423
f 1434/3465/1423 1433/3464/1422 1435/3466/1424
f 1435/3466/1424 1433/3464/1422 1430/3461/1419
f 1435/3466/1424 1430/3461/1419 1429/3460/1418
f 1435/3466/1424 1429/3460/1418 1436/3467/1425
f 1436/3467/1425 1429/3460/1418 1437/3468/1426
f 1434/3469/1423 1427/3470/1416 1426/3471/1415
f 1427/3470/1416 1434/3469/1423 1438/3472/1427
f 1427/3470/1416 1438/3472/1427 1429/3473/1418
f 1429/3473/1418 1438/3472/1427 1437/3474/1426
f 1434/3469/1423 1426/3471/1415 1439/3475/1428
f 1439/3475/1428 1426/3471/1415 1431/3476/1420
f 1434/3469/1423 1439/3475/1428 1432/3477/1421
f 1432/3477/1421 1439/3475/1428 1431/3476/1420
f 1281/3478/1272 1321/3479/1312 1305/3480/1296
f 1305/3480/1296 1321/3479/1312 1440/3481/1429
f 1305/3480/1296 1440/3481/1429 1441/3482/1430
f 1305/3480/1296 1441/3482/1430 1442/3483/1431
f 1305/3480/1296 1442/3483/1431 1307/3484/1298
f 1307/3484/1298 1442/3483/1431 1441/3482/1430
f 1321/3485/1312 1443/3486/1432 1440/3487/1429
f 1443/3486/1432 1321/3485/1312 1444/3488/1433
f 1443/3486/1432 1444/3488/1433 1440/3487/1429
f 1444/3488/1433 1321/3485/1312 1445/3489/1434
f 1444/3488/1433 1445/3489/1434 1446/3490/1435
f 1446/3490/1435 1445/3489/1434 1447/3491/1436
f 1444/3488/1433 1446/3490/1435 1448/3492/1437
f 1448/3492/1437 1446/3490/1435 1447/3491/1436
f 1444/3488/1433 1448/3492/1437 1440/3487/1429
f 1448/3492/1437 1447/3491/1436 1449/3493/1438
f 1450/3494/1439 1451/3495/1440 1449/3493/1438
f 1449/3493/1438 1451/3495/1440 1452/3496/1441
f 1448/3492/1437 1449/3493/1438 1453/3497/1442
f 1453/3497/1442 1449/3493/1438 1452/3496/1441
f 1448/3492/1437 1453/3497/1442 1440/3487/1429
f 1453/3497/1442 1452/3496/1441 1454/3498/1443
f 1440/3487/1429 1453/3497/1442 1455/3499/1444
f 1455/3499/1444 1453/3497/1442 1454/3498/1443
f 1440/3487/1429 1455/3499/1444 1441/3500/1430
f 1455/3499/1444 1454/3498/1443 1456/3501/1445
f 1457/3502/1446 1441/3500/1430 1456/3501/1445
f 1441/3500/1430 1455/3499/1444 1458/3503/1447
f 1441/3500/1430 1458/3503/1447 1456/3501/1445
f 1456/3501/1445 1458/3503/1447 1455/3499/1444
f 1321/3504/1312 1355/3505/1345 1445/3506/1434
f 1355/3505/1345 1321/3504/1312 1352/3507/1342
f 1352/3507/1342 1321/3504/1312 1320/3508/1311
f 1445/3506/1434 1355/3505/1345 1459/3509/1448
f 1459/3509/1448 1355/3505/1345 1460/3510/1449
f 1459/3509/1448 1460/3510/1449 1461/3511/1450
f 1461/3511/1450 1460/3510/1449 1462/3512/1451
f 1459/3509/1448 1461/3511/1450 1324/3513/1315
f 1324/3513/1315 1461/3511/1450 1326/3514/1317
f 1463/3515/1452 1464/3516/1453 1465/3517/1454
f 1465/3517/1454 1464/3516/1453 1454/3518/1443
f 1464/3516/1453 1463/3515/1452 1466/3519/1455
f 1465/3517/1454 1454/3518/1443 1452/3520/1441
f 1466/3519/1455 1463/3515/1452 1450/3521/1439
f 1465/3517/1454 1452/3520/1441 1451/3522/1440
f 1465/3517/1454 1451/3522/1440 1463/3515/1452
f 1463/3515/1452 1451/3522/1440 1450/3521/1439
f 1466/3523/1455 1467/3524/1456 1468/3525/1457
f 1466/3523/1455 1468/3525/1457 1469/3526/1458
f 1467/3524/1456 1466/3523/1455 1450/3527/1439
f 1467/3524/1456 1450/3527/1439 1470/3528/1459
f 1471/3529/1460 1454/3530/1443 1472/3531/1461
f 1472/3531/1461 1454/3530/1443 1464/3532/1453
f 1472/3531/1461 1464/3532/1453 1469/3533/1458
f 1469/3533/1458 1464/3532/1453 1466/3534/1455
f 1454/3530/1443 1471/3529/1460 1456/3535/1445
f 1456/3535/1445 1471/3529/1460 1457/3536/1446
f 1457/3536/1446 1471/3529/1460 1473/3537/1462
f 1468/3538/1457 1467/3539/1456 1474/3540/1463
f 1468/3538/1457 1474/3540/1463 1469/3541/1458
f 1469/3541/1458 1474/3540/1463 1473/3542/1462
f 1469/3541/1458 1473/3542/1462 1471/3543/1460
f 1474/3540/1463 1467/3539/1456 1475/3544/1464
f 1474/3540/1463 1475/3544/1464 1476/3545/1465
f 1475/3544/1464 1467/3539/1456 1470/3546/1459
f 1306/3547/1297 1307/3548/1298 1477/3549/1466
f 1477/3549/1466 1307/3548/1298 1437/3550/1426
f 1306/3547/1297 1477/3549/1466 1478/3551/1467
f 1478/3551/1467 1477/3549/1466 1479/3552/1468
f 1479/3552/1468 1477/3549/1466 1480/3553/1469
f 1478/3551/1467 1479/3552/1468 1481/3554/1470
f 1481/3554/1470 1479/3552/1468 1482/3555/1471
f 1438/3556/1427 1477/3557/1466 1437/3558/1426
f 1477/3557/1466 1438/3556/1427 1480/3559/1469
f 1480/3559/1469 1438/3556/1427 1434/3560/1423
f 1480/3559/1469 1434/3560/1423 1435/3561/1424
f 1441/3562/1430 1483/3563/1472 1307/3564/1298
f 1437/3565/1426 1307/3566/1298 1483/3567/1472
f 1437/3565/1426 1483/3567/1472 1479/3568/1468
f 1479/3568/1468 1483/3567/1472 1482/3569/1471
f 1437/3565/1426 1479/3568/1468 1436/3570/1425
f 1436/3570/1425 1479/3568/1468 1480/3571/1469
f 1436/3570/1425 1480/3571/1469 1435/3572/1424
f 1478/3573/1467 1309/3574/1300 1306/3575/1297
f 1309/3574/1300 1478/3573/1467 1335/3576/1326
f 1478/3577/1467 1484/3578/1473 1335/3579/1326
f 1335/3579/1326 1484/3578/1473 1485/3580/1474
f 1484/3581/1473 1478/3582/1467 1481/3583/1470
f 1484/3581/1473 1481/3583/1470 1486/3584/1475
f 1482/3585/1471 1483/3586/1472 1487/3587/1476
f 1487/3587/1476 1483/3586/1472 1488/3588/1477
f 1487/3587/1476 1488/3588/1477 1489/3589/1478
f 1489/3589/1478 1488/3588/1477 1490/3590/1479
f 1488/3588/1477 1483/3586/1472 1457/3591/1446
f 1488/3588/1477 1457/3591/1446 1490/3590/1479
f 1490/3590/1479 1457/3591/1446 1491/3592/1480
f 1490/3590/1479 1491/3592/1480 1492/3593/1481
f 1491/3592/1480 1457/3591/1446 1493/3594/1482
f 1493/3594/1482 1457/3591/1446 1473/3595/1462
f 1492/3593/1481 1491/3592/1480 1494/3596/1483
f 1494/3596/1483 1491/3592/1480 1493/3594/1482
f 1493/3594/1482 1473/3595/1462 1495/3597/1484
f 1492/3593/1481 1494/3596/1483 1496/3598/1198
f 1493/3594/1482 1495/3597/1484 1497/3599/1485
f 1493/3594/1482 1497/3599/1485 1494/3596/1483
f 1494/3596/1483 1497/3599/1485 1496/3598/1198
f 1497/3599/1485 1495/3597/1484 1498/3600/1486
f 1497/3599/1485 1498/3600/1486 1496/3598/1198
f 1496/3598/1198 1498/3600/1486 1499/3601/1487
f 1496/3598/1198 1499/3601/1487 1500/3602/1488
f 1500/3602/1488 1499/3601/1487 1501/3603/1489
f 1501/3603/1489 1499/3601/1487 1502/3604/1490
f 1502/3604/1490 1499/3601/1487 1498/3600/1486
f 1502/3604/1490 1498/3600/1486 1503/3605/1491
f 1460/3606/1449 1355/3607/1345 1357/3608/1347
f 1489/3609/1478 1504/3610/1492 1487/3611/1476
f 1487/3611/1476 1504/3610/1492 1482/3612/1471
f 1469/3613/1458 1472/3614/1461 1471/3615/1460
f 1505/3616/1493 1473/3617/1462 1474/3618/1463
f 1473/3617/1462 1505/3616/1493 1470/3619/1459
f 1473/3617/1462 1470/3619/1459 1506/3620/1494
f 1506/3620/1494 1470/3619/1459 1507/3621/1495
f 1470/3619/1459 1505/3616/1493 1508/3622/1496
f 1470/3619/1459 1508/3622/1496 1509/3623/1497
f 1509/3623/1497 1508/3622/1496 1510/3624/1498
f 1470/3619/1459 1509/3623/1497 1475/3625/1464
f 1475/3625/1464 1509/3623/1497 1476/3626/1465
f 1441/3627/1430 1457/3628/1446 1483/3629/1472
f 1485/3630/1474 1486/3631/1475 1481/3632/1470
f 1486/3631/1475 1485/3630/1474 1484/3633/1473
f 1511/3634/1499 1323/3635/1314 1391/3636/1381
f 1323/3635/1314 1511/3634/1499 1324/3637/1315
f 1324/3637/1315 1511/3634/1499 1459/3638/1448
f 1459/3638/1448 1511/3634/1499 1512/3639/1500
f 1511/3634/1499 1391/3636/1381 1425/3640/1414
f 1511/3634/1499 1425/3640/1414 1513/3641/1501
f 1511/3634/1499 1513/3641/1501 1326/3642/1317
f 1326/3642/1317 1513/3641/1501 1424/3643/624
f 1424/3643/624 1513/3641/1501 1425/3640/1414
f 1425/3640/1414 1391/3636/1381 1512/3644/1500
f 1425/3640/1414 1512/3644/1500 1514/3645/1502
f 1512/3644/1500 1391/3636/1381 1515/3646/1503
f 1512/3644/1500 1515/3646/1503 1447/3647/1436
f 1512/3644/1500 1447/3647/1436 1445/3648/1434
f 1512/3644/1500 1445/3648/1434 1459/3649/1448
f 1447/3650/1436 1515/3651/1503 1516/3652/1504
f 1447/3650/1436 1516/3652/1504 1517/3653/1505
f 1517/3653/1505 1516/3652/1504 1518/3654/1506
f 1517/3653/1505 1518/3654/1506 1507/3655/1495
f 1447/3650/1436 1517/3653/1505 1449/3656/1438
f 1517/3653/1505 1507/3655/1495 1470/3657/1459
f 1449/3656/1438 1517/3653/1505 1519/3658/1507
f 1519/3658/1507 1517/3653/1505 1470/3657/1459
f 1449/3656/1438 1519/3658/1507 1450/3659/1439
f 1450/3659/1439 1519/3658/1507 1470/3657/1459
f 1520/3660/1508 1391/3661/1381 1392/3662/1382
f 1391/3661/1381 1520/3660/1508 1521/3663/1509
f 1391/3661/1381 1521/3663/1509 1522/3664/1510
f 1521/3663/1509 1520/3660/1508 1523/3665/1511
f 1520/3660/1508 1392/3662/1382 1524/3666/1512
f 1520/3660/1508 1524/3666/1512 1525/3667/1513
f 1525/3667/1513 1524/3666/1512 1526/3668/1514
f 1526/3668/1514 1524/3666/1512 1527/3669/1515
f 1527/3669/1515 1524/3666/1512 1402/3670/1392
f 1402/3670/1392 1524/3666/1512 1396/3671/1386
f 1396/3671/1386 1524/3666/1512 1393/3672/1383
f 1391/3673/1381 1516/3674/1504 1515/3675/1503
f 1516/3674/1504 1391/3673/1381 1522/3676/1510
f 1516/3674/1504 1522/3676/1510 1518/3677/1506
f 1518/3677/1506 1522/3676/1510 1507/3678/1495
f 1525/3679/1513 1521/3680/1509 1528/3681/1516
f 1521/3680/1509 1525/3679/1513 1527/3682/1515
f 1527/3682/1515 1525/3679/1513 1526/3683/1514
f 1521/3680/1509 1527/3682/1515 1425/3684/1414
f 1521/3680/1509 1425/3684/1414 1514/3685/1502
f 1425/3684/1414 1527/3682/1515 1419/3686/1409
f 1419/3686/1409 1527/3682/1515 1401/3687/1391
f 1401/3687/1391 1527/3682/1515 1402/3688/1392
f 1528/3689/1516 1529/3690/1517 1522/3691/1510
f 1528/3689/1516 1522/3691/1510 1521/3692/1509
f 1522/3691/1510 1529/3690/1517 1507/3693/1495
f 1507/3693/1495 1529/3690/1517 1506/3694/1494
f 1506/3694/1494 1529/3690/1517 1530/3695/1518
f 1506/3694/1494 1530/3695/1518 1531/3696/1519
f 1506/3694/1494 1531/3696/1519 1532/3697/1520
f 1509/3698/1497 1474/3699/1463 1476/3700/1465
f 1474/3699/1463 1509/3698/1497 1505/3701/1493
f 1505/3701/1493 1509/3698/1497 1510/3702/1498
f 1505/3701/1493 1510/3702/1498 1508/3703/1496
f 1533/3704/1521 1534/3705/1522 1520/3706/1508
f 1520/3706/1508 1534/3705/1522 1523/3707/1511
f 1533/3704/1521 1520/3706/1508 1525/3708/1513
f 1533/3704/1521 1525/3708/1513 1535/3709/1523
f 1533/3704/1521 1535/3709/1523 1536/3710/1524
f 1535/3709/1523 1525/3708/1513 1514/3711/1502
f 1536/3710/1524 1535/3709/1523 1532/3712/1520
f 1535/3709/1523 1514/3711/1502 1537/3713/1525
f 1535/3709/1523 1537/3713/1525 1532/3712/1520
f 1532/3712/1520 1537/3713/1525 1503/3714/1491
f 1503/3714/1491 1537/3713/1525 1502/3715/1490
f 1536/3716/1524 1528/3717/1516 1533/3718/1521
f 1533/3718/1521 1528/3717/1516 1514/3719/1502
f 1514/3719/1502 1528/3717/1516 1525/3720/1513
f 1528/3717/1516 1536/3716/1524 1538/3721/1526
f 1528/3717/1516 1538/3721/1526 1529/3722/1517
f 1538/3721/1526 1536/3716/1524 1531/3723/1519
f 1531/3723/1519 1536/3716/1524 1532/3724/1520
f 1529/3722/1517 1538/3721/1526 1539/3725/1527
f 1539/3725/1527 1538/3721/1526 1531/3723/1519
f 1529/3722/1517 1539/3725/1527 1530/3726/1518
f 1530/3726/1518 1539/3725/1527 1531/3723/1519
f 1533/3727/1521 1534/3728/1522 1540/3729/1528
f 1461/3730/1450 1511/3731/1499 1326/3732/1317
f 1511/3731/1499 1461/3730/1450 1512/3733/1500
f 1512/3733/1500 1461/3730/1450 1514/3734/1502
f 1514/3734/1502 1461/3730/1450 1541/3735/1529
f 1514/3734/1502 1541/3735/1529 1537/3736/1525
f 1537/3736/1525 1541/3735/1529 1542/3737/1530
f 1328/3738/1319 1326/3739/1317 1424/3740/624
f 1543/3741/1531 1541/3742/1529 1461/3743/1450
f 1543/3744/1531 1461/3745/1450 1462/3746/1451
f 1543/3744/1531 1462/3746/1451 1544/3747/1532
f 1543/3744/1531 1544/3747/1532 1545/3748/1533
f 1543/3744/1531 1545/3748/1533 1546/3749/1534
f 1543/3744/1531 1546/3749/1534 1547/3750/1535
f 1543/3744/1531 1547/3750/1535 1541/3751/1529
f 1541/3751/1529 1547/3750/1535 1542/3752/1530
f 1542/3752/1530 1547/3750/1535 1548/3753/1536
f 1542/3752/1530 1548/3753/1536 1501/3754/1489
f 1501/3754/1489 1548/3753/1536 1549/3755/1537
f 1460/3756/1449 1544/3757/1532 1462/3758/1451
f 1544/3757/1532 1460/3756/1449 1357/3759/1347
f 1544/3757/1532 1357/3759/1347 1550/3760/1538
f 1401/3761/1391 1416/3762/1406 1418/3763/1408
f 1506/3764/1494 1498/3765/1486 1495/3766/1484
f 1506/3764/1494 1495/3766/1484 1473/3767/1462
f 1498/3765/1486 1506/3764/1494 1503/3768/1491
f 1503/3768/1491 1506/3764/1494 1532/3769/1520
f 1502/3770/1490 1537/3771/1525 1542/3772/1530
f 1502/3770/1490 1542/3772/1530 1551/3773/1539
f 1552/3774/1540 1501/3775/1489 1502/3776/1490
f 1501/3775/1489 1552/3774/1540 1542/3777/1530
f 1552/3774/1540 1502/3776/1490 1551/3778/1539
f 1552/3774/1540 1551/3778/1539 1542/3777/1530
f 1359/3779/1349 1342/3780/1333 1553/3781/1541
f 1553/3781/1541 1342/3780/1333 1554/3782/1542
f 1359/3779/1349 1553/3781/1541 1360/3783/1350
f 1360/3783/1350 1553/3781/1541 1410/3784/1400
f 1410/3784/1400 1553/3781/1541 1555/3785/1543
f 1410/3784/1400 1555/3785/1543 1556/3786/1544
f 1410/3784/1400 1556/3786/1544 1557/3787/1545
f 1556/3786/1544 1555/3785/1543 1370/3788/1360
f 1370/3788/1360 1555/3785/1543 1558/3789/1546
f 1370/3788/1360 1558/3789/1546 1559/3790/1547
f 1556/3786/1544 1370/3788/1360 1560/3791/1548
f 1556/3786/1544 1560/3791/1548 1398/3792/1388
f 1560/3791/1548 1370/3788/1360 1561/3793/1549
f 1560/3791/1548 1561/3793/1549 1562/3794/1550
f 1562/3794/1550 1561/3793/1549 1563/3795/1551
f 1564/3796/1552 1565/3797/1553 1566/3798/1554
f 1566/3798/1554 1565/3797/1553 1567/3799/1555
f 1568/3800/1556 1342/3801/1333 1341/3802/1332
f 1342/3801/1333 1568/3800/1556 1554/3803/1542
f 1568/3800/1556 1341/3802/1332 1569/3804/1557
f 1554/3803/1542 1568/3800/1556 1570/3805/1558
f 1570/3805/1558 1568/3800/1556 1571/3806/1559
f 1571/3806/1559 1568/3800/1556 1569/3804/1557
f 1570/3805/1558 1571/3806/1559 1572/3807/1560
f 1572/3807/1560 1571/3806/1559 1573/3808/1561
f 1571/3806/1559 1569/3804/1557 1339/3809/1330
f 1571/3806/1559 1339/3809/1330 1573/3808/1561
f 1339/3809/1330 1569/3804/1557 1340/3810/1331
f 1573/3808/1561 1339/3809/1330 1338/3811/1329
f 1573/3808/1561 1338/3811/1329 1574/3812/1562
f 1569/3813/1557 1341/3814/1332 1340/3815/1331
f 1337/3816/1328 1336/3817/1327 1575/3818/1563
f 1575/3818/1563 1336/3817/1327 1576/3819/1564
f 1576/3819/1564 1336/3817/1327 1485/3820/1474
f 1576/3819/1564 1485/3820/1474 1577/3821/1565
f 1576/3819/1564 1577/3821/1565 1578/3822/1566
f 1578/3822/1566 1577/3821/1565 1579/3823/1567
f 1575/3818/1563 1576/3819/1564 1580/3824/1568
f 1575/3818/1563 1580/3824/1568 1581/3825/1569
f 1337/3816/1328 1575/3818/1563 1582/3826/1570
f 1582/3826/1570 1575/3818/1563 1581/3825/1569
f 1337/3816/1328 1582/3826/1570 1574/3827/1562
f 1582/3826/1570 1581/3825/1569 1583/3828/1571
f 1582/3826/1570 1583/3828/1571 1574/3827/1562
f 1583/3828/1571 1581/3825/1569 1584/3829/1572
f 1574/3827/1562 1583/3828/1571 1573/3830/1561
f 1583/3828/1571 1584/3829/1572 1585/3831/1573
f 1583/3828/1571 1585/3831/1573 1573/3830/1561
f 1574/3832/1562 1338/3833/1329 1337/3834/1328
f 1586/3835/1574 1345/3836/1336 1587/3837/1575
f 1587/3837/1575 1345/3836/1336 1588/3838/1576
f 1588/3838/1576 1345/3836/1336 1343/3839/1334
f 1588/3838/1576 1343/3839/1334 1346/3840/457
f 1587/3837/1575 1588/3838/1576 1589/3841/1577
f 1589/3841/1577 1588/3838/1576 1590/3842/1578
f 1590/3842/1578 1588/3838/1576 1591/3843/1579
f 1587/3837/1575 1589/3841/1577 1578/3844/1566
f 1587/3837/1575 1578/3844/1566 1586/3835/1574
f 1578/3844/1566 1589/3841/1577 1592/3845/1580
f 1586/3835/1574 1578/3844/1566 1351/3846/1341
f 1351/3846/1341 1578/3844/1566 1579/3847/1567
f 1351/3846/1341 1579/3847/1567 1353/3848/1343
f 1578/3844/1566 1592/3845/1580 1576/3849/1564
f 1576/3849/1564 1592/3845/1580 1580/3850/1568
f 1580/3850/1568 1592/3845/1580 1593/3851/1581
f 1566/3852/1554 1567/3853/1555 1564/3854/1552
f 1564/3854/1552 1567/3853/1555 1565/3855/1553
f 1594/3856/1582 1595/3857/1583 1596/3858/1584
f 1594/3856/1582 1596/3858/1584 1597/3859/1585
f 1597/3859/1585 1596/3858/1584 1570/3860/1558
f 1570/3860/1558 1596/3858/1584 1554/3861/1542
f 1596/3858/1584 1595/3857/1583 1598/3862/1586
f 1554/3861/1542 1596/3858/1584 1553/3863/1541
f 1553/3863/1541 1596/3858/1584 1598/3862/1586
f 1553/3863/1541 1598/3862/1586 1555/3864/1543
f 1599/3865/1587 1595/3866/1583 1594/3867/1582
f 1595/3866/1583 1599/3865/1587 1598/3868/1586
f 1599/3865/1587 1594/3867/1582 1600/3869/1588
f 1599/3865/1587 1600/3869/1588 1598/3868/1586
f 1601/3870/1589 1600/3871/1588 1602/3872/1590
f 1600/3871/1588 1601/3870/1589 1598/3873/1586
f 1602/3872/1590 1600/3871/1588 1594/3874/1582
f 1602/3872/1590 1594/3874/1582 1597/3875/1585
f 1603/3876/1591 1581/3877/1569 1580/3878/1568
f 1581/3877/1569 1603/3876/1591 1584/3879/1572
f 1603/3876/1591 1580/3878/1568 1593/3880/1581
f 1584/3879/1572 1603/3876/1591 1604/3881/1592
f 1604/3881/1592 1603/3876/1591 1593/3880/1581
f 1604/3881/1592 1593/3880/1581 1592/3882/1580
f 1584/3879/1572 1604/3881/1592 1585/3883/1573
f 1585/3883/1573 1604/3881/1592 1605/3884/1593
f 1573/3885/1561 1606/3886/1594 1572/3887/1560
f 1572/3887/1560 1606/3886/1594 1570/3888/1558
f 1606/3886/1594 1573/3885/1561 1585/3889/1573
f 1606/3886/1594 1585/3889/1573 1570/3888/1558
f 1570/3888/1558 1585/3889/1573 1607/3890/1595
f 1588/3891/1576 1346/3892/457 1608/3893/1596
f 1608/3893/1596 1346/3892/457 1366/3894/1356
f 1588/3891/1576 1608/3893/1596 1609/3895/1597
f 1609/3895/1597 1608/3893/1596 1366/3894/1356
f 1407/3896/1397 1408/3897/1398 1405/3898/1395
f 1256/3899/1247 1257/3900/1248 1557/3901/1545
f 1557/3901/1545 1257/3900/1248 1410/3902/1400
f 1256/3899/1247 1557/3901/1545 1398/3903/1388
f 1398/3903/1388 1557/3901/1545 1556/3904/1544
f 1610/3905/1598 1406/3906/1396 1405/3907/1395
f 1610/3905/1598 1405/3907/1395 1408/3908/1398
f 1611/3909/1599 1610/3910/1598 1408/3911/1398
f 1610/3910/1598 1611/3909/1599 1406/3912/1396
f 1406/3912/1396 1611/3909/1599 1408/3911/1398
f 1294/3913/1285 1560/3914/1548 1409/3915/1399
f 1409/3915/1399 1560/3914/1548 1423/3916/1413
f 1409/3915/1399 1423/3916/1413 1420/3917/1410
f 1409/3915/1399 1420/3917/1410 1348/3918/1338
f 1348/3918/1338 1420/3917/1410 1370/3919/1360
f 1560/3920/1548 1294/3921/1285 1293/3922/1284
f 1560/3920/1548 1293/3922/1284 1398/3923/1388
f 1348/3924/1338 1291/3925/1282 1409/3926/1399
f 1420/3927/1410 1362/3928/1352 1612/3929/1600
f 1612/3929/1600 1362/3928/1352 1361/3930/1351
f 1420/3927/1410 1612/3929/1600 1613/3931/1601
f 1420/3927/1410 1613/3931/1601 1614/3932/1602
f 1612/3929/1600 1361/3930/1351 1615/3933/1603
f 1615/3933/1603 1361/3930/1351 1363/3934/1353
f 1616/3935/1604 1370/3936/1360 1420/3937/1410
f 1370/3936/1360 1616/3935/1604 1561/3938/1549
f 1562/3939/1550 1423/3940/1413 1560/3941/1548
f 1423/3940/1413 1562/3939/1550 1617/3942/1605
f 1618/3943/1606 1559/3944/1547 1619/3945/1607
f 1619/3945/1607 1559/3944/1547 1558/3946/1546
f 1598/3947/1586 1620/3948/1608 1555/3949/1543
f 1620/3948/1608 1598/3947/1586 1601/3950/1589
f 1555/3949/1543 1620/3948/1608 1621/3951/1609
f 1555/3949/1543 1621/3951/1609 1622/3952/1610
f 1555/3949/1543 1622/3952/1610 1558/3953/1546
f 1601/3954/1589 1622/3955/1610 1623/3956/1611
f 1623/3956/1611 1622/3955/1610 1621/3957/1609
f 1601/3954/1589 1623/3956/1611 1620/3958/1608
f 1623/3956/1611 1621/3957/1609 1624/3959/1612
f 1623/3956/1611 1624/3959/1612 1620/3958/1608
f 1620/3958/1608 1624/3959/1612 1621/3957/1609
f 1370/3960/1360 1625/3961/1613 1369/3962/1359
f 1369/3962/1359 1625/3961/1613 1626/3963/1614
f 1369/3962/1359 1626/3963/1614 1627/3964/1615
f 1626/3963/1614 1625/3961/1613 1628/3965/1616
f 1370/3966/1360 1559/3967/1547 1625/3968/1613
f 1625/3968/1613 1559/3967/1547 1618/3969/1606
f 1625/3970/1613 1618/3971/1606 1619/3972/1607
f 1625/3970/1613 1619/3972/1607 1558/3973/1546
f 1625/3970/1613 1558/3973/1546 1628/3974/1616
f 1628/3974/1616 1558/3973/1546 1629/3975/1617
f 1629/3975/1617 1558/3973/1546 1622/3976/1610
f 1629/3975/1617 1622/3976/1610 1602/3977/1590
f 1602/3977/1590 1622/3976/1610 1601/3978/1589
f 1630/3979/1618 1631/3980/1619 1632/3981/1620
f 1631/3980/1619 1630/3979/1618 1633/3982/1621
f 1570/3983/1558 1607/3984/1595 1597/3985/1585
f 1597/3985/1585 1607/3984/1595 1634/3986/1622
f 1597/3985/1585 1634/3986/1622 1635/3987/1623
f 1597/3985/1585 1635/3987/1623 1602/3988/1590
f 1602/3988/1590 1635/3987/1623 1636/3989/1624
f 1602/3988/1590 1636/3989/1624 1629/3990/1617
f 1636/3989/1624 1635/3987/1623 1637/3991/1625
f 1637/3991/1625 1635/3987/1623 1634/3986/1622
f 1637/3991/1625 1634/3986/1622 1638/3992/1626
f 1639/3993/1627 1634/3986/1622 1607/3984/1595
f 1634/3986/1622 1639/3993/1627 1638/3992/1626
f 1639/3993/1627 1607/3984/1595 1640/3994/1628
f 1638/3992/1626 1639/3993/1627 1641/3995/1629
f 1641/3995/1629 1639/3993/1627 1640/3994/1628
f 1641/3995/1629 1640/3994/1628 1642/3996/1630
f 1605/3997/1593 1607/3998/1595 1585/3999/1573
f 1643/4000/1631 1644/4001/1632 1645/4002/1633
f 1645/4002/1633 1644/4001/1632 1646/4003/1634
f 1643/4000/1631 1645/4002/1633 1647/4004/1635
f 1643/4000/1631 1647/4004/1635 1368/4005/1358
f 1368/4005/1358 1647/4004/1635 1367/4006/1357
f 1644/4001/1632 1643/4000/1631 1648/4007/1636
f 1644/4001/1632 1648/4007/1636 1646/4003/1634
f 1646/4003/1634 1648/4007/1636 1636/4008/1624
f 1636/4008/1624 1648/4007/1636 1629/4009/1617
f 1605/4010/1593 1649/4011/1637 1607/4012/1595
f 1649/4011/1637 1605/4010/1593 1650/4013/1638
f 1650/4013/1638 1605/4010/1593 1591/4014/1579
f 1650/4013/1638 1591/4014/1579 1651/4015/1639
f 1591/4014/1579 1605/4010/1593 1652/4016/1640
f 1653/4017/1641 1605/4018/1593 1654/4019/1642
f 1654/4019/1642 1605/4018/1593 1604/4020/1592
f 1654/4019/1642 1604/4020/1592 1590/4021/1578
f 1654/4019/1642 1590/4021/1578 1655/4022/1643
f 1655/4022/1643 1590/4021/1578 1591/4023/1579
f 1655/4022/1643 1591/4023/1579 1652/4024/1640
f 1655/4022/1643 1652/4024/1640 1654/4019/1642
f 1654/4019/1642 1652/4024/1640 1656/4025/1644
f 1654/4019/1642 1656/4025/1644 1657/4026/1645
f 1654/4019/1642 1657/4026/1645 1653/4017/1641
f 1657/4026/1645 1656/4025/1644 1658/4027/1646
f 1657/4026/1645 1658/4027/1646 1659/4028/1647
f 1657/4026/1645 1659/4028/1647 1660/4029/1648
f 1657/4026/1645 1660/4029/1648 1653/4017/1641
f 1653/4017/1641 1660/4029/1648 1661/4030/1649
f 1662/4031/1650 1652/4032/1640 1605/4033/1593
f 1662/4031/1650 1605/4033/1593 1653/4034/1641
f 1652/4032/1640 1662/4031/1650 1663/4035/1651
f 1652/4032/1640 1663/4035/1651 1656/4036/1644
f 1663/4035/1651 1662/4031/1650 1664/4037/1652
f 1664/4037/1652 1662/4031/1650 1665/4038/1653
f 1665/4038/1653 1662/4031/1650 1653/4034/1641
f 1665/4038/1653 1653/4034/1641 1661/4039/1649
f 1666/4040/1654 1667/4041/1654 1668/4042/1654
f 1609/4043/1597 1591/4044/1579 1588/4045/1576
f 1591/4044/1579 1609/4043/1597 1669/4046/1655
f 1669/4046/1655 1609/4043/1597 1640/4047/1628
f 1669/4046/1655 1640/4047/1628 1607/4048/1595
f 1640/4047/1628 1609/4043/1597 1670/4049/1656
f 1671/4050/1657 1672/4051/1658 1664/4052/1652
f 1671/4050/1657 1664/4052/1652 1651/4053/1639
f 1671/4050/1657 1651/4053/1639 1673/4054/1659
f 1664/4052/1652 1672/4051/1658 1663/4055/1651
f 1663/4055/1651 1672/4051/1658 1674/4056/1660
f 1663/4055/1651 1674/4056/1660 1675/4057/1661
f 1675/4057/1661 1674/4056/1660 1676/4058/1662
f 1675/4057/1661 1676/4058/1662 1677/4059/1663
f 1677/4059/1663 1676/4058/1662 1678/4060/1664
f 1677/4059/1663 1678/4060/1664 1673/4061/1659
f 1367/4062/1357 1609/4063/1597 1366/4064/1356
f 1609/4063/1597 1367/4062/1357 1679/4065/1665
f 1680/4066/1666 1681/4067/1666 1682/4068/1666
f 1683/4069/1667 1684/4070/1668 1685/4071/1669
f 1683/4069/1667 1685/4071/1669 1686/4072/1670
f 1685/4071/1669 1684/4070/1668 1687/4073/1671
f 1684/4070/1668 1683/4069/1667 1688/4074/1672
f 1684/4070/1668 1688/4074/1672 1689/4075/1673
f 1661/4076/1649 1660/4077/1648 1690/4078/1674
f 1690/4078/1674 1660/4077/1648 1659/4079/1647
f 1661/4076/1649 1690/4078/1674 1665/4080/1653
f 1690/4078/1674 1659/4079/1647 1658/4081/1646
f 1665/4080/1653 1690/4078/1674 1664/4082/1652
f 1664/4082/1652 1690/4078/1674 1691/4083/1675
f 1664/4082/1652 1691/4083/1675 1692/4084/1676
f 1690/4078/1674 1658/4081/1646 1663/4085/1651
f 1663/4085/1651 1658/4081/1646 1656/4086/1644
f 1690/4078/1674 1663/4085/1651 1691/4083/1675
f 1692/4084/1676 1691/4083/1675 1693/4087/1677
f 1693/4087/1677 1691/4083/1675 1694/4088/1678
f 1693/4087/1677 1694/4088/1678 1695/4089/1679
f 1691/4083/1675 1663/4085/1651 1696/4090/1680
f 1691/4083/1675 1696/4090/1680 1694/4088/1678
f 1694/4088/1678 1696/4090/1680 1695/4089/1679
f 1696/4090/1680 1663/4085/1651 1675/4091/1661
f 1695/4089/1679 1696/4090/1680 1697/4092/1681
f 1697/4092/1681 1696/4090/1680 1675/4091/1661
f 1697/4092/1681 1675/4091/1661 1698/4093/1682
f 1697/4092/1681 1698/4093/1682 1699/4094/1683
f 1699/4094/1683 1698/4093/1682 1700/4095/1684
f 1699/4094/1683 1700/4095/1684 1701/4096/1685
f 1702/4097/1686 1688/4098/1672 1683/4099/1667
f 1702/4097/1686 1683/4099/1667 1703/4100/1687
f 1704/4101/1688 1683/4102/1667 1686/4103/1670
f 1683/4102/1667 1704/4101/1688 1703/4104/1687
f 1686/4105/1670 1685/4106/1669 1687/4107/1671
f 1705/4108/1689 1669/4109/1655 1607/4110/1595
f 1705/4108/1689 1607/4110/1595 1649/4111/1637
f 1669/4109/1655 1705/4108/1689 1706/4112/1548
f 1669/4109/1655 1706/4112/1548 1591/4113/1579
f 1591/4113/1579 1706/4112/1548 1651/4114/1639
f 1641/4115/1629 1707/4116/1690 1638/4117/1626
f 1670/4118/1656 1642/4119/1630 1640/4120/1628
f 1708/4121/1691 1629/4122/1617 1648/4123/1636
f 1629/4122/1617 1708/4121/1691 1709/4124/1692
f 1629/4122/1617 1709/4124/1692 1710/4125/1693
f 1710/4125/1693 1709/4124/1692 1711/4126/1694
f 1629/4122/1617 1710/4125/1693 1628/4127/1616
f 1710/4125/1693 1711/4126/1694 1712/4128/1695
f 1712/4128/1695 1711/4126/1694 1713/4129/1696
f 1710/4125/1693 1712/4128/1695 1714/4130/1697
f 1710/4125/1693 1714/4130/1697 1628/4127/1616
f 1628/4127/1616 1714/4130/1697 1715/4131/1698
f 1628/4127/1616 1715/4131/1698 1627/4132/1615
f 1716/4133/1699 1648/4134/1636 1643/4135/1631
f 1648/4134/1636 1716/4133/1699 1708/4136/1691
f 1708/4136/1691 1716/4133/1699 1717/4137/1700
f 1708/4136/1691 1717/4137/1700 1718/4138/1701
f 1708/4136/1691 1718/4138/1701 1709/4139/1692
f 1709/4139/1692 1718/4138/1701 1719/4140/1702
f 1709/4139/1692 1719/4140/1702 1711/4141/1694
f 1720/4142/1703 1368/4143/1358 1369/4144/1359
f 1368/4143/1358 1720/4142/1703 1721/4145/1704
f 1720/4142/1703 1369/4144/1359 1722/4146/1705
f 1368/4143/1358 1721/4145/1704 1723/4147/1706
f 1368/4143/1358 1723/4147/1706 1643/4148/1631
f 1643/4148/1631 1723/4147/1706 1716/4149/1699
f 1722/4146/1705 1369/4144/1359 1627/4150/1615
f 1722/4146/1705 1627/4150/1615 1724/4151/1707
f 1722/4146/1705 1724/4151/1707 1715/4152/1698
f 1626/4153/1614 1628/4154/1616 1627/4155/1615
f 1725/4156/1708 1724/4157/1707 1627/4158/1615
f 1724/4157/1707 1725/4156/1708 1726/4159/1709
f 1726/4159/1709 1725/4156/1708 1627/4158/1615
f 1724/4157/1707 1726/4159/1709 1727/4160/1710
f 1726/4159/1709 1627/4158/1615 1715/4161/1698
f 1727/4160/1710 1726/4159/1709 1728/4162/1711
f 1728/4162/1711 1726/4159/1709 1715/4161/1698
f 1727/4160/1710 1728/4162/1711 1729/4163/1712
f 1728/4162/1711 1715/4161/1698 1730/4164/1713
f 1728/4162/1711 1730/4164/1713 1729/4163/1712
f 1731/4165/1714 1720/4166/1703 1722/4167/1705
f 1731/4165/1714 1722/4167/1705 1732/4168/1715
f 1732/4168/1715 1722/4167/1705 1733/4169/1716
f 1733/4169/1716 1722/4167/1705 1712/4170/1695
f 1712/4170/1695 1722/4167/1705 1714/4171/1697
f 1714/4171/1697 1722/4167/1705 1715/4172/1698
f 1613/4173/1601 1612/4174/1600 1734/4175/1717
f 1734/4176/1717 1735/4177/1718 1613/4178/1601
f 1735/4177/1718 1734/4176/1717 1736/4179/1719
f 1737/4180/1720 1715/4181/1698 1724/4182/1707
f 1737/4180/1720 1724/4182/1707 1727/4183/1710
f 1719/4184/1702 1713/4185/1696 1711/4186/1694
f 1713/4185/1696 1719/4184/1702 1738/4187/1721
f 1713/4185/1696 1738/4187/1721 1739/4188/1722
f 1713/4185/1696 1739/4188/1722 1740/4189/1723
f 1740/4189/1723 1739/4188/1722 1741/4190/1724
f 1740/4189/1723 1741/4190/1724 1719/4191/1702
f 1713/4192/1696 1733/4193/1716 1712/4194/1695
f 1723/4195/1706 1742/4196/1725 1716/4197/1699
f 1716/4197/1699 1742/4196/1725 1717/4198/1700
f 1612/4199/1600 1615/4200/1603 1743/4201/1726
f 1737/4202/1720 1730/4203/1713 1715/4204/1698
f 1730/4203/1713 1737/4202/1720 1739/4205/1722
f 1739/4205/1722 1737/4202/1720 1744/4206/1727
f 1739/4205/1722 1744/4206/1727 1741/4207/1724
f 1744/4206/1727 1737/4202/1720 1745/4208/1728
f 1745/4208/1728 1737/4202/1720 1727/4209/1710
f 1745/4208/1728 1727/4209/1710 1729/4210/1712
f 1739/4211/1722 1738/4212/1721 1730/4213/1713
f 1730/4213/1713 1738/4212/1721 1746/4214/1729
f 1730/4213/1713 1746/4214/1729 1729/4215/1712
f 1746/4214/1729 1738/4212/1721 1741/4216/1724
f 1746/4214/1729 1741/4216/1724 1744/4217/1727
f 1745/4218/1728 1729/4219/1712 1746/4220/1729
f 1745/4218/1728 1746/4220/1729 1744/4221/1727
f 1485/4222/1474 1336/4223/1327 1335/4224/1326
f 1344/4225/1335 1345/4226/1336 1671/4227/1657
f 1344/4225/1335 1671/4227/1657 1350/4228/1340
f 1350/4228/1340 1671/4227/1657 1673/4229/1659
f 1671/4227/1657 1345/4226/1336 1586/4230/1574
f 1671/4227/1657 1586/4230/1574 1672/4231/1658
f 1672/4231/1658 1586/4230/1574 1674/4232/1660
f 1674/4232/1660 1586/4230/1574 1351/4233/1341
f 1357/4234/1347 1356/4235/1346 1747/4236/1730
f 1747/4236/1730 1356/4235/1346 1748/4237/1731
f 1357/4234/1347 1747/4236/1730 1550/4238/1538
f 1550/4238/1538 1747/4236/1730 1749/4239/1732
f 1550/4238/1538 1749/4239/1732 1750/4240/1733
f 1577/4241/1565 1751/4242/1734 1579/4243/1567
f 1751/4242/1734 1577/4241/1565 1752/4244/1735
f 1751/4242/1734 1752/4244/1735 1579/4243/1567
f 1752/4244/1735 1577/4241/1565 1482/4245/1471
f 1752/4244/1735 1482/4245/1471 1504/4246/1492
f 1579/4243/1567 1752/4244/1735 1753/4247/1736
f 1753/4247/1736 1752/4244/1735 1504/4246/1492
f 1579/4243/1567 1753/4247/1736 1754/4248/1737
f 1753/4247/1736 1504/4246/1492 1755/4249/1738
f 1756/4250/1739 1579/4251/1567 1754/4252/1737
f 1579/4251/1567 1756/4250/1739 1353/4253/1343
f 1353/4253/1343 1756/4250/1739 1757/4254/1740
f 1353/4253/1343 1757/4254/1740 1354/4255/1344
f 1354/4255/1344 1757/4254/1740 1356/4256/1346
f 1356/4256/1346 1757/4254/1740 1758/4257/1741
f 1759/4258/1742 1350/4259/1340 1673/4260/1659
f 1678/4261/1664 1351/4262/1341 1350/4263/1340
f 1678/4261/1664 1350/4263/1340 1372/4264/1362
f 1351/4262/1341 1678/4261/1664 1676/4265/1662
f 1351/4262/1341 1676/4265/1662 1674/4266/1660
f 1759/4267/1742 1678/4268/1664 1372/4269/1362
f 1678/4268/1664 1759/4267/1742 1673/4270/1659
f 1577/4271/1565 1485/4272/1474 1481/4273/1470
f 1577/4271/1565 1481/4273/1470 1482/4274/1471
f 1760/4275/1743 1489/4276/1478 1490/4277/1479
f 1760/4275/1743 1490/4277/1479 1492/4278/1481
f 1760/4275/1743 1492/4278/1481 1761/4279/1744
f 1489/4276/1478 1760/4275/1743 1504/4280/1492
f 1760/4275/1743 1761/4279/1744 1762/4281/1745
f 1504/4280/1492 1760/4275/1743 1763/4282/1746
f 1763/4282/1746 1760/4275/1743 1762/4281/1745
f 1504/4280/1492 1763/4282/1746 1755/4283/1738
f 1763/4282/1746 1762/4281/1745 1764/4284/1747
f 1763/4282/1746 1764/4284/1747 1755/4283/1738
f 1765/4285/1748 1766/4286/1749 1767/4287/1750
f 1767/4287/1750 1766/4286/1749 1768/4288/1751
f 1765/4285/1748 1767/4287/1750 1769/4289/1752
f 1769/4289/1752 1767/4287/1750 1768/4288/1751
f 1770/4290/1753 1771/4291/1754 1772/4292/1755
f 1761/4293/1744 1773/4294/1756 1762/4295/1745
f 1762/4295/1745 1773/4294/1756 1774/4296/1757
f 1774/4296/1757 1773/4294/1756 1775/4297/1758
f 1773/4294/1756 1761/4293/1744 1776/4298/1759
f 1775/4297/1758 1773/4294/1756 1777/4299/1760
f 1777/4299/1760 1773/4294/1756 1776/4298/1759
f 1777/4299/1760 1776/4298/1759 1500/4300/1488
f 1770/4301/1753 1772/4302/1755 1774/4303/1757
f 1774/4303/1757 1772/4302/1755 1778/4304/1761
f 1770/4301/1753 1774/4303/1757 1775/4305/1758
f 1770/4301/1753 1775/4305/1758 1779/4306/1762
f 1770/4301/1753 1779/4306/1762 1771/4307/1754
f 1778/4308/1761 1772/4309/1755 1780/4310/1763
f 1778/4308/1761 1780/4310/1763 1779/4311/1762
f 1778/4308/1761 1779/4311/1762 1781/4312/1764
f 1778/4308/1761 1781/4312/1764 1782/4313/1765
f 1778/4308/1761 1782/4313/1765 1764/4314/1747
f 1778/4308/1761 1764/4314/1747 1762/4315/1745
f 1778/4308/1761 1762/4315/1745 1774/4316/1757
f 1780/4317/1763 1772/4318/1755 1771/4319/1754
f 1780/4317/1763 1771/4319/1754 1779/4320/1762
f 1544/4321/1532 1550/4322/1538 1545/4323/1533
f 1547/4324/1535 1546/4325/1534 1548/4326/1536
f 1548/4326/1536 1546/4325/1534 1549/4327/1537
f 1549/4327/1537 1546/4325/1534 1783/4328/1766
f 1783/4328/1766 1546/4325/1534 1545/4329/1533
f 1783/4328/1766 1545/4329/1533 1550/4330/1538
f 1783/4328/1766 1550/4330/1538 1750/4331/1733
f 1549/4327/1537 1783/4328/1766 1784/4332/1767
f 1783/4328/1766 1750/4331/1733 1785/4333/1768
f 1783/4328/1766 1785/4333/1768 1784/4332/1767
f 1784/4332/1767 1785/4333/1768 1786/4334/1026
f 1423/4335/1413 1617/4336/1605 1422/4337/1412
f 1422/4337/1412 1617/4336/1605 1787/4338/1769
f 1422/4337/1412 1787/4338/1769 1616/4339/1604
f 1616/4339/1604 1787/4338/1769 1788/4340/1770
f 1617/4341/1605 1789/4342/1771 1787/4343/1769
f 1788/4344/1770 1789/4345/1771 1617/4346/1605
f 1790/4347/1772 1365/4348/1355 1422/4349/1412
f 1790/4347/1772 1422/4349/1412 1616/4350/1604
f 1790/4347/1772 1616/4350/1604 1563/4351/1551
f 1563/4351/1551 1616/4350/1604 1561/4352/1549
f 1365/4348/1355 1790/4347/1772 1791/4353/1358
f 1365/4348/1355 1791/4353/1358 1792/4354/1773
f 1365/4348/1355 1792/4354/1773 1364/4355/1354
f 1364/4355/1354 1792/4354/1773 1363/4356/1353
f 1616/4357/1604 1420/4358/1410 1614/4359/1602
f 1616/4357/1604 1614/4359/1602 1562/4360/1550
f 1616/4361/1604 1788/4362/1770 1617/4363/1605
f 1616/4361/1604 1617/4363/1605 1562/4364/1550
f 1793/4365/1774 1794/4366/1774 1795/4367/1774
f 1631/4368/1619 1633/4369/1621 1632/4370/1620
f 1630/4371/1618 1632/4372/1620 1633/4373/1621
f 1796/4374/1775 1777/4375/1760 1784/4376/1767
f 1784/4376/1767 1777/4375/1760 1549/4377/1537
f 1796/4374/1775 1784/4376/1767 1797/4378/1776
f 1796/4374/1775 1797/4378/1776 1798/4379/1777
f 1500/4380/1488 1492/4381/1481 1496/4382/1198
f 1492/4381/1481 1500/4380/1488 1765/4383/1748
f 1765/4383/1748 1500/4380/1488 1766/4384/1749
f 1766/4384/1749 1500/4380/1488 1769/4385/1752
f 1769/4385/1752 1500/4380/1488 1776/4386/1759
f 1799/4387/1778 1800/4388/1779 1801/4389/1780
f 1801/4389/1780 1800/4388/1779 1802/4390/1781
f 1802/4390/1781 1800/4388/1779 1803/4391/1782
f 1801/4392/1780 1804/4393/1783 1799/4394/1778
f 1799/4394/1778 1804/4393/1783 1800/4395/1779
f 1804/4393/1783 1801/4392/1780 1802/4396/1781
f 1800/4395/1779 1804/4393/1783 1803/4397/1782
f 1803/4397/1782 1804/4393/1783 1802/4396/1781
f 1787/4398/1769 1789/4399/1771 1788/4400/1770
f 1766/4401/1749 1769/4402/1752 1768/4403/1751
f 1776/4404/1759 1761/4405/1744 1492/4406/1481
f 1776/4404/1759 1492/4406/1481 1765/4407/1748
f 1776/4404/1759 1765/4407/1748 1769/4408/1752
f 1549/4409/1537 1777/4410/1760 1501/4411/1489
f 1501/4411/1489 1777/4410/1760 1500/4412/1488
f 1805/4413/1784 1806/4414/1785 1807/4415/1786
f 1807/4415/1786 1806/4414/1785 1808/4416/1787
f 1808/4417/1787 1805/4418/1784 1807/4419/1786
f 1805/4418/1784 1808/4417/1787 1806/4420/1785
f 1775/4421/1758 1777/4422/1760 1809/4423/1788
f 1809/4423/1788 1777/4422/1760 1796/4424/1775
f 1604/4425/1592 1592/4426/1580 1589/4427/1577
f 1604/4425/1592 1589/4427/1577 1590/4428/1578
f 1757/4429/1740 1756/4430/1739 1810/4431/1789
f 1810/4431/1789 1756/4430/1739 1811/4432/1790
f 1811/4432/1790 1756/4430/1739 1754/4433/1737
f 1754/4434/1737 1753/4435/1736 1700/4436/1684
f 1754/4434/1737 1700/4436/1684 1698/4437/1682
f 1754/4434/1737 1698/4437/1682 1675/4438/1661
f 1754/4434/1737 1675/4438/1661 1811/4439/1790
f 1700/4440/1684 1753/4441/1736 1755/4442/1738
f 1812/4443/1791 1755/4444/1738 1764/4445/1747
f 1701/4446/1685 1700/4447/1684 1755/4444/1738
f 1701/4446/1685 1755/4444/1738 1813/4448/1792
f 1813/4448/1792 1755/4444/1738 1812/4443/1791
f 1813/4448/1792 1812/4443/1791 1810/4449/1789
f 1810/4449/1789 1812/4443/1791 1758/4450/1741
f 1758/4450/1741 1812/4443/1791 1764/4445/1747
f 1758/4450/1741 1764/4445/1747 1814/4451/1793
f 1814/4451/1793 1764/4445/1747 1815/4452/1794
f 1814/4451/1793 1815/4452/1794 1816/4453/1795
f 1758/4450/1741 1814/4451/1793 1817/4454/1796
f 1758/4450/1741 1817/4454/1796 1748/4455/1731
f 1748/4456/1731 1356/4457/1346 1758/4458/1741
f 1757/4459/1740 1810/4460/1789 1758/4461/1741
f 1764/4462/1747 1782/4463/1765 1815/4464/1794
f 1815/4464/1794 1782/4463/1765 1818/4465/1797
f 1818/4465/1797 1782/4463/1765 1819/4466/1798
f 1819/4466/1798 1782/4463/1765 1781/4467/1764
f 1819/4466/1798 1781/4467/1764 1820/4468/1799
f 1820/4468/1799 1781/4467/1764 1821/4469/1800
f 1820/4468/1799 1821/4469/1800 1822/4470/1801
f 1822/4470/1801 1821/4469/1800 1823/4471/1802
f 1822/4470/1801 1823/4471/1802 1824/4472/1803
f 1824/4472/1803 1823/4471/1802 1749/4473/1732
f 1825/4474/1804 1673/4475/1659 1651/4476/1639
f 1673/4475/1659 1825/4474/1804 1677/4477/1663
f 1677/4477/1663 1825/4474/1804 1811/4478/1790
f 1677/4477/1663 1811/4478/1790 1675/4479/1661
f 1826/4480/1805 1827/4481/1806 1828/4482/1807
f 1815/4483/1794 1818/4484/1797 1829/4485/1808
f 1815/4483/1794 1829/4485/1808 1816/4486/1795
f 1829/4485/1808 1818/4484/1797 1830/4487/1809
f 1830/4487/1809 1818/4484/1797 1831/4488/1810
f 1831/4488/1810 1818/4484/1797 1819/4489/1798
f 1832/4490/1811 1615/4491/1603 1363/4492/1353
f 1832/4490/1811 1363/4492/1353 1792/4493/1773
f 1832/4490/1811 1792/4493/1773 1833/4494/1812
f 1790/4495/1772 1563/4496/1551 1614/4497/1602
f 1614/4497/1602 1563/4496/1551 1562/4498/1550
f 1834/4499/1813 1614/4500/1602 1613/4501/1601
f 1834/4499/1813 1613/4501/1601 1735/4502/1718
f 1790/4503/1772 1614/4504/1602 1834/4505/1813
f 1834/4506/1813 1835/4507/1814 1790/4508/1772
f 1790/4508/1772 1835/4507/1814 1791/4509/1358
f 1791/4509/1358 1835/4507/1814 1836/4510/1815
f 1791/4509/1358 1836/4510/1815 1792/4511/1773
f 1837/4512/1692 1750/4513/1733 1749/4514/1732
f 1750/4513/1733 1837/4512/1692 1838/4515/1816
f 1750/4513/1733 1838/4515/1816 1797/4516/1776
f 1797/4516/1776 1838/4515/1816 1839/4517/63
f 1839/4517/63 1838/4515/1816 1840/4518/1817
f 1797/4516/1776 1839/4517/63 1841/4519/1818
f 1797/4516/1776 1841/4519/1818 1798/4520/1777
f 1798/4520/1777 1841/4519/1818 1842/4521/1819
f 1798/4520/1777 1842/4521/1819 1843/4522/1820
f 1844/4523/1821 1749/4524/1732 1747/4525/1730
f 1749/4524/1732 1844/4523/1821 1845/4526/1822
f 1844/4523/1821 1747/4525/1730 1748/4527/1731
f 1785/4528/1768 1846/4529/1823 1786/4530/1026
f 1786/4530/1026 1846/4529/1823 1847/4531/1824
f 1786/4530/1026 1847/4531/1824 1784/4532/1767
f 1846/4533/1823 1785/4534/1768 1847/4535/1824
f 1847/4535/1824 1785/4534/1768 1750/4536/1733
f 1847/4535/1824 1750/4536/1733 1797/4537/1776
f 1784/4538/1767 1847/4539/1824 1797/4540/1776
f 1821/4541/1800 1848/4542/1825 1823/4543/1802
f 1823/4543/1802 1848/4542/1825 1849/4544/1808
f 1823/4543/1802 1849/4544/1808 1749/4545/1732
f 1848/4542/1825 1821/4541/1800 1850/4546/769
f 1850/4546/769 1821/4541/1800 1843/4547/1820
f 1850/4546/769 1843/4547/1820 1842/4548/1819
f 1843/4547/1820 1821/4541/1800 1781/4549/1764
f 1843/4547/1820 1781/4549/1764 1779/4550/1762
f 1796/4551/1775 1798/4552/1777 1775/4553/1758
f 1796/4551/1775 1775/4553/1758 1809/4554/1788
f 1775/4553/1758 1798/4552/1777 1779/4555/1762
f 1779/4555/1762 1798/4552/1777 1843/4556/1820
f 1851/4557/1826 1749/4558/1732 1845/4559/1822
f 1749/4558/1732 1851/4557/1826 1824/4560/1803
f 1749/4561/1732 1849/4562/1808 1852/4563/1827
f 1749/4561/1732 1852/4563/1827 1853/4564/1828
f 1852/4563/1827 1849/4562/1808 1854/4565/1829
f 1749/4561/1732 1853/4564/1828 1837/4566/1692
f 1837/4566/1692 1853/4564/1828 1855/4567/1830
f 1837/4566/1692 1855/4567/1830 1838/4568/1816
f 1854/4565/1829 1849/4562/1808 1856/4569/1831
f 1856/4569/1831 1849/4562/1808 1850/4570/769
f 1850/4570/769 1849/4562/1808 1848/4571/1825
f 1743/4572/1726 1615/4573/1603 1833/4574/1812
f 1833/4574/1812 1615/4573/1603 1832/4575/1811
f 1857/4576/1832 1835/4577/1814 1834/4578/1813
f 1857/4576/1832 1834/4578/1813 1735/4579/1718
f 1857/4576/1832 1735/4579/1718 1835/4577/1814
f 1835/4577/1814 1735/4579/1718 1858/4580/1833
f 1835/4577/1814 1858/4580/1833 1859/4581/1278
f 1835/4577/1814 1859/4581/1278 1860/4582/1834
f 1860/4582/1834 1859/4581/1278 1861/4583/1835
f 1835/4577/1814 1860/4582/1834 1862/4584/1836
f 1835/4577/1814 1862/4584/1836 1836/4585/1815
f 1850/4586/769 1842/4587/1819 1863/4588/1837
f 1863/4588/1837 1842/4587/1819 1841/4589/1818
f 1863/4588/1837 1841/4589/1818 1864/4590/1838
f 1820/4591/1799 1831/4592/1810 1819/4593/1798
f 1865/4594/1839 1866/4595/1840 1867/4596/1841
f 1865/4594/1839 1867/4596/1841 1868/4597/1842
f 1867/4596/1841 1866/4595/1840 1864/4598/1838
f 1864/4598/1838 1866/4595/1840 1863/4599/1837
f 1863/4599/1837 1866/4595/1840 1868/4600/1842
f 1863/4599/1837 1868/4600/1842 1869/4601/1843
f 1863/4599/1837 1869/4601/1843 1870/4602/1844
f 1863/4599/1837 1870/4602/1844 1871/4603/1845
f 1866/4604/1840 1872/4605/1846 1868/4606/1842
f 1872/4605/1846 1866/4604/1840 1865/4607/1839
f 1873/4608/1847 1874/4609/1848 1875/4610/1849
f 1875/4610/1849 1874/4609/1848 1876/4611/1850
f 1875/4610/1849 1876/4611/1850 1877/4612/1851
f 1878/4613/1852 1879/4614/1853 1880/4615/1854
f 1880/4615/1854 1879/4614/1853 1881/4616/1855
f 1881/4616/1855 1879/4614/1853 1882/4617/1856
f 1880/4615/1854 1881/4616/1855 1883/4618/1857
f 1878/4613/1852 1880/4615/1854 1884/4619/1858
f 1884/4619/1858 1880/4615/1854 1883/4618/1857
f 1878/4613/1852 1884/4619/1858 1885/4620/1859
f 1885/4620/1859 1884/4619/1858 1886/4621/1860
f 1884/4619/1858 1883/4618/1857 1887/4622/1861
f 1884/4619/1858 1887/4622/1861 1886/4621/1860
f 1886/4621/1860 1887/4622/1861 1888/4623/1862
f 1886/4621/1860 1888/4623/1862 1889/4624/1863
f 1889/4624/1863 1888/4623/1862 1890/4625/1864
f 1890/4625/1864 1888/4623/1862 1887/4622/1861
f 1889/4624/1863 1890/4625/1864 1891/4626/1865
f 1887/4622/1861 1883/4618/1857 1892/4627/1866
f 1892/4627/1866 1883/4618/1857 1893/4628/1867
f 1892/4627/1866 1893/4628/1867 1894/4629/1868
f 1892/4627/1866 1894/4629/1868 1895/4630/1869
f 1892/4627/1866 1895/4630/1869 1887/4622/1861
f 1887/4622/1861 1895/4630/1869 1890/4625/1864
f 1890/4625/1864 1895/4630/1869 1896/4631/1870
f 1896/4631/1870 1895/4630/1869 1897/4632/1871
f 1898/4633/1872 1891/4626/1865 1890/4625/1864
f 1898/4633/1872 1890/4625/1864 1896/4631/1870
f 1891/4626/1865 1898/4633/1872 1899/4634/1873
f 1898/4633/1872 1896/4631/1870 1900/4635/1874
f 1898/4633/1872 1900/4635/1874 1899/4634/1873
f 1899/4634/1873 1900/4635/1874 1901/4636/1875
f 1901/4636/1875 1900/4635/1874 1902/4637/1876
f 1901/4636/1875 1902/4637/1876 1903/4638/1877
f 1879/4639/1853 1878/4640/1852 1904/4641/1878
f 1904/4641/1878 1878/4640/1852 1905/4642/1879
f 1905/4642/1879 1878/4640/1852 1885/4643/1859
f 1904/4641/1878 1905/4642/1879 1906/4644/1880
f 1906/4644/1880 1905/4642/1879 1885/4643/1859
f 1904/4645/1878 1907/4646/1881 1879/4647/1853
f 1879/4647/1853 1907/4646/1881 1882/4648/1856
f 1907/4646/1881 1904/4645/1878 1908/4649/1882
f 1908/4649/1882 1904/4645/1878 1906/4650/1880
f 1909/4651/1883 1910/4652/1884 1911/4653/1885
f 1910/4652/1884 1909/4651/1883 1912/4654/1886
f 1912/4654/1886 1909/4651/1883 1913/4655/1887
f 1910/4652/1884 1912/4654/1886 1914/4656/1888
f 1914/4656/1888 1912/4654/1886 1915/4657/1889
f 1915/4657/1889 1912/4654/1886 1916/4658/1890
f 1915/4657/1889 1916/4658/1890 1917/4659/1891
f 1917/4659/1891 1916/4658/1890 1918/4660/1892
f 1917/4659/1891 1918/4660/1892 1919/4661/1893
f 1920/4662/1894 1909/4663/1883 1911/4664/1885
f 1909/4663/1883 1920/4662/1894 1913/4665/1887
f 1913/4665/1887 1920/4662/1894 1921/4666/1895
f 1921/4666/1895 1920/4662/1894 1922/4667/1896
f 1913/4665/1887 1921/4666/1895 1923/4668/1897
f 1913/4665/1887 1923/4668/1897 1916/4669/1890
f 1913/4665/1887 1916/4669/1890 1912/4670/1886
f 1916/4669/1890 1923/4668/1897 1918/4671/1892
f 1918/4671/1892 1923/4668/1897 1919/4672/1893
f 1924/4673/1898 1889/4674/1863 1891/4675/1865
f 1889/4674/1863 1924/4673/1898 1886/4676/1860
f 1886/4676/1860 1924/4673/1898 1885/4677/1859
f 1885/4677/1859 1924/4673/1898 1903/4678/1877
f 1891/4679/1865 1899/4680/1873 1924/4681/1898
f 1924/4681/1898 1899/4680/1873 1903/4682/1877
f 1903/4682/1877 1899/4680/1873 1901/4683/1875
f 1925/4684/1899 1926/4685/1900 1927/4686/1901
f 1926/4685/1900 1925/4684/1899 1928/4687/1902
f 1926/4685/1900 1928/4687/1902 1929/4688/1903
f 1925/4684/1899 1927/4686/1901 1930/4689/1904
f 1925/4684/1899 1930/4689/1904 1931/4690/1905
f 1930/4689/1904 1927/4686/1901 1919/4691/1893
f 1930/4689/1904 1919/4691/1893 1932/4692/1906
f 1919/4691/1893 1927/4686/1901 1917/4693/1891
f 1932/4692/1906 1919/4691/1893 1923/4694/1897
f 1933/4695/1907 1927/4686/1901 1926/4685/1900
f 1933/4695/1907 1926/4685/1900 1929/4688/1903
f 1927/4686/1901 1933/4695/1907 1917/4693/1891
f 1933/4695/1907 1929/4688/1903 1934/4696/1300
f 1933/4695/1907 1934/4696/1300 1917/4693/1891
f 1932/4692/1906 1923/4694/1897 1935/4697/1908
f 1932/4692/1906 1935/4697/1908 1936/4698/1909
f 1935/4697/1908 1923/4694/1897 1937/4699/1910
f 1935/4697/1908 1937/4699/1910 1938/4700/1911
f 1936/4698/1909 1935/4697/1908 1939/4701/48
f 1935/4697/1908 1938/4700/1911 1940/4702/1912
f 1935/4697/1908 1940/4702/1912 1939/4701/48
f 1939/4701/48 1940/4702/1912 1941/4703/1913
f 1939/4701/48 1941/4703/1913 1942/4704/1914
f 1942/4704/1914 1941/4703/1913 1902/4705/1876
f 1902/4705/1876 1941/4703/1913 1903/4706/1877
f 1903/4706/1877 1941/4703/1913 1906/4707/1880
f 1903/4706/1877 1906/4707/1880 1885/4708/1859
f 1906/4707/1880 1941/4703/1913 1908/4709/1882
f 1943/4710/1915 1944/4711/1916 1945/4712/1917
f 1944/4711/1916 1943/4710/1915 1946/4713/1918
f 1944/4711/1916 1946/4713/1918 1947/4714/1919
f 1944/4711/1916 1947/4714/1919 1948/4715/1920
f 1948/4715/1920 1947/4714/1919 1949/4716/1921
f 1945/4712/1917 1944/4711/1916 1950/4717/970
f 1945/4712/1917 1950/4717/970 1702/4718/1686
f 1945/4712/1917 1702/4718/1686 1703/4719/1687
f 1702/4718/1686 1950/4717/970 1688/4720/1672
f 1688/4720/1672 1950/4717/970 1689/4721/1673
f 1951/4722/1922 1952/4723/1923 1695/4724/1679
f 1951/4722/1922 1695/4724/1679 1697/4725/1681
f 1951/4722/1922 1697/4725/1681 1699/4726/1683
f 1952/4723/1923 1951/4722/1922 1943/4727/1915
f 1943/4727/1915 1951/4722/1922 1953/4728/1924
f 1943/4727/1915 1953/4728/1924 1954/4729/1925
f 1943/4727/1915 1954/4729/1925 1955/4730/1926
f 1955/4730/1926 1954/4729/1925 1706/4731/1548
f 1956/4732/1927 1957/4733/1928 1958/4734/1929
f 1956/4732/1927 1958/4734/1929 1959/4735/1930
f 1960/4736/1931 1961/4737/1932 1957/4733/1928
f 1957/4733/1928 1961/4737/1932 1953/4738/1924
f 1957/4733/1928 1953/4738/1924 1958/4734/1929
f 1958/4734/1929 1953/4738/1924 1959/4735/1930
f 1959/4735/1930 1953/4738/1924 1962/4739/1933
f 1959/4735/1930 1962/4739/1933 1963/4740/1934
f 1962/4739/1933 1953/4738/1924 1964/4741/1935
f 1964/4741/1935 1953/4738/1924 1699/4742/1683
f 1699/4742/1683 1953/4738/1924 1951/4743/1922
f 1964/4741/1935 1699/4742/1683 1965/4744/1936
f 1965/4744/1936 1699/4742/1683 1966/4745/1937
f 1967/4746/1938 1968/4747/1939 1969/4748/1940
f 1968/4747/1939 1967/4746/1938 1970/4749/1941
f 1968/4747/1939 1970/4749/1941 1971/4750/1942
f 1969/4751/1940 1968/4752/1939 1939/4753/48
f 1939/4753/48 1968/4752/1939 1936/4754/1909
f 1936/4754/1909 1968/4752/1939 1971/4755/1942
f 1969/4751/1940 1939/4753/48 1972/4756/1943
f 1972/4756/1943 1939/4753/48 1942/4757/1914
f 1972/4756/1943 1942/4757/1914 1973/4758/1944
f 1969/4751/1940 1972/4756/1943 1974/4759/1945
f 1974/4759/1945 1972/4756/1943 1975/4760/1946
f 1931/4761/1905 1928/4762/1902 1925/4763/1899
f 1928/4762/1902 1931/4761/1905 1976/4764/1947
f 1977/4765/1948 1978/4766/1949 1979/4767/1950
f 1979/4767/1950 1978/4766/1949 1980/4768/1951
f 1978/4766/1949 1977/4765/1948 1981/4769/1952
f 1981/4769/1952 1977/4765/1948 1982/4770/1953
f 1981/4769/1952 1982/4770/1953 1983/4771/1954
f 1981/4769/1952 1983/4771/1954 1984/4772/1955
f 1981/4769/1952 1984/4772/1955 1985/4773/1956
f 1985/4773/1956 1984/4772/1955 1986/4774/1957
f 1985/4773/1956 1986/4774/1957 1987/4775/1958
f 1981/4769/1952 1985/4773/1956 1988/4776/1959
f 1981/4769/1952 1988/4776/1959 1989/4777/1960
f 1981/4769/1952 1989/4777/1960 1978/4766/1949
f 1978/4766/1949 1989/4777/1960 1990/4778/1961
f 1978/4766/1949 1990/4778/1961 1980/4768/1951
f 1990/4778/1961 1989/4777/1960 1959/4779/1930
f 1980/4768/1951 1990/4778/1961 1991/4780/1962
f 1990/4778/1961 1959/4779/1930 1963/4781/1934
f 1990/4778/1961 1963/4781/1934 1991/4780/1962
f 1974/4782/1945 1992/4783/1963 1971/4784/1942
f 1992/4783/1963 1974/4782/1945 1975/4785/1946
f 1974/4782/1945 1971/4784/1942 1970/4786/1941
f 1971/4784/1942 1992/4783/1963 1982/4787/1953
f 1971/4784/1942 1982/4787/1953 1977/4788/1948
f 1971/4784/1942 1977/4788/1948 1979/4789/1950
f 1982/4787/1953 1992/4783/1963 1993/4790/1964
f 1982/4787/1953 1993/4790/1964 1983/4791/1954
f 1983/4791/1954 1993/4790/1964 1994/4792/1965
f 1994/4792/1965 1993/4790/1964 1995/4793/1966
f 1983/4791/1954 1994/4792/1965 1996/4794/1967
f 1996/4794/1967 1994/4792/1965 1976/4795/1947
f 1973/4796/1944 1997/4797/1968 1998/4798/1969
f 1997/4797/1968 1973/4796/1944 1999/4799/1970
f 1997/4797/1968 1999/4799/1970 2000/4800/1971
f 2000/4800/1971 1999/4799/1970 2001/4801/1972
f 1997/4797/1968 2000/4800/1971 2002/4802/1973
f 1997/4797/1968 2002/4802/1973 2003/4803/1974
f 1997/4797/1968 2003/4803/1974 1998/4798/1969
f 1998/4798/1969 2003/4803/1974 2004/4804/1975
f 1998/4798/1969 2004/4804/1975 2005/4805/1976
f 1999/4806/1970 1973/4807/1944 2006/4808/1977
f 2006/4808/1977 1973/4807/1944 1900/4809/1874
f 2006/4808/1977 1900/4809/1874 1896/4810/1870
f 2006/4808/1977 1896/4810/1870 2007/4811/1978
f 2007/4811/1978 1896/4810/1870 1897/4812/1871
f 2006/4808/1977 2007/4811/1978 2005/4813/1976
f 2007/4811/1978 1897/4812/1871 2008/4814/1979
f 2005/4813/1976 2007/4811/1978 1998/4815/1969
f 1998/4815/1969 2007/4811/1978 2008/4814/1979
f 1998/4815/1969 2008/4814/1979 1972/4816/1943
f 1972/4816/1943 2008/4814/1979 1975/4817/1946
f 1998/4818/1969 1972/4819/1943 1973/4820/1944
f 1971/4821/1942 1932/4822/1906 1936/4823/1909
f 1932/4822/1906 1971/4821/1942 1930/4824/1904
f 1930/4824/1904 1971/4821/1942 1979/4825/1950
f 1930/4824/1904 1979/4825/1950 1931/4826/1905
f 1931/4826/1905 1979/4825/1950 1996/4827/1967
f 1931/4826/1905 1996/4827/1967 1976/4828/1947
f 1996/4827/1967 1979/4825/1950 1980/4829/1951
f 1950/4830/970 1944/4831/1916 1689/4832/1673
f 1689/4832/1673 1944/4831/1916 1948/4833/1920
f 1703/4834/1687 1692/4835/1676 1943/4836/1915
f 1703/4834/1687 1943/4836/1915 1945/4837/1917
f 1943/4838/1915 1692/4839/1676 1952/4840/1923
f 1952/4840/1923 1692/4839/1676 1693/4841/1677
f 1952/4840/1923 1693/4841/1677 1695/4842/1679
f 2009/4843/1980 1953/4844/1924 1961/4845/1932
f 2009/4843/1980 1961/4845/1932 2003/4846/1974
f 2009/4843/1980 2003/4846/1974 2002/4847/1973
f 1953/4844/1924 2009/4843/1980 1954/4848/1925
f 1954/4848/1925 2009/4843/1980 2010/4849/1981
f 1954/4848/1925 2010/4849/1981 2011/4850/1982
f 2010/4849/1981 2009/4843/1980 2004/4851/1975
f 2012/4852/1983 1827/4853/1806 1826/4854/1805
f 1827/4853/1806 2012/4852/1983 2013/4855/1984
f 2012/4852/1983 1826/4854/1805 2014/4856/1985
f 2013/4855/1984 2012/4852/1983 1966/4857/1937
f 1966/4857/1937 2012/4852/1983 2014/4856/1985
f 2013/4855/1984 1966/4857/1937 1699/4858/1683
f 1966/4857/1937 2014/4856/1985 1965/4859/1936
f 2014/4856/1985 1826/4854/1805 2015/4860/1986
f 1965/4859/1936 2014/4856/1985 2016/4861/1987
f 1965/4859/1936 2016/4861/1987 2017/4862/1988
f 2017/4862/1988 2016/4861/1987 2018/4863/1989
f 2018/4863/1989 2016/4861/1987 2019/4864/1990
f 2015/4860/1986 1826/4854/1805 2020/4865/1991
f 2020/4865/1991 1826/4854/1805 1828/4866/1807
f 2014/4856/1985 2015/4860/1986 2021/4867/1992
f 2014/4856/1985 2021/4867/1992 2016/4861/1987
f 2021/4867/1992 2015/4860/1986 2020/4865/1991
f 2020/4865/1991 1828/4866/1807 1827/4868/1806
f 2020/4865/1991 1827/4868/1806 2013/4869/1984
f 2020/4865/1991 2013/4869/1984 1830/4870/1809
f 2021/4867/1992 2020/4865/1991 2022/4871/1993
f 2021/4867/1992 2022/4871/1993 2016/4861/1987
f 2022/4871/1993 2020/4865/1991 1830/4870/1809
f 2016/4861/1987 2022/4871/1993 2019/4864/1990
f 2022/4871/1993 1830/4870/1809 1831/4872/1810
f 2022/4871/1993 1831/4872/1810 2019/4864/1990
f 2023/4873/1994 1962/4874/1933 1964/4875/1935
f 1962/4874/1933 2023/4873/1994 2024/4876/1995
f 2024/4876/1995 2023/4873/1994 1816/4877/1795
f 1965/4878/1936 2017/4879/1988 1963/4880/1934
f 1963/4880/1934 2017/4879/1988 1991/4881/1962
f 1965/4878/1936 1963/4880/1934 2025/4882/1996
f 2025/4882/1996 1963/4880/1934 1962/4883/1933
f 2000/4884/1971 2001/4885/1972 1946/4886/1918
f 2000/4884/1971 1946/4886/1918 2002/4887/1973
f 2002/4887/1973 1946/4886/1918 1949/4888/1921
f 2002/4887/1973 1949/4888/1921 2026/4889/1997
f 1949/4888/1921 1946/4886/1918 1955/4890/1926
f 1955/4890/1926 1946/4886/1918 1943/4891/1915
f 2001/4892/1972 2027/4893/1998 2028/4894/1999
f 2001/4892/1972 2028/4894/1999 2029/4895/2000
f 2027/4893/1998 2001/4892/1972 1999/4896/1970
f 2027/4893/1998 1999/4896/1970 2006/4897/1977
f 2029/4895/2000 2028/4894/1999 2030/4898/2001
f 2030/4898/2001 2028/4894/1999 2027/4893/1998
f 2029/4895/2000 2030/4898/2001 2031/4899/2002
f 2031/4899/2002 2030/4898/2001 2027/4893/1998
f 2031/4899/2002 2027/4893/1998 2006/4897/1977
f 2029/4895/2000 2031/4899/2002 2026/4900/1997
f 2026/4900/1997 2031/4899/2002 2032/4901/2003
f 2031/4899/2002 2006/4897/1977 2005/4902/1976
f 2032/4901/2003 2031/4899/2002 2033/4903/2004
f 2031/4899/2002 2005/4902/1976 2034/4904/2005
f 2034/4904/2005 2005/4902/1976 2004/4905/1975
f 2031/4899/2002 2034/4904/2005 2035/4906/2006
f 2031/4899/2002 2035/4906/2006 2033/4903/2004
f 2033/4903/2004 2035/4906/2006 2036/4907/2007
f 1961/4908/1932 1956/4909/1927 2037/4910/2008
f 1961/4908/1932 2037/4910/2008 2004/4911/1975
f 1961/4908/1932 2004/4911/1975 2003/4912/1974
f 1956/4909/1927 1961/4908/1932 1960/4913/1931
f 1956/4909/1927 1960/4913/1931 1957/4914/1928
f 2037/4910/2008 1956/4909/1927 1967/4915/1938
f 2037/4910/2008 1967/4915/1938 1969/4916/1940
f 2037/4910/2008 1969/4916/1940 2038/4917/2009
f 2038/4917/2009 1969/4916/1940 1974/4918/1945
f 1967/4915/1938 1956/4909/1927 1989/4919/1960
f 1989/4919/1960 1956/4909/1927 1959/4920/1930
f 1967/4915/1938 1989/4919/1960 1970/4921/1941
f 1970/4921/1941 1989/4919/1960 2038/4922/2009
f 2038/4922/2009 1989/4919/1960 1988/4923/1959
f 2038/4922/2009 1988/4923/1959 2037/4924/2008
f 1970/4925/1941 2038/4926/2009 1974/4927/1945
f 1874/4928/1848 1083/4929/1077 1876/4930/1850
f 1876/4930/1850 1083/4929/1077 1085/4931/1079
f 1083/4929/1077 1874/4928/1848 2039/4932/2010
f 2039/4932/2010 1874/4928/1848 2040/4933/2011
f 2040/4933/2011 1874/4928/1848 2041/4934/2012
f 2041/4934/2012 1874/4928/1848 1873/4935/1847
f 1873/4936/1847 1875/4937/1849 2042/4938/2013
f 2042/4938/2013 1875/4937/1849 1135/4939/1127
f 1093/4940/1087 1090/4941/1084 1091/4942/1085
f 2043/4943/2014 1093/4944/1087 1091/4945/1085
f 1093/4944/1087 2043/4943/2014 1094/4946/1088
f 2043/4943/2014 1091/4945/1085 1089/4947/1083
f 1094/4946/1088 2043/4943/2014 1098/4948/1092
f 1098/4948/1092 2043/4943/2014 1089/4947/1083
f 1098/4948/1092 1089/4947/1083 2044/4949/2015
f 1098/4948/1092 2044/4949/2015 1100/4950/1094
f 1098/4948/1092 1100/4950/1094 1097/4951/1091
f 2045/4952/2016 1908/4953/1882 1941/4954/1913
f 1908/4953/1882 2045/4952/2016 1907/4955/1881
f 2045/4952/2016 1941/4954/1913 1940/4956/1912
f 1907/4955/1881 2045/4952/2016 2046/4957/2017
f 2045/4952/2016 1940/4956/1912 2047/4958/2018
f 2046/4957/2017 2045/4952/2016 2039/4959/2010
f 2039/4959/2010 2045/4952/2016 1081/4960/1075
f 2039/4959/2010 1081/4960/1075 1083/4961/1077
f 1081/4960/1075 2045/4952/2016 2048/4962/2019
f 2048/4962/2019 2045/4952/2016 2044/4963/2015
f 2044/4963/2015 2045/4952/2016 2047/4958/2018
f 2044/4963/2015 2047/4958/2018 1100/4964/1094
f 1100/4964/1094 2047/4958/2018 1109/4965/1103
f 2049/4966/2020 2050/4967/2021 2051/4968/2022
f 2051/4968/2022 2050/4967/2021 2052/4969/2023
f 2051/4968/2022 2052/4969/2023 2053/4970/2024
f 2052/4969/2023 2050/4967/2021 1992/4971/1963
f 1992/4971/1963 2050/4967/2021 1995/4972/1966
f 1992/4971/1963 1995/4972/1966 1993/4973/1964
f 2052/4969/2023 1992/4971/1963 1975/4974/1946
f 2052/4969/2023 1975/4974/1946 2054/4975/2025
f 2052/4969/2023 2054/4975/2025 2053/4970/2024
f 2054/4975/2025 1975/4974/1946 2008/4976/1979
f 2054/4975/2025 2008/4976/1979 2055/4977/2026
f 2054/4975/2025 2055/4977/2026 2053/4970/2024
f 2055/4977/2026 2008/4976/1979 1897/4978/1871
f 2055/4977/2026 1897/4978/1871 1894/4979/1868
f 2053/4970/2024 2055/4977/2026 2056/4980/2027
f 2056/4980/2027 2055/4977/2026 1894/4979/1868
f 2056/4980/2027 1894/4979/1868 2057/4981/2028
f 2057/4981/2028 1894/4979/1868 1893/4982/1867
f 2053/4970/2024 2056/4980/2027 2046/4983/2017
f 2053/4970/2024 2046/4983/2017 2058/4984/2029
f 2053/4970/2024 2058/4984/2029 2049/4985/2020
f 1222/4986/1213 1221/4987/1212 1220/4988/1211
f 1221/4987/1212 1222/4986/1213 2059/4989/2030
f 2059/4989/2030 1222/4986/1213 2060/4990/2031
f 1221/4987/1212 2059/4989/2030 2061/4991/2032
f 1221/4987/1212 2061/4991/2032 2062/4992/2033
f 1221/4987/1212 2062/4992/2033 1219/4993/1210
f 1219/4993/1210 2062/4992/2033 2061/4991/2032
f 1219/4993/1210 2061/4991/2032 1218/4994/1209
f 1218/4994/1209 2061/4991/2032 1217/4995/1208
f 1217/4995/1208 2061/4991/2032 2063/4996/2034
f 2063/4996/2034 2061/4991/2032 2064/4997/2035
f 2064/4997/2035 2061/4991/2032 2059/4989/2030
f 2064/4997/2035 2059/4989/2030 2060/4990/2031
f 2064/4997/2035 2060/4990/2031 2065/4998/2036
f 2064/4997/2035 2065/4998/2036 2066/4999/2037
f 2065/4998/2036 2060/4990/2031 2067/5000/2038
f 2065/4998/2036 2067/5000/2038 2068/5001/2039
f 1107/5002/1101 1109/5003/1103 1105/5004/1099
f 1105/5004/1099 1109/5003/1103 1106/5005/1100
f 1106/5005/1100 1109/5003/1103 2047/5006/2018
f 2069/5007/2040 2068/5008/2039 2070/5009/2041
f 2070/5009/2041 2068/5008/2039 2067/5010/2038
f 2070/5009/2041 2067/5010/2038 1911/5011/1885
f 2070/5009/2041 1911/5011/1885 2071/5012/2042
f 1911/5011/1885 2067/5010/2038 1922/5013/1896
f 1911/5011/1885 1922/5013/1896 1920/5014/1894
f 1940/5015/1912 1938/5016/1911 2047/5017/2018
f 2047/5017/2018 1938/5016/1911 1106/5018/1100
f 1106/5018/1100 1938/5016/1911 1937/5019/1910
f 1921/5020/1895 1937/5019/1910 1923/5021/1897
f 1937/5019/1910 1921/5020/1895 1922/5022/1896
f 1937/5019/1910 1922/5022/1896 2050/5023/2021
f 1937/5019/1910 2050/5023/2021 2072/5024/2043
f 2072/5024/2043 2050/5023/2021 2049/5025/2020
f 1106/5018/1100 1937/5019/1910 2073/5026/2044
f 2073/5026/2044 1937/5019/1910 2072/5024/2043
f 2073/5026/2044 2072/5024/2043 2049/5025/2020
f 1106/5018/1100 2073/5026/2044 1104/5027/1098
f 2073/5026/2044 2049/5025/2020 1100/5028/1094
f 1104/5027/1098 2073/5026/2044 1109/5029/1103
f 2074/5030/2045 1100/5028/1094 1109/5029/1103
f 1100/5028/1094 2074/5030/2045 2073/5026/2044
f 2073/5026/2044 2074/5030/2045 1109/5029/1103
f 2070/5031/2041 2066/5032/2037 2069/5033/2040
f 2066/5032/2037 2070/5031/2041 2071/5034/2042
f 2069/5033/2040 2066/5032/2037 2065/5035/2036
f 2069/5033/2040 2065/5035/2036 2068/5036/2039
f 1911/5037/1885 1910/5038/1884 2071/5039/2042
f 2071/5039/2042 1910/5038/1884 1914/5040/1888
f 1902/5041/1876 1900/5042/1874 1973/5043/1944
f 1902/5041/1876 1973/5043/1944 1942/5044/1914
f 1897/5045/1871 2075/5046/2046 1894/5047/1868
f 1894/5047/1868 2075/5046/2046 2076/5048/2047
f 1894/5047/1868 2076/5048/2047 2077/5049/2048
f 1894/5047/1868 2077/5049/2048 1895/5050/1869
f 2077/5049/2048 2076/5048/2047 2078/5051/2049
f 1895/5050/1869 2077/5049/2048 1897/5052/1871
f 2077/5049/2048 2078/5051/2049 2079/5053/1081
f 2077/5049/2048 2079/5053/1081 1897/5052/1871
f 1897/5052/1871 2079/5053/1081 2075/5054/2046
f 2080/5055/2050 1995/5056/1966 2050/5057/2021
f 2080/5055/2050 2050/5057/2021 1922/5058/1896
f 2080/5055/2050 1922/5058/1896 2081/5059/2051
f 1995/5056/1966 2080/5055/2050 2082/5060/2052
f 2082/5060/2052 2080/5055/2050 2081/5059/2051
f 1995/5056/1966 2082/5060/2052 1994/5061/1965
f 1994/5061/1965 2082/5060/2052 1976/5062/1947
f 1976/5062/1947 2082/5060/2052 2081/5059/2051
f 1976/5062/1947 2081/5059/2051 2083/5063/2053
f 2084/5064/2054 2085/5065/2055 2081/5059/2051
f 2081/5059/2051 2085/5065/2055 1917/5066/1891
f 2083/5063/2053 2081/5059/2051 2086/5067/2056
f 2086/5067/2056 2081/5059/2051 1917/5066/1891
f 2083/5063/2053 2086/5067/2056 2087/5068/2057
f 2086/5067/2056 1917/5066/1891 1934/5069/1300
f 2087/5068/2057 2086/5067/2056 1929/5070/1903
f 1929/5070/1903 2086/5067/2056 1934/5069/1300
f 2088/5071/2058 1928/5072/1902 1976/5073/1947
f 1928/5072/1902 2088/5071/2058 2089/5074/2059
f 2088/5071/2058 1976/5073/1947 2083/5075/2053
f 2089/5074/2059 2088/5071/2058 2090/5076/2060
f 2088/5071/2058 2083/5075/2053 2087/5077/2057
f 2088/5071/2058 2087/5077/2057 2090/5076/2060
f 2090/5076/2060 2087/5077/2057 2091/5078/2061
f 2090/5076/2060 2091/5078/2061 2092/5079/2062
f 2091/5078/2061 2087/5077/2057 2089/5080/2059
f 2089/5080/2059 2087/5077/2057 1928/5081/1902
f 1928/5081/1902 2087/5077/2057 1929/5082/1903
f 1135/5083/1127 1875/5084/1849 1877/5085/1851
f 1135/5083/1127 1877/5085/1851 1876/5086/1850
f 1192/5087/1183 1191/5088/1182 1193/5089/1184
f 1193/5089/1184 1191/5088/1182 1190/5090/1181
f 1876/5091/1850 1085/5092/1079 1135/5093/1127
f 1135/5093/1127 1085/5092/1079 2040/5094/2011
f 1135/5093/1127 2040/5094/2011 1182/5095/1173
f 1135/5093/1127 1182/5095/1173 1131/5096/1123
f 2040/5097/2011 1085/5098/1079 2039/5099/2010
f 2039/5099/2010 1085/5098/1079 1080/5100/1074
f 2039/5099/2010 1080/5100/1074 2093/5101/2063
f 2039/5099/2010 2093/5101/2063 2046/5102/2017
f 2046/5102/2017 2093/5101/2063 2058/5103/2029
f 2058/5103/2029 2093/5101/2063 2049/5104/2020
f 2093/5101/2063 1080/5100/1074 2048/5105/2019
f 2093/5101/2063 2048/5105/2019 2049/5104/2020
f 2049/5104/2020 2048/5105/2019 1100/5106/1094
f 2048/5105/2019 1080/5100/1074 1082/5107/1076
f 2048/5105/2019 1082/5107/1076 1081/5108/1075
f 2094/5109/2064 2042/5110/2013 1135/5111/1127
f 2042/5110/2013 2094/5109/2064 1873/5112/1847
f 2094/5109/2064 1135/5111/1127 1134/5113/1126
f 1873/5112/1847 2094/5109/2064 2095/5114/2065
f 2095/5114/2065 2094/5109/2064 1134/5113/1126
f 1873/5112/1847 2095/5114/2065 2041/5115/2012
f 2095/5114/2065 1134/5113/1126 1893/5116/1867
f 2041/5115/2012 2095/5114/2065 1881/5117/1855
f 2095/5114/2065 1893/5116/1867 1883/5118/1857
f 2095/5114/2065 1883/5118/1857 1881/5117/1855
f 1089/5119/1083 1088/5120/1082 1071/5121/1065
f 2096/5122/2066 1205/5123/1196 2097/5124/2067
f 2097/5124/2067 1205/5123/1196 2098/5125/2068
f 2097/5124/2067 2098/5125/2068 2096/5122/2066
f 2044/5126/2015 1089/5127/1083 1099/5128/1093
f 2044/5126/2015 1099/5128/1093 2048/5129/2019
f 2048/5129/2019 1099/5128/1093 1100/5130/1094
f 1189/5131/1180 1182/5132/1173 2040/5133/2011
f 1189/5131/1180 2040/5133/2011 2099/5134/2069
f 1189/5131/1180 2099/5134/2069 2100/5135/2070
f 2041/5136/2012 1882/5137/1856 2040/5138/2011
f 2040/5138/2011 1882/5137/1856 2099/5139/2069
f 1882/5137/1856 2041/5136/2012 1881/5140/1855
f 2099/5141/2069 1882/5142/1856 2057/5143/2028
f 2057/5143/2028 1882/5142/1856 2046/5144/2017
f 2046/5144/2017 1882/5142/1856 1907/5145/1881
f 2057/5143/2028 2046/5144/2017 2056/5146/2027
f 2099/5141/2069 2057/5143/2028 1893/5147/1867
f 2099/5141/2069 1893/5147/1867 1134/5148/1126
f 2099/5141/2069 1134/5148/1126 1136/5149/1128
f 2099/5141/2069 1136/5149/1128 2101/5150/2071
f 1137/5151/1129 2102/5152/2072 1136/5153/1128
f 1136/5153/1128 2102/5152/2072 1139/5154/1131
f 2103/5155/2073 1137/5156/1129 2102/5157/2072
f 2103/5158/2073 2104/5159/2074 2102/5160/2072
f 2104/5159/2074 2103/5158/2073 2105/5161/2075
f 2101/5162/2071 1186/5163/1177 2099/5164/2069
f 2099/5164/2069 1186/5163/1177 2100/5165/2070
f 1186/5163/1177 2101/5162/2071 1142/5166/1134
f 1186/5163/1177 1142/5166/1134 1141/5167/1133
f 1142/5166/1134 2101/5162/2071 2106/5168/2076
f 1142/5166/1134 2106/5168/2076 2107/5169/2077
f 2107/5169/2077 2106/5168/2076 2108/5170/2078
f 2108/5170/2078 2106/5168/2076 2109/5171/2079
f 2109/5171/2079 2106/5168/2076 2101/5162/2071
f 2109/5171/2079 2101/5162/2071 2110/5172/2080
f 1139/5173/1131 2110/5174/2080 1136/5175/1128
f 1136/5175/1128 2110/5174/2080 2101/5176/2071
f 2110/5174/2080 1139/5173/1131 2111/5177/2081
f 2111/5177/2081 1139/5173/1131 1142/5178/1134
f 2111/5177/2081 1142/5178/1134 2107/5179/2077
f 1205/5180/1196 2096/5181/2066 1207/5182/1198
f 1207/5182/1198 2096/5181/2066 2098/5183/2068
f 1205/5180/1196 1207/5182/1198 1208/5184/1199
f 1205/5180/1196 1208/5184/1199 1185/5185/1176
f 1189/5186/1180 1186/5187/1177 2100/5188/2070
f 2112/5189/2082 1206/5190/1197 2098/5191/2068
f 1206/5190/1197 2112/5189/2082 1205/5192/1196
f 2098/5191/2068 1206/5190/1197 1224/5193/1215
f 1224/5193/1215 1206/5190/1197 1207/5194/1198
f 2064/5195/2035 2066/5196/2037 2071/5197/2042
f 2064/5195/2035 2071/5197/2042 2113/5198/2083
f 2064/5195/2035 2113/5198/2083 2063/5199/2034
f 2113/5198/2083 2071/5197/2042 2114/5200/2084
f 2114/5200/2084 2071/5197/2042 1914/5201/1888
f 2114/5200/2084 1914/5201/1888 1915/5202/1889
f 2114/5200/2084 1915/5202/1889 2113/5198/2083
f 2113/5198/2083 1915/5202/1889 1917/5203/1891
f 2113/5198/2083 1917/5203/1891 2085/5204/2055
f 2063/5199/2034 2113/5198/2083 2115/5205/2085
f 2115/5205/2085 2113/5198/2083 2085/5204/2055
f 2063/5199/2034 2115/5205/2085 1217/5206/1208
f 2115/5205/2085 2085/5204/2055 2084/5207/2054
f 1217/5206/1208 2115/5205/2085 2060/5208/2031
f 2115/5205/2085 2084/5207/2054 2081/5209/2051
f 2060/5208/2031 2115/5205/2085 2067/5210/2038
f 2067/5210/2038 2115/5205/2085 2081/5209/2051
f 2067/5210/2038 2081/5209/2051 1922/5211/1896
f 2098/5212/2068 1225/5213/1216 1207/5214/1198
f 1225/5213/1216 2098/5212/2068 2116/5215/2086
f 1225/5213/1216 2116/5215/2086 2117/5216/2087
f 2116/5215/2086 2098/5212/2068 2118/5217/2088
f 2118/5217/2088 2098/5212/2068 1224/5218/1215
f 2118/5217/2088 1224/5218/1215 2119/5219/2089
f 2118/5217/2088 2119/5219/2089 2116/5215/2086
f 2116/5215/2086 2119/5219/2089 2120/5220/2090
f 2116/5215/2086 2120/5220/2090 2117/5216/2087
f 2117/5216/2087 2120/5220/2090 2121/5221/2091
f 2117/5216/2087 2121/5221/2091 2122/5222/2092
f 2060/5223/2031 1222/5224/1213 1225/5225/1216
f 2060/5223/2031 1225/5225/1216 1217/5226/1208
f 1217/5226/1208 1225/5225/1216 1216/5227/1207
f 2123/5228/2093 1223/5229/1214 2117/5230/2087
f 2117/5230/2087 1223/5229/1214 1225/5231/1216
f 1223/5229/1214 2123/5228/2093 1224/5232/1215
f 2123/5228/2093 2117/5230/2087 2124/5233/1868
f 1224/5232/1215 2123/5228/2093 2119/5234/2089
f 2123/5228/2093 2124/5233/1868 2125/5235/2094
f 2123/5228/2093 2125/5235/2094 2119/5234/2089
f 2119/5234/2089 2125/5235/2094 2126/5236/2095
f 2127/5237/2096 2128/5238/2097 2120/5239/2090
f 2120/5239/2090 2128/5238/2097 2121/5240/2091
f 2127/5237/2096 2120/5239/2090 2119/5241/2089
f 2128/5238/2097 2127/5237/2096 2122/5242/2092
f 2122/5242/2092 2127/5237/2096 2117/5243/2087
f 2124/5244/1868 2117/5245/2087 2127/5246/2096
f 2124/5244/1868 2127/5246/2096 2129/5247/2098
f 2124/5244/1868 2129/5247/2098 2130/5248/2099
f 2129/5247/2098 2127/5246/2096 2126/5249/2095
f 2126/5249/2095 2127/5246/2096 2119/5250/2089
f 2128/5251/2097 2122/5252/2092 2131/5253/2100
f 2128/5251/2097 2131/5253/2100 2132/5254/2101
f 2128/5251/2097 2132/5254/2101 2121/5255/2091
f 2131/5253/2100 2122/5252/2092 2133/5256/2102
f 2131/5253/2100 2133/5256/2102 2134/5257/2103
f 2133/5256/2102 2122/5252/2092 2121/5258/2091
f 2133/5256/2102 2121/5258/2091 2132/5259/2101
f 2110/5260/2080 2135/5261/2104 2109/5262/2079
f 2109/5262/2079 2135/5261/2104 2108/5263/2078
f 2135/5261/2104 2110/5260/2080 2136/5264/2105
f 2136/5264/2105 2110/5260/2080 2111/5265/2081
f 2136/5264/2105 2111/5265/2081 2137/5266/2106
f 2137/5266/2106 2111/5265/2081 2138/5267/2107
f 2138/5267/2107 2111/5265/2081 2107/5268/2077
f 2138/5267/2107 2107/5268/2077 2108/5269/2078
f 2053/5270/2024 2049/5271/2020 2051/5272/2022
f 2139/5273/2108 2140/5274/2109 2141/5275/2110
f 2140/5274/2109 2139/5273/2108 2142/5276/2111
f 2140/5277/2109 2143/5278/2112 2141/5279/2110
f 2144/5280/2113 2140/5281/2109 2142/5282/2111
f 2144/5280/2113 2142/5282/2111 2145/5283/2114
f 2145/5283/2114 2142/5282/2111 2146/5284/2115
f 2145/5283/2114 2146/5284/2115 2144/5280/2113
f 2146/5284/2115 2142/5282/2111 2139/5285/2108
f 2144/5280/2113 2146/5284/2115 2147/5286/2116
f 2147/5286/2116 2146/5284/2115 2139/5285/2108
f 2144/5280/2113 2147/5286/2116 2143/5287/2112
f 2147/5286/2116 2139/5285/2108 2141/5288/2110
f 2143/5289/2112 2140/5290/2109 2144/5291/2113
f 2135/5292/2104 2148/5293/2117 2149/5294/2118
f 2135/5292/2104 2149/5294/2118 2108/5295/2078
f 2149/5294/2118 2148/5293/2117 2150/5296/2119
f 2149/5294/2118 2150/5296/2119 2108/5295/2078
f 2108/5295/2078 2150/5296/2119 2138/5297/2107
f 2138/5297/2107 2150/5296/2119 2151/5298/2120
f 2151/5298/2120 2150/5296/2119 2152/5299/2121
f 2076/5300/2047 2075/5301/2046 2153/5302/2122
f 2153/5302/2122 2075/5301/2046 2079/5303/1081
f 2076/5300/2047 2153/5302/2122 2078/5304/2049
f 2078/5304/2049 2153/5302/2122 2079/5303/1081
f 2154/5305/2123 2135/5306/2104 2136/5307/2105
f 2154/5305/2123 2136/5307/2105 2137/5308/2106
f 2135/5306/2104 2154/5305/2123 2155/5309/2124
f 2135/5306/2104 2155/5309/2124 2148/5310/2117
f 2154/5305/2123 2137/5308/2106 2151/5311/2120
f 2151/5311/2120 2137/5308/2106 2138/5312/2107
f 2156/5313/2125 2157/5314/2126 2158/5315/2127
f 2157/5314/2126 2156/5313/2125 2159/5316/2128
f 2159/5316/2128 2156/5313/2125 2160/5317/2129
f 2159/5316/2128 2160/5317/2129 2158/5318/2127
f 2158/5318/2127 2160/5317/2129 2161/5319/2130
f 2158/5318/2127 2161/5319/2130 2156/5320/2125
f 2162/5321/2131 2157/5322/2126 2159/5323/2128
f 2162/5321/2131 2159/5323/2128 2158/5324/2127
f 2141/5325/2110 2143/5326/2112 2147/5327/2116
f 2163/5328/2132 2164/5329/2133 2165/5330/2134
f 2163/5328/2132 2165/5330/2134 2166/5331/2135
f 2166/5331/2135 2165/5330/2134 2167/5332/2136
f 2167/5333/2136 2165/5334/2134 2164/5335/2133
f 2167/5333/2136 2164/5335/2133 2163/5336/2132
f 2167/5333/2136 2163/5336/2132 2168/5337/2137
f 2168/5337/2137 2163/5336/2132 2166/5338/2135
f 2167/5333/2136 2168/5337/2137 2169/5339/2138
f 2167/5333/2136 2169/5339/2138 2166/5340/2135
f 2170/5341/2139 2171/5342/2140 2172/5343/2141
f 2170/5341/2139 2172/5343/2141 2173/5344/2142
f 2170/5345/2139 2174/5346/2143 2171/5347/2140
f 2174/5346/2143 2170/5345/2139 2173/5348/2142
f 2174/5346/2143 2173/5348/2142 2171/5347/2140
f 2171/5347/2140 2173/5348/2142 2172/5349/2141
f 2126/5350/2095 2125/5351/2094 2175/5352/2144
f 2175/5352/2144 2125/5351/2094 2130/5353/2099
f 2130/5353/2099 2125/5351/2094 2124/5354/1868
f 2175/5352/2144 2130/5353/2099 2176/5355/2145
f 2175/5352/2144 2176/5355/2145 2126/5350/2095
f 2126/5350/2095 2176/5355/2145 2129/5356/2098
f 2129/5356/2098 2176/5355/2145 2177/5357/2146
f 2129/5356/2098 2177/5357/2146 2130/5358/2099
f 2133/5359/2102 2132/5360/2101 2134/5361/2103
f 2134/5361/2103 2132/5360/2101 2131/5362/2100
f 2130/5363/2099 2178/5364/2147 2176/5365/2145
f 2178/5364/2147 2130/5363/2099 2179/5366/2148
f 2179/5366/2148 2130/5363/2099 2177/5367/2146
f 2178/5364/2147 2179/5366/2148 2180/5368/2149
f 2178/5364/2147 2180/5368/2149 2181/5369/2150
f 2180/5368/2149 2179/5366/2148 2182/5370/2151
f 2182/5370/2151 2179/5366/2148 2183/5371/2152
f 2183/5371/2152 2179/5366/2148 2177/5367/2146
f 2183/5371/2152 2177/5367/2146 2176/5372/2145
f 2178/5373/2147 2181/5374/2150 2176/5375/2145
f 2176/5375/2145 2181/5374/2150 2184/5376/2153
f 2176/5375/2145 2184/5376/2153 2183/5377/2152
f 2183/5377/2152 2184/5376/2153 2185/5378/2154
f 2185/5378/2154 2184/5376/2153 2186/5379/2155
f 2185/5378/2154 2186/5379/2155 2187/5380/2156
f 2185/5378/2154 2187/5380/2156 2188/5381/2157
f 2185/5378/2154 2188/5381/2157 2189/5382/2158
f 2185/5378/2154 2189/5382/2158 2190/5383/2159
f 2185/5378/2154 2190/5383/2159 2191/5384/2160
f 2092/5385/2062 2089/5386/2059 2090/5387/2060
f 2089/5386/2059 2092/5385/2062 2091/5388/2061
f 2192/5389/2161 2193/5390/2162 2194/5391/2163
f 2194/5391/2163 2193/5390/2162 2195/5392/2164
f 2194/5391/2163 2195/5392/2164 2196/5393/2165
f 1689/5394/1673 1948/5395/1920 1684/5396/1668
f 1948/5397/1920 1687/5398/1671 1684/5399/1668
f 1687/5398/1671 1948/5397/1920 2197/5400/2166
f 2197/5400/2166 1948/5397/1920 1949/5401/1921
f 1687/5398/1671 2197/5400/2166 1686/5402/1670
f 2197/5400/2166 1949/5401/1921 1955/5403/1926
f 1686/5402/1670 2197/5400/2166 1704/5404/1688
f 1704/5404/1688 2197/5400/2166 1955/5403/1926
f 1704/5404/1688 1955/5403/1926 1705/5405/1689
f 1704/5404/1688 1705/5405/1689 1703/5406/1687
f 1637/5407/1625 1638/5408/1626 2198/5409/2167
f 2199/5410/2168 1645/5411/1633 1646/5412/1634
f 1641/5413/1629 1642/5414/1630 2200/5415/2169
f 1707/5416/1690 2198/5417/2167 1638/5418/1626
f 2198/5417/2167 1707/5416/1690 2026/5419/1997
f 2026/5419/1997 1707/5416/1690 2201/5420/2170
f 2198/5417/2167 2026/5419/1997 2202/5421/2171
f 2202/5421/2171 2026/5419/1997 2203/5422/368
f 2203/5422/368 2026/5419/1997 2204/5423/2172
f 2203/5422/368 2204/5423/2172 2202/5421/2171
f 2202/5421/2171 2204/5423/2172 2205/5424/2173
f 2202/5421/2171 2205/5424/2173 2206/5425/2174
f 2200/5426/2169 1707/5427/1690 1641/5428/1629
f 1707/5427/1690 2200/5426/2169 2199/5429/2168
f 2199/5429/2168 2200/5426/2169 1645/5430/1633
f 1636/5431/1624 1637/5432/1625 2207/5433/2175
f 1636/5431/1624 2207/5433/2175 1646/5434/1634
f 2198/5435/2167 2207/5436/2175 1637/5437/1625
f 2207/5436/2175 2198/5435/2167 2208/5438/2176
f 2208/5438/2176 2198/5435/2167 2209/5439/2177
f 2208/5438/2176 2209/5439/2177 2207/5436/2175
f 2207/5436/2175 2209/5439/2177 2199/5440/2168
f 2207/5436/2175 2199/5440/2168 1646/5441/1634
f 1703/5442/1687 1649/5443/1637 1650/5444/1638
f 1649/5443/1637 1703/5442/1687 1705/5445/1689
f 1703/5442/1687 1650/5444/1638 1692/5446/1676
f 1692/5446/1676 1650/5444/1638 1651/5447/1639
f 1692/5446/1676 1651/5447/1639 1664/5448/1652
f 1954/5449/1925 1651/5450/1639 1706/5451/1548
f 1706/5452/1548 1705/5453/1689 1955/5454/1926
f 1645/5455/1633 2210/5456/2178 1647/5457/1635
f 1642/5458/1630 1670/5459/1656 2211/5460/2179
f 1642/5458/1630 2211/5460/2179 2201/5461/2170
f 2211/5460/2179 1670/5459/1656 1679/5462/1665
f 2201/5461/2170 2211/5460/2179 2002/5463/1973
f 2201/5461/2170 2002/5463/1973 2026/5464/1997
f 2002/5463/1973 2211/5460/2179 2009/5465/1980
f 2009/5465/1980 2211/5460/2179 1679/5462/1665
f 2009/5465/1980 1679/5462/1665 2004/5466/1975
f 2004/5466/1975 1679/5462/1665 2212/5467/2180
f 2004/5466/1975 2212/5467/2180 2034/5468/2005
f 1679/5469/1665 1670/5470/1656 1609/5471/1597
f 1367/5472/1357 1647/5473/1635 2212/5474/2180
f 1651/5475/1639 1954/5476/1925 1825/5477/1804
f 1825/5477/1804 1954/5476/1925 1743/5478/1726
f 1743/5478/1726 1954/5476/1925 2011/5479/1982
f 1825/5477/1804 1743/5478/1726 1833/5480/1812
f 2210/5481/2178 1645/5482/1633 2200/5483/2169
f 2210/5481/2178 2200/5483/2169 2201/5484/2170
f 2201/5484/2170 2200/5483/2169 1642/5485/1630
f 1825/5486/1804 1833/5487/1812 1836/5488/1815
f 1836/5488/1815 1833/5487/1812 1792/5489/1773
f 2212/5490/2180 1679/5491/1665 1367/5492/1357
f 1734/5493/1717 1743/5494/1726 2011/5495/1982
f 1734/5493/1717 2011/5495/1982 2213/5496/2181
f 2213/5496/2181 2011/5495/1982 2214/5497/2182
f 2214/5497/2182 2011/5495/1982 2215/5498/2183
f 2214/5497/2182 2215/5498/2183 2216/5499/464
f 2215/5498/2183 2011/5495/1982 2010/5500/1981
f 2215/5498/2183 2010/5500/1981 1836/5501/1815
f 2217/5502/2184 1718/5503/1701 1717/5504/1700
f 2217/5502/2184 1717/5504/1700 1742/5505/1725
f 1718/5503/1701 2217/5502/2184 1740/5506/1723
f 1718/5503/1701 1740/5506/1723 1719/5507/1702
f 2217/5502/2184 1742/5505/1725 2218/5508/2185
f 1740/5506/1723 2217/5502/2184 2219/5509/2186
f 2219/5509/2186 2217/5502/2184 2218/5508/2185
f 1740/5506/1723 2219/5509/2186 2220/5510/2187
f 2220/5510/2187 2219/5509/2186 2206/5511/2174
f 2206/5511/2174 2219/5509/2186 2218/5508/2185
f 2220/5510/2187 2206/5511/2174 2221/5512/2188
f 2206/5511/2174 2218/5508/2185 2209/5513/2177
f 2209/5513/2177 2218/5508/2185 2199/5514/2168
f 2206/5511/2174 2209/5513/2177 2202/5515/2171
f 2202/5515/2171 2209/5513/2177 2198/5516/2167
f 1721/5517/1704 1720/5518/1703 2213/5519/2181
f 1734/5520/1717 1612/5521/1600 1743/5522/1726
f 1742/5523/1725 2222/5524/2189 2218/5525/2185
f 2222/5524/2189 1742/5523/1725 1713/5526/1696
f 2222/5524/2189 1713/5526/1696 2223/5527/2190
f 2222/5524/2189 2223/5527/2190 2224/5528/2191
f 2218/5525/2185 2222/5524/2189 2225/5529/2192
f 2218/5525/2185 2225/5529/2192 2199/5530/2168
f 1723/5531/1706 2226/5532/2193 1742/5533/1725
f 1742/5533/1725 2226/5532/2193 2227/5534/2194
f 2227/5534/2194 2226/5532/2193 2228/5535/2195
f 2226/5532/2193 1723/5531/1706 1721/5536/1704
f 2226/5532/2193 1721/5536/1704 2229/5537/2196
f 2229/5537/2196 1721/5536/1704 2213/5538/2181
f 1733/5539/1716 1713/5540/1696 2227/5541/2194
f 2227/5541/2194 1713/5540/1696 1742/5542/1725
f 1733/5539/1716 2227/5541/2194 2230/5543/2197
f 2230/5543/2197 2227/5541/2194 2228/5544/2195
f 1733/5539/1716 2230/5543/2197 1732/5545/1715
f 1732/5545/1715 2230/5543/2197 1731/5546/1714
f 1731/5546/1714 2230/5543/2197 2231/5547/2198
f 1731/5546/1714 2231/5547/2198 2232/5548/2199
f 1731/5546/1714 2232/5548/2199 1720/5549/1703
f 1720/5549/1703 2232/5548/2199 2213/5550/2181
f 1741/5551/1724 1738/5552/1721 1719/5553/1702
f 1713/5554/1696 1740/5555/1723 2220/5556/2187
f 1713/5554/1696 2220/5556/2187 2223/5557/2190
f 2223/5557/2190 2220/5556/2187 2224/5558/2191
f 1736/5559/1719 1734/5560/1717 1861/5561/1835
f 1736/5559/1719 1861/5561/1835 1859/5562/1278
f 1736/5559/1719 1859/5562/1278 2233/5563/2200
f 2233/5563/2200 1859/5562/1278 1858/5564/1833
f 2220/5565/2187 2222/5566/2189 2224/5567/2191
f 2222/5566/2189 2220/5565/2187 2221/5568/2188
f 2222/5566/2189 2221/5568/2188 2225/5569/2192
f 1858/5570/1833 1735/5571/1718 1736/5572/1719
f 1858/5570/1833 1736/5572/1719 2234/5573/2201
f 1858/5570/1833 2234/5573/2201 2235/5574/2202
f 1858/5570/1833 2235/5574/2202 2233/5575/2200
f 2235/5574/2202 2234/5573/2201 2236/5576/2203
f 2201/5577/2170 1707/5578/1690 2199/5579/2168
f 2201/5577/2170 2199/5579/2168 2035/5580/2006
f 2035/5580/2006 2199/5579/2168 2225/5581/2192
f 2035/5580/2006 2225/5581/2192 2036/5582/2007
f 2036/5582/2007 2225/5581/2192 2221/5583/2188
f 2036/5582/2007 2221/5583/2188 2205/5584/2173
f 2205/5584/2173 2221/5583/2188 2206/5585/2174
f 1947/5586/1919 2029/5587/2000 1949/5588/1921
f 1949/5588/1921 2029/5587/2000 2026/5589/1997
f 2029/5587/2000 1947/5586/1919 2001/5590/1972
f 2001/5590/1972 1947/5586/1919 1946/5591/1918
f 2237/5592/2204 2026/5593/1997 2032/5594/2003
f 2212/5595/2180 2210/5596/2178 2034/5597/2005
f 2210/5596/2178 2212/5595/2180 1647/5598/1635
f 2034/5597/2005 2210/5596/2178 2201/5599/2170
f 2034/5597/2005 2201/5599/2170 2035/5600/2006
f 2004/5601/1975 2037/5602/2008 2010/5603/1981
f 2010/5603/1981 2037/5602/2008 1988/5604/1959
f 2010/5603/1981 1988/5604/1959 2023/5605/1994
f 2010/5603/1981 2023/5605/1994 1964/5606/1935
f 2010/5603/1981 1964/5606/1935 1836/5607/1815
f 2238/5608/2205 2239/5609/2206 2240/5610/2207
f 2240/5610/2207 2239/5609/2206 2241/5611/2208
f 2238/5608/2205 2240/5610/2207 2242/5612/2209
f 2240/5610/2207 2241/5611/2208 2205/5613/2173
f 2205/5613/2173 2241/5611/2208 2243/5614/2210
f 2240/5610/2207 2205/5613/2173 2204/5615/2172
f 2240/5610/2207 2204/5615/2172 2242/5612/2209
f 2242/5612/2209 2204/5615/2172 2026/5616/1997
f 2239/5617/2206 2238/5618/2205 2244/5619/2211
f 2239/5617/2206 2244/5619/2211 2241/5620/2208
f 2032/5621/2003 2033/5622/2004 2237/5623/2204
f 2237/5623/2204 2033/5622/2004 2245/5624/2212
f 2205/5625/2173 2033/5622/2004 2036/5626/2007
f 2033/5622/2004 2205/5625/2173 2246/5627/2213
f 2033/5622/2004 2246/5627/2213 2245/5624/2212
f 2246/5627/2213 2205/5625/2173 2243/5628/2210
f 2245/5624/2212 2246/5627/2213 2247/5629/2214
f 2247/5629/2214 2246/5627/2213 2243/5628/2210
f 2245/5624/2212 2247/5629/2214 2248/5630/2215
f 2247/5629/2214 2243/5628/2210 2241/5631/2208
f 2248/5630/2215 2247/5629/2214 2244/5632/2211
f 2244/5632/2211 2247/5629/2214 2241/5631/2208
f 1734/5633/1717 2232/5634/2199 2249/5635/2216
f 2232/5634/2199 1734/5633/1717 2213/5636/2181
f 1734/5633/1717 2249/5635/2216 1861/5637/1835
f 2249/5635/2216 2232/5634/2199 2250/5638/2217
f 2249/5635/2216 2250/5638/2217 2251/5639/1792
f 1736/5640/1719 2249/5641/2216 2234/5642/2201
f 2234/5642/2201 2249/5641/2216 2236/5643/2203
f 2236/5643/2203 2249/5641/2216 2251/5644/1792
f 2231/5645/2198 2230/5646/2197 2228/5647/2195
f 2231/5645/2198 2228/5647/2195 2252/5648/2218
f 2231/5645/2198 2252/5648/2218 2253/5649/2219
f 2252/5648/2218 2228/5647/2195 2226/5650/2193
f 2254/5651/2220 2213/5652/2181 2214/5653/2182
f 2254/5651/2220 2214/5653/2182 2216/5654/464
f 2213/5652/2181 2254/5651/2220 2229/5655/2196
f 2254/5651/2220 2216/5654/464 2168/5656/2137
f 2168/5656/2137 2216/5654/464 2255/5657/2221
f 2168/5656/2137 2255/5657/2221 2169/5658/2138
f 2169/5658/2138 2255/5657/2221 2256/5659/2222
f 2254/5651/2220 2168/5656/2137 2257/5660/2223
f 2254/5651/2220 2257/5660/2223 2229/5655/2196
f 2257/5660/2223 2168/5656/2137 2148/5661/2117
f 2257/5660/2223 2148/5661/2117 2258/5662/2224
f 2258/5662/2224 2148/5661/2117 2155/5663/2124
f 2258/5662/2224 2155/5663/2124 2259/5664/2225
f 2257/5660/2223 2258/5662/2224 2252/5665/2218
f 2226/5666/2193 2229/5655/2196 2252/5665/2218
f 2257/5660/2223 2252/5665/2218 2260/5667/2226
f 2260/5667/2226 2252/5665/2218 2229/5655/2196
f 2260/5667/2226 2229/5655/2196 2257/5660/2223
f 2261/5668/2227 1810/5669/1789 1811/5670/1790
f 1810/5669/1789 2261/5668/2227 1813/5671/1792
f 1816/5672/1795 1817/5673/1796 1814/5674/1793
f 1817/5673/1796 1816/5672/1795 2023/5675/1994
f 2262/5676/2228 1822/5677/1801 1824/5678/1803
f 1822/5677/1801 2262/5676/2228 2263/5679/2229
f 1822/5680/1801 1831/5681/1810 1820/5682/1799
f 1831/5681/1810 1822/5680/1801 2263/5683/2229
f 1824/5684/1803 1816/5685/1795 1829/5686/1808
f 1816/5685/1795 1824/5684/1803 2024/5687/1995
f 1825/5688/1804 1964/5689/1935 1811/5690/1790
f 1964/5689/1935 1825/5688/1804 1836/5691/1815
f 1811/5690/1790 1964/5689/1935 2261/5692/2227
f 2261/5692/2227 1964/5689/1935 2264/5693/2230
f 2264/5693/2230 1964/5689/1935 1965/5694/1936
f 2264/5693/2230 1965/5694/1936 2025/5695/1996
f 2264/5696/2230 1699/4858/1683 1701/5697/1685
f 2264/5696/2230 1701/5697/1685 1813/5698/1792
f 2264/5696/2230 1813/5698/1792 2261/5699/2227
f 1699/4858/1683 2264/5696/2230 2013/4855/1984
f 2013/4855/1984 2264/5696/2230 2025/5700/1996
f 2013/4855/1984 2025/5700/1996 2018/5701/1989
f 2013/4855/1984 2018/5701/1989 2265/5702/2231
f 2013/4855/1984 2265/5702/2231 1830/5703/1809
f 1830/5703/1809 2265/5702/2231 2024/5704/1995
f 1748/5705/1731 1817/5706/1796 2266/5707/2232
f 1748/5705/1731 2266/5707/2232 1844/5708/1821
f 1844/5708/1821 2266/5707/2232 1845/5709/1822
f 2262/5710/2228 1829/5711/1808 1830/5712/1809
f 2262/5710/2228 1830/5712/1809 2024/5713/1995
f 1864/5714/1838 1839/5715/63 1840/5716/1817
f 1864/5714/1838 1840/5716/1817 2267/5717/2233
f 2267/5717/2233 1840/5716/1817 1856/5718/1831
f 1856/5718/1831 1840/5716/1817 2268/5719/2234
f 2267/5717/2233 1856/5718/1831 2269/5720/2235
f 2267/5717/2233 2269/5720/2235 2270/5721/2236
f 2269/5720/2235 1856/5718/1831 2263/5722/2229
f 1864/5723/1838 1841/5724/1818 1839/5725/63
f 1864/5726/1838 2267/5727/2233 2271/5728/2237
f 2271/5728/2237 2267/5727/2233 2272/5729/2238
f 2268/5730/2234 1840/5731/1817 2273/5732/2239
f 1838/5733/1816 1855/5734/1830 2273/5735/2239
f 2273/5736/2239 1840/5737/1817 1838/5738/1816
f 2272/5739/2238 2267/5740/2233 2274/5741/2240
f 2274/5741/2240 2267/5740/2233 2275/5742/2241
f 2272/5739/2238 2274/5741/2240 2271/5743/2237
f 2271/5743/2237 2274/5741/2240 2275/5742/2241
f 2271/5743/2237 2275/5742/2241 1867/5744/1841
f 2271/5743/2237 1867/5744/1841 1864/5745/1838
f 1870/5746/1844 2276/5747/2242 1871/5748/1845
f 1871/5748/1845 2276/5747/2242 2277/5749/2243
f 2276/5747/2242 1870/5746/1844 2278/5750/2244
f 2278/5750/2244 1870/5746/1844 2277/5749/2243
f 2278/5750/2244 2277/5749/2243 2276/5747/2242
f 1870/5751/1844 1869/5752/1843 2277/5753/2243
f 2277/5753/2243 1869/5752/1843 1871/5754/1845
f 2263/5755/2229 1856/5756/1831 1863/5757/1837
f 1863/5757/1837 1856/5756/1831 1850/5758/769
f 2263/5755/2229 1863/5757/1837 1871/5759/1845
f 2263/5755/2229 1871/5759/1845 1867/5760/1841
f 2263/5755/2229 1867/5760/1841 2275/5761/2241
f 1867/5762/1841 1869/5763/1843 1868/5764/1842
f 1869/5763/1843 1867/5762/1841 1871/5765/1845
f 1872/5766/1846 1865/5767/1839 1868/5768/1842
f 2267/5769/2233 2270/5770/2236 2275/5771/2241
f 2275/5771/2241 2270/5770/2236 2279/5772/2245
f 2275/5771/2241 2279/5772/2245 2263/5773/2229
f 2263/5773/2229 2279/5772/2245 2280/5774/2246
f 2263/5773/2229 2280/5774/2246 2265/5775/2231
f 2263/5773/2229 2265/5775/2231 1831/5776/1810
f 1831/5776/1810 2265/5775/2231 2019/5777/1990
f 2266/5778/2232 1817/5779/1796 2023/5780/1994
f 2266/5778/2232 2023/5780/1994 1988/5781/1959
f 1851/5782/1826 1845/5783/1822 2266/5784/2232
f 1851/5782/1826 2266/5784/2232 1985/5785/1956
f 1985/5785/1956 2266/5784/2232 1988/5786/1959
f 1851/5782/1826 1985/5785/1956 1987/5787/1958
f 1851/5782/1826 1987/5787/1958 2262/5788/2228
f 1824/5789/1803 2262/5790/2228 2024/5791/1995
f 2279/5792/2245 2018/5793/1989 2019/5794/1990
f 2018/5793/1989 2279/5792/2245 2265/5795/2231
f 2281/5796/2247 2024/5797/1995 2282/5798/2248
f 2024/5797/1995 2281/5796/2247 2025/5799/1996
f 2025/5799/1996 2281/5796/2247 2018/5800/1989
f 2024/5797/1995 2025/5799/1996 1962/5801/1933
f 2024/5802/1995 2265/5803/2231 2280/5804/2246
f 2024/5805/1995 2280/5806/2246 1984/5807/1955
f 2024/5805/1995 1984/5807/1955 2282/5808/2248
f 1984/5807/1955 2280/5806/2246 2283/5809/2249
f 2283/5809/2249 2280/5806/2246 2284/5810/2250
f 1984/5807/1955 2283/5809/2249 2285/5811/2251
f 2285/5811/2251 2283/5809/2249 2284/5810/2250
f 1984/5807/1955 2285/5811/2251 2286/5812/2252
f 1984/5807/1955 2286/5812/2252 1986/5813/1957
f 1986/5813/1957 2286/5812/2252 2287/5814/2253
f 2287/5814/2253 2286/5812/2252 2288/5815/2254
f 2288/5815/2254 2286/5812/2252 2285/5811/2251
f 2287/5814/2253 2288/5815/2254 2186/5816/2155
f 2285/5811/2251 2284/5810/2250 2289/5817/2255
f 2289/5817/2255 2284/5810/2250 2290/5818/2256
f 2288/5815/2254 2285/5811/2251 2291/5819/2257
f 2288/5815/2254 2291/5819/2257 2186/5816/2155
f 2291/5819/2257 2285/5811/2251 2289/5817/2255
f 2186/5816/2155 2291/5819/2257 2292/5820/2258
f 2186/5816/2155 2292/5820/2258 2187/5821/2156
f 2187/5821/2156 2292/5820/2258 2190/5822/2159
f 2292/5820/2258 2291/5819/2257 2293/5823/2259
f 2293/5823/2259 2291/5819/2257 2289/5817/2255
f 2273/5824/2239 2289/5817/2255 2290/5818/2256
f 2273/5824/2239 2290/5818/2256 2268/5825/2234
f 2289/5817/2255 2273/5824/2239 2294/5826/2260
f 2289/5817/2255 2294/5826/2260 2293/5823/2259
f 2293/5823/2259 2294/5826/2260 2295/5827/2261
f 2295/5827/2261 2294/5826/2260 2296/5828/2262
f 2296/5828/2262 2294/5826/2260 2297/5829/2263
f 2295/5827/2261 2296/5828/2262 2298/5830/2264
f 2298/5830/2264 2296/5828/2262 2297/5829/2263
f 2017/5831/1988 2018/5832/1989 2299/5833/2265
f 1853/5834/1828 2215/5835/2183 1836/5836/1815
f 2215/5835/2183 1853/5834/1828 2216/5837/464
f 2216/5837/464 1853/5834/1828 1852/5838/1827
f 1853/5834/1828 1836/5836/1815 1862/5839/1836
f 1853/5834/1828 1862/5839/1836 1855/5840/1830
f 2249/5841/2216 1736/5842/1719 2300/5843/2266
f 2300/5843/2266 1736/5842/1719 2301/5844/2267
f 2300/5843/2266 2301/5844/2267 2249/5841/2216
f 2301/5844/2267 1736/5842/1719 2233/5845/2200
f 2249/5841/2216 2301/5844/2267 1861/5846/1835
f 2301/5844/2267 2233/5845/2200 2235/5847/2202
f 1861/5846/1835 2301/5844/2267 2236/5848/2203
f 2236/5848/2203 2301/5844/2267 2235/5847/2202
f 1987/5849/1958 2263/5850/2229 2262/5851/2228
f 2269/5852/2235 2263/5853/2229 1987/5854/1958
f 2269/5852/2235 1987/5854/1958 1986/5855/1957
f 2269/5852/2235 1986/5855/1957 2270/5856/2236
f 2270/5856/2236 1986/5855/1957 2290/5857/2256
f 1862/5858/1836 1860/5859/1834 2251/5860/1792
f 2251/5860/1792 1860/5859/1834 1861/5861/1835
f 2251/5860/1792 1861/5861/1835 2236/5862/2203
f 1852/5863/1827 2302/5864/2268 2216/5865/464
f 2216/5865/464 2302/5864/2268 2255/5866/2221
f 2255/5866/2221 2302/5864/2268 2181/5867/2150
f 2255/5866/2221 2181/5867/2150 2256/5868/2222
f 2181/5867/2150 2302/5864/2268 2184/5869/2153
f 1854/5870/1829 2302/5871/2268 1852/5872/1827
f 2268/5873/2234 1854/5874/1829 1856/5875/1831
f 2303/5876/2269 2279/5877/2245 2270/5878/2236
f 2019/5879/1990 2279/5880/2245 2304/5881/2270
f 2304/5881/2270 2279/5880/2245 2303/5882/2269
f 2305/5883/2271 2019/5884/1990 2304/5885/2270
f 2305/5883/2271 2304/5885/2270 2306/5886/2272
f 2279/5887/2245 2307/5888/2273 2280/5889/2246
f 2303/5890/2269 2270/5891/2236 2290/5892/2256
f 2303/5890/2269 2290/5892/2256 2308/5893/2274
f 2308/5893/2274 2290/5892/2256 2309/5894/2275
f 2308/5893/2274 2309/5894/2275 2310/5895/2276
f 2284/5896/2250 2280/5897/2246 2307/5898/2273
f 2284/5896/2250 2307/5898/2273 2311/5899/2277
f 2284/5896/2250 2311/5899/2277 2290/5900/2256
f 2290/5900/2256 2311/5899/2277 2309/5901/2275
f 2311/5899/2277 2307/5898/2273 2306/5902/2272
f 2311/5899/2277 2306/5902/2272 2309/5901/2275
f 2306/5902/2272 2307/5898/2273 2305/5903/2271
f 2309/5901/2275 2306/5902/2272 2304/5904/2270
f 2305/5905/2271 2307/5906/2273 2279/5907/2245
f 2303/5908/2269 2309/5909/2275 2304/5910/2270
f 2309/5909/2275 2303/5908/2269 2310/5911/2276
f 2310/5911/2276 2303/5908/2269 2308/5912/2274
f 2248/5913/2215 2312/5914/2278 2313/5915/2279
f 2313/5915/2279 2312/5914/2278 2238/5916/2205
f 2248/5913/2215 2313/5915/2279 2245/5917/2212
f 2313/5915/2279 2238/5916/2205 2242/5918/2209
f 2245/5917/2212 2313/5915/2279 2237/5919/2204
f 2237/5919/2204 2313/5915/2279 2242/5918/2209
f 2237/5919/2204 2242/5918/2209 2026/5920/1997
f 2314/5921/2280 2315/5922/2281 2316/5923/2282
f 2316/5923/2282 2315/5922/2281 2317/5924/2283
f 2314/5921/2280 2316/5923/2282 2318/5925/2284
f 2314/5921/2280 2318/5925/2284 2319/5926/2285
f 2252/5927/2218 2315/5928/2281 2320/5929/2286
f 2320/5929/2286 2315/5928/2281 2314/5930/2280
f 2320/5929/2286 2314/5930/2280 2252/5927/2218
f 2252/5927/2218 2314/5930/2280 2319/5931/2285
f 2315/5928/2281 2252/5927/2218 2317/5932/2283
f 2317/5932/2283 2252/5927/2218 2258/5933/2224
f 2317/5934/2283 2259/5935/2225 2316/5936/2282
f 2259/5935/2225 2317/5934/2283 2258/5937/2224
f 2316/5936/2282 2259/5935/2225 2321/5938/2287
f 2316/5936/2282 2321/5938/2287 2318/5939/2284
f 2321/5938/2287 2259/5935/2225 2322/5940/2288
f 2318/5939/2284 2321/5938/2287 2323/5941/2289
f 2323/5941/2289 2321/5938/2287 2322/5940/2288
f 2318/5939/2284 2323/5941/2289 2253/5942/2219
f 2253/5942/2219 2323/5941/2289 2322/5940/2288
f 2318/5939/2284 2253/5942/2219 2324/5943/2290
f 2253/5942/2219 2322/5940/2288 2325/5944/2291
f 2253/5942/2219 2325/5944/2291 2298/5945/2264
f 2248/5946/2215 2238/5947/2205 2312/5948/2278
f 2238/5947/2205 2248/5946/2215 2244/5949/2211
f 2318/5950/2284 2326/5951/2292 2327/5952/2293
f 2318/5950/2284 2327/5952/2293 2319/5953/2285
f 2326/5951/2292 2318/5950/2284 2324/5954/2290
f 2326/5951/2292 2324/5954/2290 2328/5955/2294
f 2324/5956/2290 2327/5957/2293 2329/5958/2295
f 2327/5957/2293 2324/5956/2290 2319/5959/2285
f 2329/5958/2295 2327/5957/2293 2326/5960/2292
f 2324/5956/2290 2329/5958/2295 2328/5961/2294
f 2328/5961/2294 2329/5958/2295 2326/5960/2292
f 2298/5962/2264 2250/5963/2217 2232/5964/2199
f 2250/5963/2217 2298/5962/2264 2297/5965/2263
f 2250/5963/2217 2297/5965/2263 2251/5966/1792
f 2251/5966/1792 2297/5965/2263 1862/5967/1836
f 1862/5967/1836 2297/5965/2263 2294/5968/2260
f 1862/5967/1836 2294/5968/2260 1855/5969/1830
f 1855/5969/1830 2294/5968/2260 2273/5970/2239
f 2231/5971/2198 2298/5972/2264 2232/5973/2199
f 2298/5972/2264 2231/5971/2198 2253/5974/2219
f 2252/5975/2218 2319/5976/2285 2253/5977/2219
f 2253/5977/2219 2319/5976/2285 2324/5978/2290
f 2152/5979/2121 2155/5980/2124 2154/5981/2123
f 2155/5980/2124 2152/5979/2121 2259/5982/2225
f 2259/5982/2225 2152/5979/2121 2322/5983/2288
f 2152/5979/2121 2154/5981/2123 2161/5984/2130
f 2152/5979/2121 2161/5984/2130 2151/5985/2120
f 2161/5984/2130 2154/5981/2123 2156/5986/2125
f 2156/5986/2125 2154/5981/2123 2151/5987/2120
f 2156/5986/2125 2151/5987/2120 2160/5988/2129
f 2160/5988/2129 2151/5987/2120 2161/5989/2130
f 2166/5990/2135 2169/5991/2138 2256/5992/2222
f 2166/5990/2135 2256/5992/2222 2330/5993/2296
f 2166/5990/2135 2330/5993/2296 2168/5994/2137
f 2168/5994/2137 2330/5993/2296 2148/5995/2117
f 2148/5995/2117 2330/5993/2296 2150/5996/2119
f 2330/5993/2296 2256/5992/2222 2331/5997/2297
f 2150/5996/2119 2330/5993/2296 2152/5998/2121
f 2152/5998/2121 2330/5993/2296 2331/5997/2297
f 2152/5998/2121 2331/5997/2297 2332/5999/2298
f 2157/6000/2126 2162/6001/2131 2158/6002/2127
f 2333/6003/2299 2334/6004/2300 2332/6005/2298
f 2332/6005/2298 2334/6004/2300 2335/6006/2301
f 2335/6006/2301 2334/6004/2300 2336/6007/2302
f 2337/6008/2303 2325/6009/2291 2322/6010/2288
f 2325/6009/2291 2337/6008/2303 2338/6011/2304
f 2325/6009/2291 2338/6011/2304 2339/6012/2305
f 2325/6009/2291 2339/6012/2305 2340/6013/2306
f 2325/6009/2291 2340/6013/2306 2298/6014/2264
f 2339/6012/2305 2338/6011/2304 2341/6015/2307
f 2339/6012/2305 2341/6015/2307 2340/6013/2306
f 2341/6015/2307 2338/6011/2304 2342/6016/2308
f 2340/6013/2306 2341/6015/2307 2343/6017/2309
f 2343/6017/2309 2341/6015/2307 2342/6016/2308
f 2342/6018/2308 2338/6019/2304 2344/6020/2310
f 2342/6018/2308 2344/6020/2310 2345/6021/2311
f 2342/6018/2308 2345/6021/2311 2343/6022/2309
f 2345/6021/2311 2344/6020/2310 2346/6023/2312
f 2345/6021/2311 2346/6023/2312 2343/6022/2309
f 2343/6022/2309 2346/6023/2312 2340/6024/2306
f 2340/6024/2306 2346/6023/2312 2295/6025/2261
f 2340/6024/2306 2295/6025/2261 2298/6026/2264
f 2295/6025/2261 2346/6023/2312 2347/6027/2313
f 2295/6025/2261 2347/6027/2313 2190/6028/2159
f 2295/6025/2261 2190/6028/2159 2292/6029/2258
f 2295/6025/2261 2292/6029/2258 2348/6030/2314
f 2348/6030/2314 2292/6029/2258 2349/6031/2315
f 2349/6031/2315 2292/6029/2258 2293/6032/2259
f 2348/6030/2314 2349/6031/2315 2350/6033/2316
f 2322/6034/2288 2152/6035/2121 2332/6036/2298
f 2322/6034/2288 2332/6036/2298 2337/6037/2303
f 2332/6038/2298 2333/6039/2299 2337/6040/2303
f 2337/6040/2303 2333/6039/2299 2331/6041/2297
f 2337/6040/2303 2331/6041/2297 2344/6042/2310
f 2337/6040/2303 2344/6042/2310 2338/6043/2304
f 2344/6042/2310 2331/6041/2297 2256/6044/2222
f 2344/6042/2310 2256/6044/2222 2346/6045/2312
f 2346/6045/2312 2256/6044/2222 2347/6046/2313
f 2336/6047/2302 2332/6048/2298 2335/6049/2301
f 2332/6048/2298 2336/6047/2302 2331/6050/2297
f 2302/6051/2268 1854/6052/1829 2351/6053/2317
f 2351/6053/2317 1854/6052/1829 2268/6054/2234
f 2302/6051/2268 2351/6053/2317 2184/6055/2153
f 2351/6053/2317 2268/6054/2234 1986/6056/1957
f 1986/6056/1957 2268/6054/2234 2290/6057/2256
f 2351/6053/2317 1986/6056/1957 2287/6058/2253
f 2351/6053/2317 2287/6058/2253 2184/6055/2153
f 2184/6055/2153 2287/6058/2253 2186/6059/2155
f 1984/6060/1955 1983/6061/1954 1996/6062/1967
f 1984/6060/1955 1996/6062/1967 1980/6063/1951
f 1984/6060/1955 1980/6063/1951 2352/6064/2318
f 2352/6064/2318 1980/6063/1951 1991/6065/1962
f 1984/6060/1955 2352/6064/2318 2281/6066/2247
f 1984/6060/1955 2281/6066/2247 2282/6067/2248
f 2281/6066/2247 2352/6064/2318 2018/6068/1989
f 2018/6068/1989 2352/6064/2318 2299/6069/2265
f 2299/6069/2265 2352/6064/2318 1991/6065/1962
f 2299/6069/2265 1991/6065/1962 2017/6070/1988
f 2353/6071/2319 2354/6072/2320 2355/6073/2321
f 2355/6073/2321 2354/6072/2320 2356/6074/2322
f 2353/6071/2319 2355/6073/2321 2357/6075/2323
f 2355/6073/2321 2356/6074/2322 2358/6076/2324
f 2357/6075/2323 2355/6073/2321 2359/6077/2325
f 2359/6077/2325 2355/6073/2321 2358/6076/2324
f 2357/6075/2323 2359/6077/2325 2360/6078/2326
f 2360/6078/2326 2359/6077/2325 2358/6076/2324
f 2354/6079/2320 2353/6080/2319 2357/6081/2323
f 2354/6079/2320 2357/6081/2323 2356/6082/2322
f 2356/6082/2322 2357/6081/2323 2360/6083/2326
f 2295/6084/2261 2361/6085/2327 2293/6086/2259
f 2293/6086/2259 2361/6085/2327 2349/6087/2315
f 2361/6085/2327 2295/6084/2261 2348/6088/2314
f 2349/6087/2315 2361/6085/2327 2362/6089/2328
f 2362/6089/2328 2361/6085/2327 2348/6088/2314
f 2180/6090/2149 2363/6091/2329 2181/6092/2150
f 2363/6091/2329 2180/6090/2149 2364/6093/2330
f 2364/6093/2330 2180/6090/2149 2365/6094/2331
f 2364/6093/2330 2365/6094/2331 2366/6095/2332
f 2366/6095/2332 2365/6094/2331 2180/6090/2149
f 2366/6095/2332 2180/6090/2149 2182/6096/2151
f 2363/6097/2329 2256/6098/2222 2181/6099/2150
f 2256/6098/2222 2363/6097/2329 2367/6100/2333
f 2185/6101/2154 2191/6102/2160 2363/6097/2329
f 2363/6097/2329 2191/6102/2160 2367/6100/2333
f 2367/6100/2333 2191/6102/2160 2368/6103/2334
f 2368/6103/2334 2191/6102/2160 2369/6104/2335
f 2369/6104/2335 2191/6102/2160 2370/6105/2336
f 2368/6103/2334 2369/6104/2335 2371/6106/2337
f 2367/6100/2333 2368/6103/2334 2370/6107/2336
f 2372/6108/2338 2256/6098/2222 2367/6100/2333
f 2372/6108/2338 2367/6100/2333 2370/6107/2336
f 2256/6098/2222 2372/6108/2338 2347/6109/2313
f 2372/6108/2338 2370/6107/2336 2191/6110/2160
f 2347/6109/2313 2372/6108/2338 2190/6111/2159
f 2190/6111/2159 2372/6108/2338 2191/6110/2160
f 2182/6112/2151 2183/6113/2152 2185/6114/2154
f 2182/6112/2151 2185/6114/2154 2366/6115/2332
f 2366/6115/2332 2185/6114/2154 2363/6116/2329
f 2366/6115/2332 2363/6116/2329 2364/6117/2330
f 2373/6118/2339 2356/6119/2322 2360/6120/2326
f 2356/6119/2322 2373/6118/2339 2358/6121/2324
f 2358/6121/2324 2373/6118/2339 2360/6120/2326
f 2192/6122/2161 2374/6123/2340 2193/6124/2162
f 2193/6124/2162 2374/6123/2340 2195/6125/2164
f 2374/6123/2340 2192/6122/2161 2194/6126/2163
f 2195/6125/2164 2374/6123/2340 2196/6127/2165
f 2196/6127/2165 2374/6123/2340 2194/6126/2163
f 2362/6128/2328 2350/6129/2316 2349/6130/2315
f 2350/6129/2316 2362/6128/2328 2348/6131/2314
f 2190/6132/2159 2187/6133/2156 2188/6134/2157
f 2189/6135/2158 2188/6136/2157 2190/6137/2159
f 2370/6138/2336 2375/6139/2341 2369/6140/2335
f 2369/6140/2335 2375/6139/2341 2371/6141/2337
f 2375/6139/2341 2370/6138/2336 2368/6142/2334
f 2375/6139/2341 2368/6142/2334 2371/6141/2337
f 689/6143/686 687/6144/684 686/6145/683
f 687/6144/684 689/6143/686 721/6146/717
f 112/6147/112 343/6148/341 111/6149/111
f 543/6150/541 542/6151/540 707/6152/704
f 743/6153/739 697/6154/694 735/6155/731
f 908/6156/903 867/2221/862 882/2218/877
f 956/6157/951 959/6158/954 973/6159/968
f 956/6157/951 973/6159/968 957/6160/952
f 957/6161/952 973/6162/968 955/6163/950
f 1027/6164/1021 861/6165/856 966/6166/961
f 2103/6167/2073 1137/6168/1129 1139/6169/1131
f 2103/6167/2073 1139/6169/1131 2105/6170/2075
f 2105/6171/2075 1139/6172/1131 2102/6173/2072
f 2105/6171/2075 2102/6173/2072 2104/6174/2074
f 2112/6175/2082 2098/6176/2068 1205/6177/1196
f 1379/6178/1369 1375/6179/1365 1374/6180/1364
f 1524/6181/1512 1392/6182/1382 1394/6183/1384
f 1393/6184/1383 1524/6185/1512 1394/6186/1384
f 1417/6187/1407 1418/6188/1408 1415/6189/1405
f 2333/6190/2299 2334/6191/2300 2336/6192/2302
f 2333/6190/2299 2336/6192/2302 2331/6193/2297
f 769/6194/765 658/6195/655 588/6196/585
f 1373/6197/1363 1372/6198/1362 1759/6199/1742
f 1350/6200/1340 1373/6201/1363 1759/6202/1742
f 1416/6203/1406 1417/6204/1407 1415/6205/1405
f 1523/6206/1511 1534/6207/1522 1540/6208/1528
f 1523/6206/1511 1540/6208/1528 1533/6209/1521
f 1523/6206/1511 1533/6209/1521 1514/6210/1502
f 1523/6206/1511 1514/6210/1502 1521/6211/1509
f 1829/6212/1808 1824/6213/1803 1851/6214/1826
f 1829/6215/1808 1851/6216/1826 2262/6217/2228
f 2265/6218/2231 2279/6219/2245 2305/6220/2271
f 2265/6218/2231 2305/6220/2271 2019/6221/1990
